id,name,address,city,state,lat,lon,price_per_gallon
10058,CITGO,US-431/SR-1 & SR-27,Abbeville,AL,31.55036,-85.26816,3.399
71578,RACETRAC #2595,I-65 EXIT 284,Alabaster,AL,33.229429,-86.813851,2.999
64581,SNEAD SHELL,US-278 & SR-75,Altoona,AL,34.09726,-86.239843,3.109
68282,SUNSTOP #612,US-84,Andalusia,AL,31.26427,-86.505956,3.4857
60084,SUNSTOP #625,US-84,Ashford,AL,31.169333,-85.284857,3.599
68476,CREEK TRAVEL PLAZA,"I-65, EXIT 54",Atmore,AL,31.039123,-87.472886,3.1357
66472,DIAMOND #21,"I-65, EXIT 54",Atmore,AL,31.081134,-87.509654,3.259
66648,CHEVRON,"I-20, EXIT 113",Bessemer,AL,33.407342,-86.923659,3.099
1621,CIRCLE K #2709337,"I-65, EXIT 262B",Birmingham,AL,33.486899,-86.819642,3.489
66399,CIRCLE K #2723672,"I-59/I-20, EXIT 128",Birmingham,AL,33.511433,-86.82722,3.699
66036,FLYING J TRAVEL PLAZA #602,"I-65, EXIT 264",Birmingham,AL,33.512066,-86.786531,3.559
4533,SPEEDWAY #1449,"I-65, EXIT 262B",Birmingham,AL,33.531354,-86.840047,2.9757
63828,CIRCLE K #2723654,US-431,Boaz,AL,34.120621,-86.173048,3.519
66640,Kent Kwik #928,US-82/SR-6 & SR-5/SR-25,Brent,AL,32.974115,-87.248195,3.099
64706,CIRCLE K #2721571,"I-65, EXIT 69",Brewton,AL,31.100179,-87.064207,3.399
67965,DIAMOND #7,"I-65, EXIT 69",Brewton,AL,31.164891,-87.129318,3.399
64545,HOBO PANTRY #24,US-231 & SR-10,Brundidge,AL,31.688653,-85.832774,3.599
63829,CALERA CHEVRON,SR-25,Calera,AL,33.098778,-86.738616,3.199
71628,QUIKTRIP #7171,I-65 EXIT 231,Calera,AL,33.104322,-86.716334,2.999
64546,GRUB MART #13,"I-59, EXIT 205 & US-411/SR-25/SR-68",Centre,AL,34.135557,-85.569363,3.349
66846,CIRCLE K #2723664,US-280,Childersburg,AL,33.241268,-86.348968,3.899
4927,CIRCLE K #2704886,"I-65, EXIT 205 & US-31/SR-22",Clanton,AL,32.800963,-86.647123,3.2073
64592,LOVES TRAVEL STOP #368,"I-65, EXIT 208 & CR-28",Clanton,AL,32.856952,-86.662583,3.3373
64092,ONE9 #4555,"I-20/I-59, EXIT 77",Cottondale,AL,33.149296,-87.347355,2.9323
71523,QUIKTRIP #7170,I-59 EXIT 77,Cottondale,AL,33.184991,-87.362907,2.9157
588,TA TUSCALOOSA TRAVEL CENTER,"I-20/I-59, EXIT 77",Cottondale,AL,33.181161,-87.369627,2.964
66410,SIBLEY FOOD FUEL,US-72/SR-20 & CR-150,Courtland,AL,34.679336,-87.315161,3.399
72563,RACEWAY #6991,I-65 Exit 19 & US-43,Creola,AL,30.876058,-87.996397,2.949
6701,JACKS TRUCK STOP,"I-65, EXIT 304 & SR-69",Cullman,AL,34.163486,-86.841457,3.999
69153,Pilot Travel Center #1550,"I-65, EXIT 304 & SR-69/CR-437",Cullman,AL,34.166619,-86.844069,3.859
7492,Mobil dba One9 #1365,"I-85, EXIT 70",Cusseta,AL,32.822319,-85.297531,2.999
67804,SUNSTOP #616,US-84/SR-134 & CR-1,Daleville,AL,31.275963,-85.720415,3.399
60106,SUNSTOP #619,US-84,Daleville,AL,31.241202,-85.739625,3.399
70122,Circle K #2709301,SR-67,Decatur,AL,34.625081,-87.028022,3.899
70420,Circle K #2709302,SR-67,Decatur,AL,34.565044,-87.014863,3.5073
63523,PILOT TRAVEL CENTER #441,"I-65, EXIT 334",Decatur,AL,34.58803,-86.983049,3.859
71631,RACEWAY #6891,SR-20 & SR-67,Decatur,AL,34.568377,-86.955006,3.099
71056,SPEEDWAY #1044,US-72 & SR-20,Decatur,AL,34.592609,-86.966584,3.4257
72647,RACEWAY #6972,US-83 & US-43,Demopolis,AL,32.486238,-87.824182,3.0773
66845,CIRCLE K #2723643,SR-431,Dothan,AL,31.153319,-85.33925,3.5823
67040,FLYING J TRAVEL PLAZA #603,US-431/SR-210 & US-231/SR-1,Dothan,AL,31.170075,-85.351213,3.999
3096,HOBO PANTRY #6,US-431/SR-210,Dothan,AL,31.1302,-85.3486,3.959
72885,RACEWAY #6960,US-431 & Westgate PKWY,Dothan,AL,31.146704,-85.40011,3.199
64712,SUNSTOP #650,US-431 & SR-210,Dothan,AL,31.146924,-85.3768,3.4123
72219,QUICK FILL,US-78/SR-4,Eastaboga,AL,33.596834,-85.949755,3.099
64713,GOOD TO GO,"I-65, EXIT 200",Enterprise,AL,31.324377,-85.826337,3.599
60114,SUNSTOP #606,US-84/SR-167,Enterprise,AL,31.359407,-85.804572,3.699
70581,LOVES TRAVEL STOP #773,"SR-14 & I-59/20, EXIT 40",Eutaw,AL,32.919262,-87.948839,3.1373
66780,DIAMOND #20,"I-65, EXIT 93 & SR-84",Evergreen,AL,31.445736,-86.930291,3.399
67325,LOVES TRAVEL STOP #225,"I-65, EXIT 93 & US-84",Evergreen,AL,31.459757,-86.899481,3.339
64554,FACKLER TEXACO TRUCK STOP,US-72 & CR-42,Fackler,AL,34.822995,-85.961286,3.199
52426,J MART #322,"I-65, EXIT 322",Falkville,AL,34.315932,-86.907187,3.199
67127,LOVES TRAVEL STOP #381,"I-65, EXIT 322 & CR-55",Falkville,AL,34.347482,-86.90283,3.849
72945,CIRCLE K #2707057,SR-59 & CR-12,Foley,AL,30.378742,-87.722308,3.0923
72680,RACEWAY #6990,US-98,Foley,AL,30.403284,-87.676237,3.0757
66407,CIRCLE K #2723668,SR-35,Fort Payne,AL,34.412247,-85.694821,3.649
71111,MAPCO #5167,"I-59, EXIT 21B & SR-35",Fort Payne,AL,34.419878,-85.678985,3.479
66273,PETRO STOPPING CENTER,"I-59, EXIT 181 & US-77",Gadsden,AL,34.045967,-85.952988,3.999
72309,Racetrac #2608,"I-59, EXIT 181 & SR-77",Gadsden,AL,34.078996,-85.941087,2.999
71095,HOBO PANTRY #29,US-84/SR-12 & SR-95,Gordon,AL,31.09055,-85.128313,3.659
6154,TA MOBILE TRAVEL CENTER,"I-10,  EXIT 4",Grand Bay,AL,30.538268,-88.31069,3.1357
71623,Circle K #2706637,US-43,Grove Hill,AL,31.698335,-87.793854,3.719
71199,LOVES TRAVEL STOP #814,"I-22, EXIT 14 & CR-35",Hamilton,AL,34.12062,-87.992122,3.5557
52365,MOORES SUPER STORE,US-43/US-278/SR-171,Hamilton,AL,34.164144,-87.981738,3.799
66900,DODGE CITY PETRO #397,"I-65, EXIT 299 & SR-69",Hanceville,AL,34.06842,-86.764381,3.919
67344,DODGE CITY SHELL,"I-65, EXIT 299",Hanceville,AL,34.066219,-86.747735,3.9523
67718,SUNSTOP #622,SR-52 & SR-167,Hartford,AL,31.114188,-85.746165,3.599
60136,HOBO PANTRY #18,US-431,Headland,AL,31.384164,-85.332853,3.599
6182,Exxon,"I-20, EXIT 205 & SR-46",Heflin,AL,33.575933,-85.618567,3.0157
71490,LOVES TRAVEL STOP #818,"I-20, EXIT 205 & SR-46",Heflin,AL,33.632544,-85.617818,3.2073
66897,FLYING J TRAVEL PLAZA #604,"I-65, EXIT 158",Hope Hull,AL,32.244789,-86.426124,3.309
70100,LOVES TRAVEL STOP #718,"I-65, EXIT 158",Hope Hull,AL,32.252029,-86.430956,3.2657
70858,SPEEDWAY #1012,"I-65, EXIT 158 & CR-6",Hope Hull,AL,32.214389,-86.427531,3.0523
4311,Saveway Truck Plaza,"I-65, EXIT 164 & US-31",Hope Hull,AL,32.241967,-86.415998,3.139
69632,Circle K #2709300,US-72/SR-2,Huntsville,AL,34.738114,-86.578274,2.9773
66673,MARATHON,SR-72,Huntsville,AL,34.688853,-86.570913,2.979
72477,Racetrac #2618,US-231 & CR-8,Huntsville,AL,34.701967,-86.574957,2.9507
72478,Racetrac #2621,SR-53,Huntsville,AL,34.715566,-86.533971,3.099
72721,Racetrac #2625,SR 72 E & SHIELDS RD,Huntsville,AL,34.721536,-86.604064,2.9773
71259,LOVES TRAVEL STOP #846,I-10 EXIT 10,Irvington,AL,30.451506,-88.230281,3.1657
71833,Circle K #2706636,US HWY 43,Jackson,AL,31.493022,-87.885177,3.899
3167,JASPER FOOD MART,US-78,Jasper,AL,33.836944,-87.298815,3.229
68359,LOVES TRAVEL STOP #466,"I-78, EXIT 65",Jasper,AL,33.850335,-87.272453,3.5557
69930,CONCORDE TRAVEL CENTER,"I-65, EXIT 219 & CR-42",Jemison,AL,33.018801,-86.695845,3.299
67848,JEMISON EXXON,"I-65, EXIT 219 & CR-42",Jemison,AL,32.968008,-86.739532,3.299
2982,CIRCLE K #2723726,"I-59/I-20, EXIT 52 & US-11/US-43/SR-7",Knoxville,AL,32.979316,-87.822503,3.089
4826,I-20 Truck Stop,"I-20, EXIT 165",Lincoln,AL,33.639482,-86.14415,2.999
69681,PILOT TRAVEL CENTER #1549,"I-20, EXIT168 & SR-77",Lincoln,AL,33.590919,-86.143989,3.109
67262,PILOT TRAVEL CENTER #497,"I-20, EXIT 165",Lincoln,AL,33.615897,-86.114942,3.109
63517,TA LINCOLN TRAVEL CENTER,"I-20, EXIT 168 & SR-77",Lincoln,AL,33.642566,-86.110889,3.084
72430,PATRIOT FUELING CENTER,SR-9,Lineville,AL,33.293332,-85.744748,3.299
52663,EXXON,"I-20/I-59, EXIT 17 & SR-28",Livingston,AL,32.558236,-88.149701,2.979
72884,CEFCO #435,"I-10, EXIT 44 & US-90",Loxley,AL,30.604177,-87.730213,3.0257
64484,LOVES TRAVEL STOP #206,"I-10, EXIT 44 & SR-59",Loxley,AL,30.600734,-87.746082,3.339
70383,SPEEDWAY #4400,I-10 & SR-59,Loxley,AL,30.60802,-87.771113,3.2823
2204,NATURAL BRIDGE SHELL,US-278 & SR-5,Lynn,AL,34.027749,-87.57569,3.6823
69931,SHELL,"I-565, EXIT 7 & CR-127",Madison,AL,34.665441,-86.848285,3.349
72981,Sprint Mart #2301,I-565 & CR-115,Madison,AL,34.648617,-86.797018,3.4923
60147,HOP-IN FOOD STORES,US-82 & SR-22,Maplesville,AL,32.772614,-86.873341,3.399
52383,FLYING J TRAVEL PLAZA #601,"I-20/I-59, EXIT 104",Mc Calla,AL,33.312217,-87.137768,3.1707
67331,LOVES TRAVEL STOP #227,"I-20 /I-59, EXIT 100 & SR-216",Mc Calla,AL,33.264645,-87.071635,3.159
912,PETRO STOPPING CENTER #319,"I-20/59,  EXIT 100",Mc Calla,AL,33.274062,-87.12978,3.1257
71329,SPEEDWAY #1439,I-20 Exit 100,Mc Calla,AL,33.282373,-87.128952,2.9023
66470,CIRCLE K #9068,"I-65, EXIT 181",Millbrook,AL,32.468006,-86.364329,3.2157
64569,LOVES TRAVEL STOP #624,"I-65, EXIT 8B",Mobile,AL,30.730532,-88.078617,3.2057
52262,CIRCLE K #2721577,US-84 & SR-21,Monroeville,AL,31.535127,-87.357357,3.434
72185,Circle K #2709332,US-231/SR-53,Montgomery,AL,32.394069,-86.275703,3.259
72818,QUIKTRIP #7174,"I-65, EXIT 168",Montgomery,AL,32.348379,-86.273518,2.999
71519,SPEEDWAY #1506,US-231 & SR-271,Montgomery,AL,32.353375,-86.258909,3.0423
7635,TA MONTGOMERY TRAVEL CENTER,"I-65, EXIT 168 & US-80/US-82/SR-6/SR-8",Montgomery,AL,32.328196,-86.218722,3.2523
69101,BROMPTON VALERO,"I-20, EXIT 147 WEST",Moody,AL,33.580985,-86.482677,3.1223
69059,LOVES TRAVEL STOP #530,"I-20, EXIT 147",Moody,AL,33.567693,-86.506427,3.1757
2889,MOULTON COWBOYS,SR-157,Moulton,AL,34.505138,-87.255101,3.099
72660,RACEWAY #6989,US-157 & COURT ST,Moulton,AL,34.514786,-87.203575,3.049
60145,OCS QUICK STOP,US-43/SR-13,Mount Vernon,AL,31.087697,-88.031318,3.699
64572,CIRCLE K #2723730,US-43/SR-13/SR-69,Northport,AL,33.269912,-87.607125,3.399
9945,CIRCLE K #2706690,"I-85/US-29, EXIT 62 & US-280/US-431/SR-38/SR-1",Opelika,AL,32.639971,-85.415965,2.999
71311,CIRCLE K #708,"I-85, EXIT 64 & US-29",Opelika,AL,32.617916,-85.390264,3.2657
71776,QUIKTRIP #7172,"I-85/US-29, EXIT 58 & SR-169",Opelika,AL,32.667641,-85.355158,2.999
71941,RACETRAC #2628,I-85 EXIT 62 & US-280,Opelika,AL,32.612418,-85.3445,2.999
66847,CIRCLE K #2723667,"I-20, EXIT 185 & SR-21",Oxford,AL,33.600031,-85.800786,2.999
71249,RACETRAC #2589,"I-20, EXIT 185",Oxford,AL,33.550164,-85.854875,2.999
69223,LOVES TRAVEL STOP #566,"US-231/CR-53, EXIT 12",Ozark,AL,31.449576,-85.629486,3.989
67798,SUNSTOP #631,SR-231/SR-53 & SR-123,Ozark,AL,31.467821,-85.666862,3.599
908,CIRCLE K #2704888,"I-65, EXIT 246 & SR-119",Pelham,AL,33.323669,-86.737658,3.4657
72591,Quiktrip #7173,"I-20, EXIT 156",Pell City,AL,33.622996,-86.321704,2.999
72302,TEXACO,SR-114 & SR-156,Pennington,AL,32.19047,-88.031729,3.1973
64578,MARATHON,US-431/SR-1,Phenix City,AL,32.525123,-84.99802,3.249
64715,CIRCLE K #2709067,US-31/SR-6,Prattville,AL,32.453882,-86.45507,3.499
5203,OASIS TRAVEL CENTER,"I-10, EXIT 53",Robertsdale,AL,30.551734,-87.613967,3.469
72086,DELT EXPRESS,SR-52,SAMSON,AL,31.111249,-86.03263,3.699
72752,QUIKTRIP #7178,I-65 EXIT 13 & SR 158,Saraland,AL,30.862813,-88.084003,2.9573
63628,PILOT TRAVEL CENTER #75,"I-65, EXIT 19 & US-43/SR-13",Satsuma,AL,30.847245,-88.089792,3.195
66671,CIRCLE K #2723686,US-72,Scottsboro,AL,34.779334,-86.122417,3.2657
68849,Circle K #2706632,US-80/SR-8 & CR-480,Selma,AL,32.448753,-87.032828,3.699
66784,Texaco #384529,US-80/SR-8 & SR-14,Selma,AL,32.431275,-87.041179,3.299
69474,LOVES TRAVEL STOP #577,"I-85, EXIT 22",Shorter,AL,32.400122,-85.917937,3.2207
46,PETRO STOPPING CENTER #348,"I-85,  EXIT 22 & CR-138",Shorter,AL,32.395591,-85.912605,3.154
70643,LOVES TRAVEL STOP #774,US-431/CR-248,Smiths Station,AL,32.554942,-85.101195,3.194
67292,LOVES TRAVEL STOP #304,"I-59, EXIT 174",Steele,AL,33.934695,-86.203003,3.989
67345,STEELE SERVICE STATION,"I-59, EXIT 174",Steele,AL,33.972055,-86.193942,3.889
1699,ALLENS FOOD MART280,US-280/US-231/SR-53/SR-38 & CR-8/CR-34,Sylacauga,AL,33.15859,-86.256969,3.799
71870,Circle K #2706479,US-280,Sylacauga,AL,33.209699,-86.249936,3.799
71622,Circle K #2706628,SR-193 & SR-163,Theodore,AL,30.521004,-88.141911,3.3923
52048,PILOT TRAVEL CENTER #302,"I-10, EXIT 13 & CR-30",Theodore,AL,30.567111,-88.183933,3.159
72877,QUIKTRIP #7177,"I-10, EXIT 15A",Theodore,AL,30.566595,-88.157397,2.8823
68468,SHELL,SR-193/SR-163 & CR-26,Theodore,AL,30.555677,-88.145254,3.039
64718,CUZZS,US-43/SR-13,Thomasville,AL,31.894513,-87.741208,3.5323
71835,CUZZS TRAVEL DEPOT,US 43 N,Thomasville,AL,31.911601,-87.775096,3.599
67824,CIRCLE K #2723641,US-231/SR-87/SR-10/SR-53 & CR-21,Troy,AL,31.797859,-85.982811,3.799
7636,PILOT TRAVEL CENTER #76,"I-20 & I-59, EXIT 76",Tuscaloosa,AL,33.214833,-87.562637,2.999
7629,ARNOLDS TRUCK STOP,US-72/SR-20/SR-157 & CR-59,Tuscumbia,AL,34.673938,-87.662851,3.169
69239,LOVES TRAVEL STOP #580,SR-20/157 & SR-133,Tuscumbia,AL,34.66763,-87.699122,3.849
3155,QUIK MART #18,US-72/SR-157,Tuscumbia,AL,34.690486,-87.69569,3.0073
72761,RACETRAC #2629,US-72/US-43 & SR-20,Tuscumbia,AL,34.666046,-87.7193,2.999
52557,SPRINT MART #40,US-72 & SR-247,Tuscumbia,AL,34.707246,-87.703312,3.189
6927,TORCH 85 TRUCK PLAZA,"I-85, EXIT 42",Tuskegee,AL,32.464235,-85.718943,3.2723
64719,CIRCLE K #2706697,"I-85, EXIT 77",Valley,AL,32.793326,-85.148392,3.399
72861,SPRINT MART #4143,"I-20, EXIT 89",Vance,AL,33.161485,-87.28185,3.059
71007,HAYDEN TRAVEL CENTER,"I-65, EXIT 284 & SR-160",Warrior,AL,33.845551,-86.807642,3.129
70700,PATRIOT FUELING CENTER,US-231/SR-9,Wetumpka,AL,32.589518,-86.250952,3.199
66785,WINFIELD TRUCK STOP,SR-129,Winfield,AL,33.895336,-87.767457,3.659
52366,ALMA TRAVEL MART,"I-40, EXIT 13 & US-71",Alma,AR,35.514484,-94.242011,3.3323
70144,LOVES TRAVEL STOP #635,"I-49, EXIT 24 & SR-282",Alma,AR,35.512338,-94.185794,3.459
67122,WORKMANS TRAVEL CENTER,"I-540, EXIT 24 & SR-282",Alma,AR,35.492355,-94.208537,3.3723
5999,PILOT TRAVEL CENTER #492,"I-30, EXIT 78 & SR-7",Arkadelphia,AR,34.095269,-93.099924,3.499
10065,ROAD MART,US-71/US-59,Ashdown,AR,33.694175,-94.123479,3.299
66879,TA EXPRESS,"I-40, EXIT 101",Atkins,AR,35.263128,-92.955162,3.3407
67425,LITTLEFIELD EXPRESS #15,"US-67, EXIT 55 & SR-258",Bald Knob,AR,35.292113,-91.583075,3.309
3221,Southern Travel Plaza,"US-67, EXIT 55 & US-64/US-167 & SR-367",Bald Knob,AR,35.329096,-91.557402,3.391
6111,HAWGS EXXON,US-167/SR-25,Batesville,AR,35.786732,-91.626244,3.359
72801,CASEYS #4388,"US-64, EXIT 29",Beebe,AR,35.068923,-91.900422,3.189
67875,EXXON TIGER MART,"US-67/US-167, EXIT 28 & US-64",Beebe,AR,35.057464,-91.94595,3.299
64679,PILOT TRAVEL CENTERS #118,I-30 EXIT 121,Benton,AR,34.620106,-92.602583,3.199
67849,KUM & GO #0379,US-412/ US-63 & SR-25,Black Rock,AR,36.092476,-91.084874,3.199
66449,CITGO,"I-55, EXIT 67",Blytheville,AR,35.939607,-89.921302,3.389
69786,LOVES TRAVEL STOP #671,"I-55, EXIT 63 & US-61",Blytheville,AR,35.944446,-89.933009,3.4557
63854,E-Z MART #4437,US-71,Boles,AR,34.728852,-94.057021,3.299
64721,FLASH MARKET #17049,"I-40/US-63, EXIT 216 & US-49/SR-17",Brinkley,AR,34.911258,-91.184238,3.179
71830,One9 #1330,"I-40/US-63, EXIT 216 & US-49",Brinkley,AR,34.852223,-91.188017,3.199
70718,ROAD RANGER #278,"I-40, EXIT 216 & US-49",Brinkley,AR,34.862171,-91.203729,3.199
66746,CASEYS #4246,"I-30, EXIT 123",Bryant,AR,34.626401,-92.513965,3.0323
64599,PONY EXPRESS TRAVEL PLAZA #6,"US-167/US-67, EXIT16 & SR-5",Cabot,AR,34.96471,-92.069119,3.499
63836,Double Bees #109,"I-40, EXIT 183",Carlisle,AR,34.762766,-91.767472,3.139
72181,LITTLEFIELD EXPRESS #7,US-167,Cave City,AR,35.974605,-91.532713,3.349
64600,Caseys #4552,"I-40, EXIT 57",Clarksville,AR,35.487667,-93.46942,3.244
71661,Loves Travel Stop #822,"I-40,  Exit 57 & S Crawford St",Clarksville,AR,35.476802,-93.511105,3.3923
62097,FLASH MARKET #17046,US-65/SR-9,Clinton,AR,35.609701,-92.437568,3.239
68469,8 MILE STORE,"US-64/I-40, EXIT 127",Conway,AR,35.048349,-92.388499,3.399
936,CASEYS #4254,"I-40, EXIT 129",Conway,AR,35.1109,-92.407317,3.0323
70421,CASEYS #3581,US-62/US-67,Corning,AR,36.430465,-90.556015,3.2823
64723,CASHS #4470,US-65,Dumas,AR,33.85761,-91.513698,3.209
3264,TA WEST MEMPHIS TRAVEL CENTER,"I-40/US-63, EXIT 260 & SR-149",Earle,AR,35.308087,-90.421553,3.3673
52052,EXPRESSWAY MOBIL,US-63 & US-167,El Dorado,AR,33.177239,-92.634288,3.599
4006,MISSILE MART #1,US-167 & SR-7,El Dorado,AR,33.215072,-92.701191,3.499
66392,MISSILE MART #10,"I-40, EXIT 161",El Dorado,AR,33.173737,-92.666129,3.499
64724,TOBOS TRAVEL CENTER,"I-540, EXIT 58",Fayetteville,AR,36.035654,-94.172332,3.349
71518,SPEEDWAY/7Fleet #9305,SR-18 & SR-1,Forrest City,AR,35.015075,-90.797881,3.174
28,LITTLEFIELD EXPRESS #2,"I-540, EXIT 12 & US-71",Fort Smith,AR,35.396674,-94.444045,3.399
60635,EXXON ON THE RUN,US-62/US-412 & SR-126,Gassville,AR,36.299928,-92.47427,3.695
63642,COLTS QUICK DRAW,"I-40, EXIT 125 & US-65/SR-25",Greenbrier,AR,35.267598,-92.335783,3.3073
5554,Southfork TRUCK STOP,"I-30, EXIT 63 & SR-53",Gurdon,AR,33.878838,-93.161226,3.459
68007,Highland oil,US-412,Hardy,AR,36.326989,-91.426654,3.269
68277,WHITE OAK STATION #15,US-65,Harrison,AR,36.209647,-93.132748,3.599
70493,LOVES TRAVEL STOP #759,US-63/SR-11,Hazen,AR,34.818529,-91.547259,3.2257
66428,SHELL,US-167,Hensley,AR,34.484225,-92.306345,3.589
68009,CIRCLE K #2741779,"US-270, EXIT 2",Hot Springs National Park,AR,34.487432,-92.976318,3.369
64610,KINGS RIVER COUNTRY STORE,US-412,Huntsville,AR,36.105991,-93.689331,3.2657
71211,KUM & GO #0138,US-67,Jacksonville,AR,34.954201,-92.179014,3.099
69483,LOVES TRAVEL STOP #607,"US-63, EXIT 40 & SR-463",Jonesboro,AR,35.859231,-90.719651,3.439
71713,Pilot Dealer #1383,"I-555, Exit 39",Jonesboro,AR,35.8138,-90.712877,3.439
66376,SUBS AND GRUBS,"I-63, EXIT 39",Jonesboro,AR,35.793265,-90.660168,3.389
72990,TA Express Jonesboro,I-555 EXIT 39,Jonesboro,AR,35.850595,-90.678902,3.3923
72626,MFA OIL,SR-18,Lake City,AR,35.808175,-90.453215,3.399
70495,LOVES TRAVEL STOP #689,US-65 & US-82,Lake Village,AR,33.296264,-91.246728,3.269
66349,CIRCLE K #2741796,"I-40, EXIT 5",Little Rock,AR,34.774187,-92.331176,3.3657
67818,LOVES TRAVEL STOP #457,"I-30/US-67/US-70, EXIT 128",Little Rock,AR,34.756108,-92.302891,3.2423
71379,QUIKTRIP #7211,"I-30/US-67/US-70, EXIT 128",Little Rock,AR,34.715435,-92.33088,3.049
66786,Circle K #2741791,"I-40, EXIT 175 & SR-31",Lonoke,AR,34.761786,-91.885604,3.139
70179,WORKMANS TRAVEL CENTER,"I-49, EXIT 78 & SR-264",Lowell,AR,36.260899,-94.167633,3.4023
63841,MAGNOLIA TRAVEL CENTER,US-82 & US-371,Magnolia,AR,33.289594,-93.22158,3.599
68434,Circle K #2741789,"I-30, EXIT 98 & US-270",Malvern,AR,34.347387,-92.799607,3.439
6864,JJS TRUCK STOP,"I-30, EXIT 106",Malvern,AR,34.319899,-92.836136,3.3157
70620,LOVES TRAVEL STOP #779,I-30 EXIT 97,Malvern,AR,34.368449,-92.857869,3.499
6309,WINNERS CIRCLE #1,"I-30 & US-270, EXIT 98A",Malvern,AR,34.346432,-92.81997,3.3523
63846,71 EXPRESS,US-71,Mansfield,AR,35.041721,-94.222095,3.3323
63313,MARION TRAVEL CENTER,I-55 EXIT 14,Marion,AR,35.225043,-90.230279,3.199
68890,Circle K #2741795,"I-430, EXIT 12 & SR-100",Maumelle,AR,34.825125,-92.430168,3.1857
559,SHELL MORGAN ROAD TRUCK STOP,"I-40, EXIT 142",Maumelle,AR,34.88662,-92.371791,3.2073
68008,FAST LANE #3,US-64 & US-49,Mc Crory,AR,35.266716,-91.146562,3.399
52401,LOVES TRAVEL STOP #267,"I-40, EXIT 107 & SR-95",Morrilton,AR,35.17104,-92.712761,3.3607
63803,KOUNTRY XPRESS,"I-40, EXIT 20",Mulberry,AR,35.516149,-93.989931,3.2723
3759,EXXON,US-67 & SR-18,Newport,AR,35.624593,-91.221877,4.1323
72959,JORDANS #75,US-67,Newport,AR,35.559372,-91.240954,3.299
69049,CIRCLE K #2741787,"I-440, EXIT 7 & US-165",North Little Rock,AR,34.73888,-92.274253,3.369
52601,LOVES TRAVEL STOP #236,"I-40, EXIT 161 & SR-391",North Little Rock,AR,34.748982,-92.291921,3.2207
6755,PETRO STOPPING CENTER #326,"I-40, EXIT 161 & SR-391",North Little Rock,AR,34.748477,-92.29315,3.2073
52458,PILOT TRAVEL CENTER #332,"I-40, EXIT 161 & SR-391",North Little Rock,AR,34.802926,-92.297386,3.237
71391,QUIKTRIP #7210,I-40 EXIT 142,North Little Rock,AR,34.742495,-92.262463,3.049
2209,Roadrunner #471,"I-40/US-65, EXIT 142 & SR-365",North Little Rock,AR,34.801885,-92.264682,3.0323
3316,TRUCKOMAT OF N LITTLE ROCK,"I-40, EXIT 161 & SR-391",North Little Rock,AR,34.800274,-92.223106,3.249
72610,JORDANS KWIK STOP #6,I-55 Exit 48 & SR-140,Osceola,AR,35.704816,-89.990989,3.0123
64617,SHELL,"I-55, EXIT 48",Osceola,AR,35.699726,-89.965285,2.999
52558,LOVES TRAVEL STOP #271,"I-40, EXIT 37 & US-219",Ozark,AR,35.521563,-93.813088,3.3923
68369,WORKMANS TRAVEL CENTER,"I-40 EXIT, 35 & SR-23",Ozark,AR,35.563242,-93.85007,3.2973
71945,DK #13904,I-40 EXIT 233 & SR-261,Palestine,AR,34.962403,-90.874457,3.0157
52685,LOVES TRAVEL STOP #275,"I-40/US-63, EXIT 233 & SR-261",Palestine,AR,34.937551,-90.885273,3.3157
70096,LOVES TRAVEL STOP #661,US-65 & SR-81,Pine Bluff,AR,34.23518,-92.012714,3.319
72157,JORDANS KWIK STOP #52,US-67 & SR-304,Pocahontas,AR,36.317951,-91.036772,3.3123
72156,JORDANS KWIK STOP #5,US-412,Portia,AR,36.08394,-91.09641,3.3757
63690,LOVES TRAVEL STOP #277,"I-30, EXIT 46",Prescott,AR,33.788108,-93.40558,3.4757
72667,LOVES TRAVEL STOP #884,"I-30, Exit 46",Prescott,AR,33.76822,-93.344292,3.4757
67371,PARAMOUNT TRAVEL PLAZA,"I-30, EXIT 46 & SR-19",Prescott,AR,33.834357,-93.351161,3.379
66037,TA PRESCOTT TRAVEL CENTER,"I-30, EXIT 44",Prescott,AR,33.817214,-93.349398,3.5023
71213,KUM & GO #0429,US-62,Rogers,AR,36.304502,-94.122965,3.009
70752,CASEYS #3755,SR-7/SR-27,Russellville,AR,35.300698,-93.14025,3.419
52465,FLYING J TRAVEL PLAZA #605,"I-40, EXIT 84",Russellville,AR,35.260254,-93.126395,3.369
4035,PILOT TRAVEL CENTER #430,"I-40,  EXIT 84",Russellville,AR,35.249689,-93.110287,3.375
69152,LOVES TRAVEL STOP #557,"US-64/167, EXIT 44 & SR-367",Searcy,AR,35.26116,-91.723055,3.3623
71965,CIRCLE K #2709989,US-167 & CR-405,Sheridan,AR,34.304872,-92.335275,3.599
68480,KUM & GO #0414,US-212/SR-265,Springdale,AR,36.180827,-94.187282,3.1423
71212,KUM & GO #0426,BUS-71,Springdale,AR,36.145102,-94.140972,3.149
52683,PILOT TRAVEL CENTERS #145,"I-40/US-71/US-62, EXIT 72 AND US-412",Springdale,AR,36.220903,-94.198528,3.459
66683,SUPERSTOP Shell,"I-40, EXIT 192",Stuttgart,AR,34.496072,-91.519869,3.4157
63848,CIRCLE K #2706345,"I-30, EXIT 2",Texarkana,AR,33.407856,-93.9036,3.479
71944,DK #13903,SR-108,Texarkana,AR,33.425476,-93.894351,3.0407
67823,FLASH MARKET #17032,"I-555/US-63, EXIT 29 & SR-69",Trumann,AR,35.598633,-90.544953,3.4073
67892,TURRELL FUEL STOP,"I-55, EXIT 21",Turrell,AR,35.325299,-90.325706,3.4657
72008,CASHS #4469,US-278 & US-63,Warren,AR,33.605175,-92.080091,3.499
3737,JORDAN'S KWIK STOP #70,US-49,West Helena,AR,34.545983,-90.640674,3.399
10077,FLYING J TRAVEL PLAZA #607,"I-55, EXIT 4 & I-40, EXIT 280",West Memphis,AR,35.188392,-90.173507,3.1507
253,LOVES TRAVEL STOP #450,"I-40, EXIT 280 & I-55, EXIT 4",West Memphis,AR,35.109318,-90.160242,3.3257
195,PETRO STOPPING CENTER #311,"I-40 & I-55, EXIT 280",West Memphis,AR,35.178509,-90.192726,3.3673
906,PILOT TRAVEL CENTER #429,"I-40, EXIT 280",West Memphis,AR,35.129616,-90.143239,3.291
72503,QUIKTRIP #7151,I-55/40 EXIT 278 & SR-191,West Memphis,AR,35.185535,-90.213705,2.999
66348,PIT STOP,I-40 EXIT 221,Wheatley,AR,34.915946,-91.109262,2.999
67676,VALERO,"I-530/US-65, EXIT 34 & SR-365",White Hall,AR,34.280854,-92.084316,3.1657
73013,247 TRUCK STOP,I-40 EXIT 247,Widener,AR,35.041598,-90.61701,2.999
71413,Flyers #3216,"US 60, Exit 194",Apache Junction,AZ,33.313643,-111.348923,3.4223
72724,ONE9 #484,I-40 EXIT 146,Ash Fork,AZ,35.211647,-112.53628,3.329
66022,PILOT TRAVEL CENTER #459,"I-10, EXIT 133",Avondale,AZ,33.457495,-112.326768,3.587
63850,PILOT TRAVEL CENTER #180,"I-40, EXIT 185",Bellemont,AZ,35.264769,-111.871704,3.609
63855,LOVES TRAVEL STOP #460,"I-10, EXIT 302",Benson,AZ,31.96119,-110.283737,3.279
72499,Bowie Travel Center Chevron dba One9 #1411,I-10,Bowie,AZ,32.358522,-109.483577,3.014
67393,LOVES TRAVEL STOP #280,"I-10, EXIT 114",Buckeye,AZ,33.395919,-112.557848,3.569
68874,QUIKTRIP #492,"I-10, EXIT 114 & SR-85",Buckeye,AZ,33.36089,-112.609435,3.369
68268,SPEED SMART,"I-10, EXIT 114",Buckeye,AZ,33.394854,-112.575252,3.3723
71412,FLYERS #3215,SR 87,Chandler,AZ,33.30434,-111.891966,3.3523
71411,Flyers #3214,"I-10, Exit 161C",Chandler,AZ,33.294367,-111.846727,3.3523
66858,LOVES TRAVEL STOP #328,"I-10, EXIT 162",Chandler,AZ,33.307872,-111.828347,3.469
73079,PILOT #1433,I-10 EXIT 160,Chandler,AZ,33.360558,-111.82396,3.499
72112,Flyers #3219,US-60,Claypool,AZ,33.419312,-110.80184,3.849
71271,MAVERIK COUNTRY STORE #672,SR-69,Dewey,AZ,34.565492,-112.21728,3.219
6351,FLYING J TRAVEL PLAZA #608,"I-10, EXIT 1",Ehrenberg,AZ,33.617292,-114.477113,3.959
66400,PWI #640,"I-10/US-95, EXIT 5",Ehrenberg,AZ,33.633371,-114.475983,3.359
9941,FLYING J TRAVEL PLAZA #609,"I-10, EXIT 208-A",Eloy,AZ,32.725656,-111.572062,3.4523
63732,LOVES TRAVEL STOP #265,"I-10, EXIT 200",Eloy,AZ,32.721157,-111.570862,3.434
71123,ONE9 XPRESS FUEL #1264,"I-10, EXIT 203",Eloy,AZ,32.752572,-111.556817,3.139
5414,One9 #1216,"I-10 ,EXIT 200 & SR-84",Eloy,AZ,32.7309,-111.572006,3.199
121,PETRO STOPPING CENTER #306,"I-10, EXIT 200",Eloy,AZ,32.779837,-111.577112,3.474
64681,PILOT TRAVEL CENTER #458,"I-10, EXIT 208",Eloy,AZ,32.720966,-111.604686,3.439
567,TA ELOY TRAVEL CENTER,"I-10 & I-8, EXIT 203",Eloy,AZ,32.749751,-111.6062,3.459
63802,CARTERS TRAVEL CENTER,"I-40, EXIT 201N",Flagstaff,AZ,35.174132,-111.632582,3.689
71890,Carter Flagstaff Cardlock (Bulk Plant),I-40 Exit 198,Flagstaff,AZ,35.175902,-111.693885,3.689
6593,LITTLE AMERICA TRAVEL CENTER,"I-40, EXIT 198",Flagstaff,AZ,35.192111,-111.644288,3.539
71250,NAVAJO BLUE TRAVEL CENTER,I-40 EXIT 219,Flagstaff,AZ,35.223915,-111.670212,3.609
63565,LOVES TRAVEL STOP #296,"I-8, EXIT 115 & SR-85",Gila Bend,AZ,32.893185,-112.721678,3.889
20,PILOT TRAVEL CENTER #1243,"I-8, EXIT 119 & SR-85",Gila Bend,AZ,32.949518,-112.732664,3.899
60650,SHELL DBA ONE9 #1244,"I-8, EXIT 115",Gila Bend,AZ,32.946295,-112.778943,3.259
70677,PAC PRIDE,US-60,Glendale,AZ,33.502189,-112.181348,4.024
52236,CHEVRON,US-60,Globe,AZ,33.406672,-110.781199,4.299
7615,HOPI TRAVEL PLAZA CONOCO DBA ONE9 #1270,"I-40, EXIT 292",Holbrook,AZ,34.893659,-110.106482,3.139
72466,Holbrook Cardlock,I-40 EXIT 285,Holbrook,AZ,34.91678,-110.103613,3.2323
68979,MAVERIK COUNTRY STORE #478,"I-40, EXIT 286 & SR-77",Holbrook,AZ,34.906482,-110.135103,3.224
68814,TA HOLBROOK,"I-40/US-180, EXIT 283",Holbrook,AZ,34.898756,-110.15346,3.6557
52686,LOVES TRAVEL STOP #278,"I-40, EXIT 277",Joseph City,AZ,34.96044,-110.29871,3.6073
5060,CRAZY FREDS TRUCK SHOP,"I-40, EXIT 44 & US-66",Kingman,AZ,35.120275,-113.686155,3.539
7705,FLYING J TRAVEL PLAZA #610,"I-40, EXIT 53",Kingman,AZ,35.127767,-113.676206,3.8823
66040,LOVES TRAVEL STOP #272,"I-40 & DW (RANCH RD), EXIT 59",Kingman,AZ,35.120915,-113.706401,3.8557
1861,PETRO STOPPING CENTER #315,"I-40, EXIT 66",Kingman,AZ,35.09443,-113.731109,3.899
4169,TA KINGMAN TRAVEL CENTER,"I-40, EXIT 48 & US-93",Kingman,AZ,35.152137,-113.701213,3.899
5419,USA TRAVEL CENTER,"I-40, EXIT 48 & US-93",Kingman,AZ,35.162729,-113.698937,3.399
67243,LOVES TRAVEL STOP #386,"I-40, EXIT 9 & SR-95",Lake Havasu City,AZ,34.446782,-114.324205,3.9223
63572,PILOT TRAVEL CENTER #211,"I-40, EXIT 9 & SR-95",Lake Havasu City,AZ,34.494559,-114.314181,3.849
72796,PILOT DEALER #1399,"SR-303, EXIT 107",Litchfield Park,AZ,33.536978,-112.417437,3.584
70359,PILOT # 1185,"I-15, EXIT 9   3",Littlefield,AZ,36.908831,-113.916959,3.689
72719,TA EXPRESS LITTLEFIELD,"I-15, EXIT 8",Littlefield,AZ,36.871731,-113.933786,3.679
118,Lupton Truck Stop #567,"I-40, EXIT 359",Lupton,AZ,35.380252,-109.044218,3.299
72645,MAVERIK #723,"I-10, EXIT 240",Marana,AZ,32.377238,-111.282857,3.0457
71030,QUIKTRIP #1469,"I-10, EXIT 248 & SR-77",Marana,AZ,32.368815,-111.275814,3.0623
71047,LOVES TRAVEL STOP #722,"I-17, EXIT 262 & SR-69",Mayer,AZ,34.353659,-112.129149,3.6807
63856,PILOT TRAVEL CENTER #1175,"I-17, EXIT 262 & SR-69",Mayer,AZ,34.328635,-112.123818,3.6915
71410,Flyers #3213,"US-60, Exit 181",Mesa,AZ,33.452167,-111.876281,3.3523
70673,PAC PRIDE,SR-202,Mesa,AZ,33.437033,-111.836634,4.024
70681,PETRO STOP,US-60,Mesa,AZ,33.425914,-111.85326,4.0157
72668,LOVES TRAVEL STOP #350,"I-19, Exit 12",Nogales,AZ,31.362064,-110.911356,3.609
68798,PILOT DEALER #1179,SR-189,Nogales,AZ,31.361406,-110.964288,4.249
71642,MAVERIK COUNTRY STORE #398,HWY 89 & LAKE POWELL BLVD,Page,AZ,36.883151,-111.425019,3.4557
70714,PILOT TRAVEL CENTER #1281,US-89,Page,AZ,36.914324,-111.477917,3.999
71889,Payson Cardlock,SR 260 & SR 87,Payson,AZ,34.202211,-111.279264,3.709
71641,76,I-17,Phoenix,AZ,33.433952,-112.084946,3.2323
69912,AMPM,"I-10, EXIT 140",Phoenix,AZ,33.428321,-112.048127,3.2823
970,CIRCLE K #2702885,"I-17/SR-60, EXIT 199A",Phoenix,AZ,33.457334,-112.035021,3.3923
66424,CIRCLE K #2741652,"I-10, EXIT 139",Phoenix,AZ,33.488067,-112.111037,3.369
68016,Chevron #386730,"I-10, EXIT 139",Phoenix,AZ,33.464424,-112.078305,3.299
72947,Circle K #9556,SR-202,Phoenix,AZ,33.42592,-112.095387,3.3857
71405,FLYERS #3201,"US-60, Exit 157",Phoenix,AZ,33.438362,-112.107498,3.369
71406,FLYERS #3203,"I-10, Exit 139",Phoenix,AZ,33.466342,-112.094261,3.319
71407,FLYERS #3204,SR 202,Phoenix,AZ,33.475385,-112.062615,3.3523
63720,FLYING J TRAVEL PLAZA #611,"I-10, EXIT 137",Phoenix,AZ,33.435908,-112.080988,3.589
70313,Flyer's #3207,"SR-143, EXIT 2",Phoenix,AZ,33.438372,-112.096085,3.389
71404,Flyers #3200,"I-17, Exit 215B",Phoenix,AZ,33.471499,-112.096598,3.3523
69933,Flyers #3202,"I-17, EXIT 201",Phoenix,AZ,33.460706,-112.044398,3.369
71408,Flyers #3205,"I-17, Exit 195B",Phoenix,AZ,33.480518,-112.098713,3.3823
70676,PAC PRIDE,"I-10, EXIT 138",Phoenix,AZ,33.478474,-112.079049,4.0365
70679,PAC PRIDE,"I-10, EXIT 151",Phoenix,AZ,33.433461,-112.03921,4.024
70680,PAC PRIDE,"I-17, EXIT 215B",Phoenix,AZ,33.465408,-112.07653,4.024
70300,PILOT #1194,I-10 & US-60,Phoenix,AZ,33.457701,-112.081098,6.039
71378,QUIKTRIP #1410,"I-10, EXIT 136B & SR-202, EXIT 78A",Phoenix,AZ,33.451927,-112.035328,3.369
71429,QUIKTRIP #1432,SR 202 EXIT 76,Phoenix,AZ,33.444374,-112.063518,3.369
67417,QUIKTRIP #444,"I-10 EXIT, 139",Phoenix,AZ,33.422951,-112.043889,3.369
71779,TCI PHOENIX,"I-10, EXIT 138 & US-202, EXIT 76",Phoenix,AZ,33.4604,-112.08548,2.9223
68017,TEXACO,SR-89,Prescott,AZ,34.568111,-112.422946,3.739
69646,Arco dba One9 #1258,"I-10, EXIT 19",Quartzsite,AZ,33.6976,-114.158449,3.359
52687,LOVES TRAVEL STOP #286,"I-10, EXIT 17",Quartzsite,AZ,33.702631,-114.161674,3.949
977,PILOT TRAVEL CENTER #328,"I-10, EXIT 17",Quartzsite,AZ,33.741518,-114.231874,3.959
63636,PILOT TRAVEL CENTER #279,"I-19, EXIT 12 & SR-289",Rio Rico,AZ,31.511438,-111.115114,3.614
71603,FLYERS #3223,US-70/191,Safford,AZ,32.810864,-109.618674,3.8623
67044,PILOT TRAVEL CENTER #1212,"I-10, EXIT 45",Salome,AZ,33.771544,-113.570422,3.959
52628,Pride Travel Center dba One9 #1215,"I-10, EXIT 45",Salome,AZ,33.775238,-113.543882,3.359
70654,PILOT #1269,I-10 EXIT 378,San Simon,AZ,32.055526,-109.153289,3.309
5391,PWI #605,"I-10, EXIT 378",San Simon,AZ,32.03285,-109.172603,2.959
72475,Express 24,SR-77 & US-60,Show Low,AZ,34.286868,-110.010745,3.299
69938,MAVERIK COUNTRY STORE #388,US-60 & SR-77,Show Low,AZ,34.272251,-110.021462,3.229
73051,CIRCLE K #2709540,"I-10, EXIT 10 & SR-90",Sierra Vista,AZ,31.555902,-110.283679,3.629
72468,Springerville Cardlock,US-191,Springerville,AZ,34.204489,-109.327662,3.259
71402,FIREBIRD FUEL #6196,US-60 & SR-303,Surprise,AZ,33.667261,-112.310062,3.383
70560,PILOT DEALER #1235,"I-8, EXIT 42",Tacna,AZ,32.674646,-113.942146,3.599
70422,CIRCLE K #2741675,"I-10, EXIT 134",Tolleson,AZ,33.417187,-112.285974,3.519
69741,LOVES TRAVEL STOP #659,"I-10, EXIT 133B",Tolleson,AZ,33.443942,-112.291116,3.569
60191,PILOT #1180,"I-10, EXIT 94",Tonopah,AZ,33.451924,-112.940722,3.899
2848,TA TONOPAH TRAVEL CENTER,"I-10, EXIT 103",Tonopah,AZ,33.449677,-112.946784,3.939
71416,FLYERS #3225,"I-10, Exit 255",Tucson,AZ,32.18896,-110.938715,3.359
71417,Flyers #3227,"I-10, Exit 263A",Tucson,AZ,32.188069,-110.985805,3.3557
69995,PILOT EXPRESS #1178,"I-10, EXIT 273",Tucson,AZ,32.247766,-110.93581,3.219
68947,PILOT TRAVEL CENTER #593,"I-10, EXIT 268",Tucson,AZ,32.188967,-111.000709,3.3023
73066,QUIKTRIP #1499,I-10 EXIT 267,Tucson,AZ,32.247878,-110.957763,3.0623
71418,Quick Fuel #3228,"I-10, Exit 264",Tucson,AZ,32.229705,-110.988236,3.3623
7617,TUCSON TRUCK TERMINAL,"I-10, EXIT 268",Tucson,AZ,32.220863,-110.94922,3.2223
69052,PILOT DEALER #1193,US-93,Wikieup,AZ,34.717304,-113.634007,3.839
72574,Loves Travel Stop #831,"I-10 & Fort Grant Rd, Exit 340",Willcox,AZ,32.360308,-109.827067,3.3323
52581,TA WILLCOX TRAVEL CENTER,"I-10, EXIT 340",Willcox,AZ,32.343303,-109.830694,3.2823
7624,WILLCOX TRUCK PLAZA,"I-10, EXIT 340",Willcox,AZ,32.339155,-109.890104,3.3407
69426,LOVES TRAVEL STOP #553,"I-40 E, EXIT 163",Williams,AZ,35.56228,-112.180168,3.5957
72044,Maverik Country Store #709,I-40 Exit 163,Williams,AZ,35.58207,-112.142209,3.219
71242,LAST STOP TRAVEL CENTER,US-93,Willow Beach,AZ,35.743345,-114.462749,3.4957
70563,PILOT DEALER #1234,US-93 & CR-145,Willow Beach,AZ,35.776534,-114.535847,3.839
70916,TA Express White Hills,US-93,Willow Beach,AZ,35.793486,-114.47509,3.779
52516,FLYING J TRAVEL PLAZA #612,"I-40, EXIT 255",Winslow,AZ,35.061337,-110.718458,3.624
69799,MAVERIK COUNTRY STORE #387,"I-40, EXIT 253",Winslow,AZ,35.043195,-110.702654,3.2357
72723,ONE9 #1362,"I-40, EXIT 253",Winslow,AZ,35.0442,-110.676619,3.2257
69053,PILOT #1192,US-60,Wittmann,AZ,33.779439,-112.58728,4.899
72715,FLYING J TRAVEL PLAZA #1372,"I-40, EXIT 28",Yucca,AZ,34.871369,-114.116935,3.849
71281,Pride (One9 Fuel Network) #1213,"I-40, Exit 25",Yucca,AZ,34.867208,-114.111647,3.559
982,CIRCLE K #2701948,"I-8, EXIT 7 & SR-195",Yuma,AZ,32.714571,-114.607286,3.5657
387,Circle K #2709664,"I-8, EXIT 12",Yuma,AZ,32.695351,-114.665456,3.489
66955,LOVES TRAVEL STOP #349,"I-8, EXIT 3",Yuma,AZ,32.716335,-114.627332,3.5023
72871,Maverik #727,I-8 EXIT 3,Yuma,AZ,32.663052,-114.641523,3.179
52233,SPEEDWAY #2953,"US-80, EXIT 3",Yuma,AZ,32.68666,-114.671214,3.4657
2851,SPEEDWAY #2958,"I-8, EXIT 12",Yuma,AZ,32.737563,-114.602434,3.479
70321,PILOT TRAVEL CENTER #1132,SR-171 & SR-78,Brawley,CA,32.972365,-115.568358,4.759
66475,SPEEDWAY #4346,SR-7,Calexico,CA,32.708122,-115.464225,4.799
73078,Shelee's Travel Center,"I-10, Exit 146",Coachella,CA,33.666708,-116.151325,3.949
10085,EL CENTRO TRAVEL CENTER,"I-8, EXIT 115 & SR-86",El Centro,CA,32.788471,-115.595276,4.499
71543,THE SOCO GROUP #4,SR-111,El Centro,CA,32.78847,-115.577132,4.839
72368,CHEVRON #352416,I-8 Exit 73,Jacumba,CA,32.641989,-116.195935,6.399
67669,CHEVRON DBA ONE9 #1271,SR-86,Thermal,CA,33.539623,-116.125928,4.259
70452,LOVES TRAVEL STOP #749,SR-78,Westmorland,CA,33.066793,-115.625414,4.779
469,LOAF N JUG #750010,US-160 & SR-17,Alamosa,CO,37.468114,-105.85583,3.259
71625,MAVERIK COUNTRY STORE #679,US-160/285 & SR-17,Alamosa,CO,37.432665,-105.868611,3.349
198,SINCLAIR,"I-76, EXIT 115",Atwood,CO,40.520635,-103.283249,3.299
52646,FLYING J TRAVEL PLAZA #619,"I-70, EXIT 285",Aurora,CO,39.765343,-104.829313,3.3923
70012,MAVERIK COUNTRY STORE #549,"I-70, EXIT 283",Aurora,CO,39.755507,-104.792356,3.1857
67624,LOVES TRAVEL STOP #300,I-70 EXIT 304,Bennett,CO,39.750476,-104.437828,3.3257
72486,QUIKTRIP #4216,"I-70 & SR-79, EXIT 304",Bennett,CO,39.750435,-104.42379,3.199
70280,LOVES TRAVEL STOP #668,"I-25, EXIT 250 & SR-56",Berthoud,CO,40.26045,-105.080398,3.3907
71377,7-ELEVEN #38485,I-76 Exit 25,Brighton,CO,39.907986,-104.818802,3.599
72572,GOOD 2 GO #713 DBA ONE9 #1432,I-76 EXIT 21,Brighton,CO,39.948504,-104.750713,3.199
71214,MAVERIK #5317,"I-76, EXIT 22",Brighton,CO,39.941792,-104.814044,3.234
7553,BRUSH TRAVEL PLAZA,"I-76, EXIT 90B & SR-71",Brush,CO,40.226248,-103.593853,3.699
70104,LOVES TRAVEL STOP #649,"I-76/US-6, EXIT 89",Brush,CO,40.242877,-103.624575,4.089
66527,TA EXPRESS #648,"I-76, EXIT 90A",Brush,CO,40.269143,-103.66489,4.099
3772,Brake Time Corner Market,"I-25, EXIT 240",Burlington,CO,39.272602,-102.227561,3.499
69653,LOVES TRAVEL STOP #644,"I-70, EXIT 437 & US-385",Burlington,CO,39.342326,-102.28464,3.889
3774,SINCLAIR,"I-70, EXIT 438",Burlington,CO,39.315513,-102.22508,3.889
72648,Loves Travel Stop #873,US 50,Canon City,CO,38.435978,-105.204441,3.509
67908,CIRCLE K #2744062,"I-25, EXIT 74",Colorado City,CO,37.912974,-104.872729,3.349
3817,FAST MARKET,"I-25, EXIT 158",Colorado Springs,CO,38.805082,-104.785699,3.159
70239,GOOD 2 GO #717,"I-25, EXIT 145",Colorado Springs,CO,38.799441,-104.828995,3.479
72963,MAVERIK #5358,"I-25, Exit 145",Colorado Springs,CO,38.865786,-104.848266,3.3307
73068,MAVERIK #5369,SR 21,Colorado Springs,CO,38.848327,-104.790221,3.499
70404,MAVERIK COUNTRY STORE #602,"I-25 EXIT, 138",Colorado Springs,CO,38.837619,-104.848729,3.289
70494,7-ELEVEN #37570,I-76/US-6,Commerce City,CO,39.806675,-104.888504,3.639
63870,CIRCLE K #2744074,"I-270/US-36, EXIT 4",Commerce City,CO,39.790373,-104.930639,3.4557
1623,SAPP BROS TRAVEL CENTER,"I-70 & I-270, EXIT 278",Commerce City,CO,39.829112,-104.94023,3.389
63630,TA DENVER EAST TRAVEL CENTER,"I-70 & I-270, EXIT 278",Commerce City,CO,39.827012,-104.875443,3.3757
72791,LOVES TRAVEL STOP #850,SR-491 & RD. G,Cortez,CO,37.321959,-108.576649,3.4823
70177,MAVERIK COUNTRY STORE #497,US-160 & SR-145,Cortez,CO,37.326136,-108.613783,3.4157
69845,Maverik Country Store #5013,US-40 & SR-13,Craig,CO,40.511486,-107.577151,3.459
3781,REATTA TRAVEL STOP,"I-76, EXIT 149 & SR-55/CR-81",Crook,CO,40.852409,-102.882143,3.3823
67886,MAVERIK #5200,"I-70 BUSINESS, EXIT 25, CR-24",De Beque,CO,39.289728,-108.249774,3.4423
3783,CIRCLE K #2744095,"I-25, EXIT 215",Denver,CO,39.863908,-104.966049,3.299
72419,Denver 39th Ave Cardlock,I-70/US-36 EXIT-281,Denver,CO,39.837975,-105.024035,3.4907
72681,MAVERIK #691,I-76 EXIT 3,Denver,CO,39.810662,-104.994614,3.284
72788,MAVERIK #700,I-25 EXIT 215,Denver,CO,39.859155,-104.981511,3.289
85,DOWNIEVILLE FUEL STOP,"I-70, EXIT 234",Dumont,CO,39.78927,-105.581921,3.459
71653,MAVERIK COUNTRY STORE #701,US-160,Durango,CO,37.278068,-107.849452,3.299
69835,LOVES TRAVEL STOP #653,US-287,Eads,CO,38.40497,-102.53532,3.4757
71542,CIRCLE K #2706625,US-85,Eaton,CO,40.509837,-104.744876,3.399
72561,7-ELEVEN #38638,I-25 Exit 235,Erie,CO,40.057217,-105.099852,3.399
2644,FREDERICKS TRAVEL CENTER,"I-25/US-87, EXIT 235 & SR-52",Erie,CO,40.053711,-105.065035,3.499
748,QUIKTRIP #4231,US-85,Evans,CO,40.394035,-104.7131,3.1723
72644,MAVERIK COUNTRY STORE #642,I-25 EXIT 262,Fort Collins,CO,40.558674,-105.099765,3.259
67779,REATA PETROLEUM,I-76 & BARLOW RD,Fort Morgan,CO,40.283829,-103.834594,3.439
6734,TOMAHAWK TRUCK STOP,"I-25, EXIT 128",Fountain,CO,38.677589,-104.662667,3.299
63871,Alta Convenience Store #6317,"I-70, EXIT 19",Fruita,CO,39.138103,-108.685141,3.399
60700,PWI #502,"I-70/US-40, EXIT 259",Golden,CO,39.760012,-105.220749,3.199
70464,GOLDEN GATE PETEROLEUM 24 RD,US-6,Grand Junction,CO,39.061049,-108.518369,3.539
70655,GOLDEN GATE PETROLEUM,US-6,Grand Junction,CO,39.050703,-108.57882,3.499
69142,LOVES TRAVEL STOP #517,"I-70, EXIT 26 & US-50/6",Grand Junction,CO,39.06055,-108.534212,3.989
69151,PILOT #592,"I-70, EXIT 26 & US-50",Grand Junction,CO,39.058167,-108.530712,3.999
3138,TA EXPRESS #6264,"I-70, EXIT 26 & US-50",Grand Junction,CO,39.060927,-108.561816,4.049
72492,CIRCLE K #2709098,US 85,Greeley,CO,40.346907,-104.712255,3.2107
67067,LOVES TRAVEL STOP #377,"I-76/US-6, EXIT 31 & SR-52",Hudson,CO,40.035924,-104.670651,3.459
6640,PETRO STOPPING CENTER JOHNSTOWN,"I-25, EXIT 254",Johnstown,CO,40.297015,-104.938505,3.4273
73101,7-ELEVEN 42279,"I-76, Exit 39",Keenesburg,CO,40.131809,-104.467053,3.149
71722,MAVERIK #5392,FM-16,Keenesburg,CO,40.106512,-104.448377,3.154
70154,Stinker,"US-34, CR-56",Kersey,CO,40.383422,-104.539975,3.499
73076,MAVERIK #5148,US 40,Kremmling,CO,40.086582,-106.369525,3.679
2765,LOVES TRAVEL STOP #023,US-50 & US-287,Lamar,CO,38.104017,-102.613663,3.4623
3064,PORTS TO PLAINS TRAVEL PLAZA,US-50 & US-287,Lamar,CO,38.088201,-102.628513,3.399
70124,TA Express Lamar,US-50/385,Lamar,CO,38.072632,-102.636608,3.439
67069,FLYING J TRAVEL PLAZA #621,"I-70, EXIT 359 & US-24",Limon,CO,39.296033,-103.68923,3.874
5523,TA LIMON TRAVEL CENTER,"I-70, EXIT 359 & US-24",Limon,CO,39.290281,-103.676514,3.9207
66715,7-Eleven #34210,"I-25/US-87, EXIT 240 & SR-119",Longmont,CO,40.201458,-105.077885,3.189
6051,CIRCLE K #2709846,"I-25, EXIT 240",Longmont,CO,40.144923,-105.086346,3.0573
3386,LONGMONT TRUCK STOP,"I-25/US-87, EXIT 240 & SR-119",Longmont,CO,40.141579,-105.077209,3.239
72767,QUIKTRIP #4227,I-25 EXIT 243,Mead,CO,40.217745,-104.985307,3.1473
64764,CORNER MARKET #62,SR-13/SR-789 & SR-64,Meeker,CO,40.049742,-107.902177,3.729
71036,GOLDEN GATE PETRO,US-550,Montrose,CO,38.447246,-107.853789,3.4357
75,Good 2 Go #709,US-50,Montrose,CO,38.45502,-107.902762,3.424
71166,MAVERIK COUNTRY STORE #616,US-50,Montrose,CO,38.466277,-107.907477,3.3957
70216,PILOT #1110,I-25 & SR-105,Monument,CO,39.067566,-104.835658,3.579
72707,QUIKTRIP #4299,"I-25, EXIT 158",Monument,CO,39.067346,-104.845975,3.159
52241,Rocket,"I-25/US-85/US-87, EXIT 161 & SR-105",Monument,CO,39.115938,-104.826369,3.195
70224,GOLDEN GATE PETROLEUM,I-70 EXIT 42,Palisade,CO,39.114417,-108.382385,3.549
6886,PWI #535,"I-70, EXIT 47",Palisade,CO,39.095753,-108.333197,3.379
72566,Loves  Travel Stop #826,I-70 Exit 75,Parachute,CO,39.461126,-108.057851,3.5957
2875,CIRCLE K #2744138,"I-25, EXIT 101 & US-50/SR-47",Pueblo,CO,38.28554,-104.572679,3.399
67411,LOVES TRAVEL STOP #226,"I-25, EXIT 104",Pueblo,CO,38.268754,-104.569803,3.619
72906,Maverik #734,I-25 EXIT 94,Pueblo,CO,38.297971,-104.580379,3.289
69214,MAVERIK #5031,"I-70, EXIT 90 & US-24",Rifle,CO,39.544004,-107.809379,3.4623
1555,SEIBERT TRAVEL PLAZA,"I-70, EXIT 405 & SR-59",Seibert,CO,39.286827,-102.888188,3.499
70626,GOLDEN GATE PETROLEUM,"I-70, EXIT 97",Silt,CO,39.532972,-107.651396,3.459
64765,CENEX,"I-76, EXIT 125",Sterling,CO,40.605443,-103.259702,3.4157
60707,REATA TRAVEL STOP,"I-76, EXIT 125",Sterling,CO,40.668538,-103.225751,3.399
65329,UTE MOUNTAIN TRAVEL CENTER,US-160 & US-491,Towaoc,CO,37.179401,-108.744539,3.4573
4819,Alta Convenience #6333,"I-25, EXIT 11",Trinidad,CO,37.27855,-104.477238,3.399
71263,Loves Travel Stop # 660,"I-25, Exit 49",Walsenburg,CO,37.631416,-104.792771,4.249
60206,TA EXPRESS #649,"I-25, EXIT 52",Walsenburg,CO,37.661473,-104.806787,4.259
7551,PWI #525,"I-70, EXIT 295",Watkins,CO,39.791749,-104.552396,3.139
69250,MAVERIK #5150,"I-25, EXIT 278 & SR-1",Wellington,CO,40.716123,-105.047162,3.199
7552,TA DENVER WEST TRAVEL CENTER,"I-70, EXIT 266",Wheat Ridge,CO,39.77204,-105.132475,3.4157
62211,STUBS GAS AND OIL,"I-76, EXIT 66",Wiggins,CO,40.173388,-104.059736,3.559
71215,MAVERIK #5319,SR-392 & SR-257,Windsor,CO,40.467817,-104.921,3.159
60708,CRVS STORE #6,US-385,Wray,CO,40.094566,-102.411446,3.449
68002,CO RETAIL VENTURE DB,US-34 & SR-59,Yuma,CO,40.131682,-102.723542,3.449
7543,TA NEW HAVEN TRAVEL CENTER,"I-95, EXIT 56",Branford,CT,41.285269,-72.781963,5.069
72192,MASSEY FUEL,"I-95, EXIT 30",Bridgeport,CT,41.127862,-73.235417,3.399
71011,Global,"I-84 E, EXIT 2 & US-6 E",Danbury,CT,41.355269,-73.418775,3.459
71012,ALLTOWN MARKETS #838,"I-95 N, EXIT 12",Darien,CT,41.10975,-73.523257,3.8323
68995,ALLTOWN MARKETS #839,"I-95, EXIT 10",Darien,CT,41.085842,-73.460501,3.8323
71567,PRIDE CONVENIENCE STORE,"I-91, EXIT 40 & SR-20",East Granby,CT,41.947319,-72.766372,3.649
72690,Noble East Lyme,"I-95, EXIT 75",East Lyme,CT,41.340437,-72.271404,3.759
72764,CUMBERLAND FARMS #004783,US-5,East Windsor,CT,41.912247,-72.604816,4.049
72075,CITGO SAMS FOOD STORE,"US-5, Exit 87",Hartford,CT,41.772407,-72.646147,3.499
71201,PRIDE TRAVEL CENTER,I-91 EXIT 33,Hartford,CT,41.784332,-72.664705,3.509
70871,ALLTOWN MARKETS #835,"I-95, EXIT 62",Madison,CT,41.344249,-72.581518,4.239
68825,ALLTOWN MARKETS #832,"I-95, EXIT 40",Milford,CT,41.241149,-73.025072,3.599
68716,ALLTOWN MARKETS #833,I-95 EXIT 41,Milford,CT,41.200746,-73.079348,3.599
7545,CITGO,"I-95, EXIT 40",Milford,CT,41.185129,-73.052647,3.399
63800,PILOT TRAVEL CENTER #255,"I-95, EXIT 40",Milford,CT,41.218833,-73.064794,4.299
52155,TA SOUTHINGTON TRAVEL CENTER,"I-84, EXIT 28 & US-65",Milldale,CT,41.583695,-72.881554,5.199
71112,BERKSHIRE ENERGY,"I-91, EXIT 8 & SR-80",New Haven,CT,41.347304,-72.907922,3.549
60208,BERKSHIRE PETROLEUM,"I-91, EXIT 9",North Haven,CT,41.348097,-72.830839,3.549
7546,SHELL DBA PILOT DEALER #882,"I-95, EXIT 93 & SR-216",North Stonington,CT,41.416504,-71.895787,4.299
64674,ZANCO SHELL,"I-395, EXIT 87",Plainfield,CT,41.667212,-71.954842,4.399
72576,Pride Travel Center South,"I-291 & SR-5, EXIT 4",South Windsor,CT,41.810152,-72.546069,3.909
68005,WESSON,"I-84, EXIT 22, SR-8, EXIT 22",Waterbury,CT,41.55036,-73.03703,4.179
72734,7-ELEVEN #41940,I-95,West Haven,CT,41.283852,-72.948052,3.999
71659,Loves Travel Stop #646,"I-84, Exit 71",Willington,CT,41.915172,-72.226561,4.359
52623,TA WILLINGTON TRAVEL CENTER,"I-84, EXIT 71",Willington,CT,41.921903,-72.228819,5.199
71992,7-ELEVEN #41263,US-13,Bridgeville,DE,38.756575,-75.62345,3.399
66796,ROYAL FARMS #109,US-13 & SR-404,Bridgeville,DE,38.732221,-75.624473,3.259
67844,UNCLE WILLIES #1288,US-13,Felton,DE,39.057617,-75.595159,3.219
68012,ROYAL FARMS #120,US-13/CR-16,Greenwood,DE,38.819723,-75.559864,3.259
3868,SHORE STOP #279,US-13,Greenwood,DE,38.785275,-75.562519,3.239
77,OASIS TRAVEL PLAZA,US-13,Laurel,DE,38.590277,-75.576172,3.229
72239,ROYAL FARMS #171,US-13 & SR-24,Laurel,DE,38.523098,-75.541978,3.259
63579,301 PLAZA,US-301 & SR-299,Middletown,DE,39.461607,-75.673555,3.239
64773,Sun Gas,US-301,Middletown,DE,39.510046,-75.661119,2.999
79,DELAWARE TRUCK PLAZA,US-13 & US-40,New Castle,DE,39.56032,-75.683763,3.249
1028,FOUR STATES TRUCK STOP,"I-495, EXIT 4 & SR-9",New Castle,DE,39.563643,-75.682266,3.399
70919,QUARLES #4422,US-13,New Castle,DE,39.580873,-75.639083,3.699
64775,SHORE STOP #287,US-13,New Castle,DE,39.572003,-75.63382,3.289
67435,7 ELEVEN #40122,I-95 MM2,Newark,DE,39.634433,-75.728884,3.459
72004,7-ELEVEN #41578,US-13,Seaford,DE,38.624456,-75.564123,3.359
72554,CEFCO #422,SR-4,Baker,FL,30.834501,-86.694224,3.299
2283,CIRCLE K #2707321,SR-60,Bartow,FL,27.918959,-81.834645,3.5223
70256,PILOT TRAVEL CENTER #1128,SR-60,Bartow,FL,27.918346,-81.80493,3.599
72041,CHEVRON,SR-20 & SR-71,Blountstown,FL,30.408393,-85.063945,3.299
69591,REBEL PLUS #841,"I-75, EXIT 116 & CR-865",Bonita Springs,FL,26.355408,-81.776887,3.539
64777,4 POINTS MARKET,US-441/SR-7 & SR-804,Boynton Beach,FL,26.537963,-80.063283,3.229
3889,CIRCLE K #2701686,"I-75, EXIT 220",Bradenton,FL,27.418339,-82.451049,3.439
71892,Tropic Fleet Bradenton Cardlock,US 301,Bradenton,FL,27.41587,-82.488416,3.499
64778,SUNSTOP #347,US-27,Branford,FL,29.930499,-82.897374,3.699
71667,7-Eleven #38986,"I-75, EXIT 301 & US-98",Brooksville,FL,28.594875,-82.345675,3.399
71571,RACETRAC #2587,I-75 & US-98,Brooksville,FL,28.562474,-82.407577,3.299
64779,SPEEDWAY #6530,US-50,Brooksville,FL,28.565604,-82.369583,3.3823
72936,Circle K #2707549,SR-471 & SR-48,Bushnell,FL,28.681168,-82.155904,3.499
70105,LOVES TRAVEL STOP #708,"I-75, EXIT 314 & CR-48",Bushnell,FL,28.626326,-82.147531,3.2957
72408,JOURNEY FOOD STORE #2,US-301,Callahan,FL,30.587922,-81.823504,3.399
71617,CIRCLE K #2709087,US-98/US-19,Chiefland,FL,29.497039,-82.900445,3.5823
67703,SPEEDWAY #6880,CR-611,Clearwater,FL,27.996846,-82.744908,3.3773
70007,FLYING J #1096,"I-95, EXIT 201 & CR-524",Cocoa,FL,28.401831,-80.721642,3.699
5474,One9 #88,"I-95/SR-9, EXIT 201 & SR-520",Cocoa,FL,28.331461,-80.746339,3.3757
67625,LOVES TRAVEL STOP #453,"I-10, EXIT 130 & US-231",Cottondale,FL,30.837845,-85.379935,3.553
65962,CIRCLE K #2705937,US-301/SR-35 & SR-50,Dade City,FL,28.401226,-82.230475,3.3323
69679,LOVES TRAVEL STOP #627,US-27 & SR-54,Davenport,FL,28.151615,-81.602966,3.5523
71248,RACETRAC #2560,"I-4, EXIT-55",Davenport,FL,28.157019,-81.627873,3.289
69190,LOVES TRAVEL STOP #561,"I-10, EXIT 70 & US-90 & SR-285",Defuniak Springs,FL,30.82457,-86.241273,3.609
81,One9 #89,"I-75, EXIT 224",Ellenton,FL,27.566,-82.492302,3.439
67424,FLORIDA 595 TRUCK STOP,"I-595/SR-84, EXIT 9 & US-441",Fort Lauderdale,FL,26.113683,-80.134488,3.769
3927,MICCOSUKEE SERVICE PLAZA,"I-75, EXIT 49 & SR-84",Fort Lauderdale,FL,26.114791,-80.160878,3.6657
3908,SEMINOLE TRUCK STOP,"I-75, EXIT 354",Fort Lauderdale,FL,26.140982,-80.156438,3.699
72459,7-ELEVEN #34154,I-75 Exit 128,Fort Myers,FL,26.594833,-81.871021,3.299
71289,7-ELEVEN #38835,I-75 EXIT 139,Fort Myers,FL,26.629608,-81.882769,3.599
7708,PILOT TRAVEL CENTER #352,"I-75, EXIT 139",Fort Myers,FL,26.607647,-81.85098,3.799
71286,RACETRAC #2323,I-75 EXIT 128,Fort Myers,FL,26.60414,-81.877662,3.299
63612,FLYING J TRAVEL PLAZA #622,"I-95/SR-9, EXIT 131 & SR-68 & SR-713",Fort Pierce,FL,27.415676,-80.423788,3.499
52690,LOVES TRAVEL STOP #415,"I-95 & OKEECHOBEE RD, EXIT 129",Fort Pierce,FL,27.405298,-80.427283,3.5057
69124,LOVES TRAVEL STOP #467,"I-95, EXIT 131 & SR-68",Fort Pierce,FL,27.449447,-80.465406,3.5057
63623,PILOT TRAVEL CENTERS #90,"I-95/SR-9, EXIT 129 & SR-91, EXIT 152 & SR-70",Fort Pierce,FL,27.473799,-80.45313,3.459
67645,CIRCLE K #2721416,US-441 & SR-20,Gainesville,FL,29.621001,-82.296757,3.899
71968,BLONDIES FOOD AND FUEL,US-90 & SR-69,Grand Ridge,FL,30.689327,-85.058902,3.5907
67432,PILOT TRAVEL CENTERS #471,US-27 & US-17,Haines City,FL,28.089744,-81.591145,3.559
62238,Circle K #2726278,SR-207,Hastings,FL,29.706948,-81.474854,3.569
69789,LOVES TRAVEL STOP #620,US-301 & SR-20,Hawthorne,FL,29.601445,-82.114492,3.789
67957,CITGO,US-27,Hialeah,FL,25.818396,-80.2536,3.4723
6082,Palmetto Truck Plaza,US-27/SR-25 & SR-826,Hialeah,FL,25.885709,-80.261155,3.399
68699,ORGANIC CONNECTION MOBIL,SR-997,Homestead,FL,25.495807,-80.507475,3.344
72039,CHEVRON,SR-20 & SR-65,Hosford,FL,30.33127,-84.766345,3.299
72310,RACETRAC #2387,US-19,Hudson,FL,28.370409,-82.709123,3.3157
71997,7-ELEVEN #41287,SR-29,Immokalee,FL,26.180956,-81.45462,3.679
67777,CIRCLE K #2721270,"I-95, EXIT 358B, SR-105",Jacksonville,FL,30.357262,-81.760276,3.3423
66669,CIRCLE K #2726032,I-40,Jacksonville,FL,30.304758,-81.770217,3.429
2935,CIRCLE K #2726163,"I-295, EXIT 22",Jacksonville,FL,30.341438,-81.734386,3.299
361,CIRCLE K #2726293,"I-295, EXIT 25",Jacksonville,FL,30.303037,-81.747752,3.3157
69451,LOVES TRAVEL STOP #603,I-95 EXIT 366 AT PECAN PARK RD,Jacksonville,FL,30.375888,-81.783029,3.399
71124,LOVES TRAVEL STOP #761,"I-10, EXIT 343 & US-301",Jacksonville,FL,30.321095,-81.799831,3.849
71976,Loves Travel Stop #828,"I-295, EXIT 33",Jacksonville,FL,30.372404,-81.791221,3.2823
70299,Mr Fuel dba Pilot Express #1149,"I-295, EXIT 41 & SR-105",Jacksonville,FL,30.305805,-81.75663,3.239
69711,PILOT #1047,"I-295, EXIT 25",Jacksonville,FL,30.30351,-81.741447,3.359
159,PILOT TRAVEL CENTER #87,"I-10, EXIT 343",Jacksonville,FL,30.318858,-81.733668,3.859
71737,RACETRAC #2605,"I-295, EXIT 25",Jacksonville,FL,30.318254,-81.750909,3.249
7534,TA BALDWIN TRAVEL CENTER,"I-10, EXIT 343 & US-301",Jacksonville,FL,30.311211,-81.768611,3.899
68465,LOVES TRAVEL STOP #470,"I-75, EXIT 451",Jasper,FL,30.483134,-82.927391,3.3273
69306,PILOT TRAVEL CENTER #500,"I-75, EXIT 460 & SR-6",Jasper,FL,30.512854,-82.902731,3.369
66799,SHELL DBA ONE9 #1403,"I-75/SR-93, EXIT 451 & US-129",Jasper,FL,30.473456,-82.909052,3.244
66801,SUNSTOP #330,"I-75, EXIT 460 & SR-6",Jennings,FL,30.546939,-83.097342,3.299
68471,B LINE SHELL,SR-710,Jupiter,FL,26.928504,-80.080491,3.9573
63876,Mobil,"FL TURNPIKE,  EXIT 244",Kissimmee,FL,28.313049,-81.419112,3.449
71376,7-ELEVEN #41127,SR-29,Labelle,FL,26.696584,-81.423002,3.559
72458,7-ELEVEN #41335,SR-80 & SR-29,Labelle,FL,26.715414,-81.446076,3.599
72292,SUNSTOP #336,SR-121 & CR-18,Lake Butler,FL,29.972418,-82.376252,3.5923
70227,LOVES TRAVEL STOP #724,"I-75, EXIT 414 & US-41",Lake City,FL,30.095923,-82.652883,3.339
1043,SHELL DBA ONE9 #1401,I-75 EXIT 414  & US-41,Lake City,FL,30.087288,-82.679414,3.244
72983,SUNSTOP #303,SR-100,Lake City,FL,30.136432,-82.662371,3.5507
3949,SUNSTOP #337,"I-10/SR-8, EXIT 303 & US-441",Lake City,FL,30.095142,-82.692329,3.699
70873,TA LAKE CITY #288,"I-75, EXIT 414",Lake City,FL,30.085611,-82.671538,3.299
1042,Union 76,US-441 & SR-100A,Lake City,FL,30.074063,-82.683542,3.5623
52065,76 DBA ONE9 #1415,"I-75, EXIT 49",Lake Panasoffkee,FL,28.790603,-82.176246,3.1723
3956,CIRCLE K #2707451,US-27/SR-25 & SR-70,Lake Placid,FL,27.330544,-81.336464,3.399
71583,CIRCLE K #2706993,SR 27 N,Lake Wales,FL,27.881078,-81.600444,3.799
70540,LOVES TRAVEL STOP #674,US-27 & SR-60,Lake Wales,FL,27.937941,-81.619879,3.5523
72413,TROPIC OIL COMPANY,SR-17,Lake Wales,FL,27.867869,-81.596287,3.499
71784,7-ELEVEN #41750,I-4 & SR-33,Lakeland,FL,28.034846,-81.906184,3.289
71994,7-ELEVEN #42058,SR-572,Lakeland,FL,28.013378,-81.900388,3.4823
66961,CIRCLE K #2707020,"I-4, EXIT 32 & US-98/SR-700/SR-35",Lakeland,FL,28.036892,-81.951975,3.414
71158,CIRCLE K #2707533,"SR-570, EXIT 3 & SR-572",Lakeland,FL,28.019146,-81.948777,3.5323
71276,Circle K #2706617,I-4 EXIT 28,Lakeland,FL,28.05404,-81.949145,3.2507
68493,FAST TRACK 427,"I-10, EXIT 225/US-19",Lamont,FL,30.397922,-83.782196,3.739
67702,SPEEDWAY #6539,US-41/SR-45 & SR-52,Land O Lakes,FL,28.264193,-82.443976,3.4957
72171,LAWTEY SHELL SERVICE,US-301,Lawtey,FL,30.018703,-82.079705,3.599
71868,RACETRAC #2456,SR-44 & CR-491,Lecanto,FL,28.851626,-82.471206,3.3157
63691,JIMMIES AUTO TRUCK PLAZA,"I-10, EXIT 262",Lee,FL,30.419122,-83.289386,3.8473
67120,LOVES TRAVEL STOP #379,"I-10 & CR 255, EXIT 262 SW",Lee,FL,30.409406,-83.292381,3.789
67894,CIRCLE K #2705098,US-27 & SR-44,Leesburg,FL,28.823211,-81.884569,3.5723
3008,BUSY BEE,"I-10, EXIT 283 & US-129",Live Oak,FL,30.193228,-83.02969,3.779
68020,EXXON,"I-10, EXIT 335/SR-121",Macclenny,FL,30.289498,-82.101486,3.499
3975,SUNSTOP #334,"I-10, EXIT 335 & SR-121",Macclenny,FL,30.301543,-82.136123,3.459
67170,FAST TRACK #410,"I-10, EXIT 258",Madison,FL,30.480735,-83.415389,3.749
72396,RACETRAC #2624,US-1,Marathon,FL,24.702247,-81.064101,3.2357
52551,PILOT TRAVEL CENTERS #374,"I-10, EXIT 142 & SR-71",Marianna,FL,30.813775,-85.248487,3.599
72293,SUNSTOP INLAND DBA ONE9 #1402,I-10 & SR-71,Marianna,FL,30.832306,-85.213282,3.299
1047,TA MARIANNA TRAVEL CENTER,"I-10/SR-8, EXIT 142 & SR-71",Marianna,FL,30.817009,-85.253012,3.6073
73014,CIRCLE K #2726298,SR 33 & SR 50,Mascotte,FL,28.566798,-81.931301,3.539
72291,Union 76,US-129,Mc Alpin,FL,30.187645,-82.980379,3.659
70246,7-Eleven #37565,SR-944 & SR-9,Miami,FL,25.799354,-80.224637,3.249
64789,KROME EXXON,SR-997 & SR-994,Miami,FL,25.788143,-80.211992,3.399
68019,PAC PRIDE CARDLOCK,CR-25/CR-826,Miami,FL,25.802167,-80.185637,3.479
66339,PILOT DEALER #873,US-27,Miami,FL,25.752057,-80.23188,3.699
66141,QUICK FUEL #5102,"SR-826, EXIT NW 58TH ST",Miami,FL,25.783264,-80.201796,3.389
71714,RACETRAC #2576,SR-997 & SR-994,Miami,FL,25.774674,-80.17481,3.2873
72418,SHELL,SR-953,Miami,FL,25.795681,-80.167475,3.479
4080,SHELL DBA PILOT DEALER #874,US-41,Miami,FL,25.750904,-80.165758,3.699
72328,Tropic Fleet Hialeah Cardlock,SR-953 & SR-934,Miami,FL,25.78928,-80.166712,3.479
71893,Tropic Fleet Rechtien Cardlock,SR-934,Miami,FL,25.768656,-80.163912,3.471
64793,CIRCLE K #2721297,US-301,Middleburg,FL,30.080172,-81.891563,3.399
52649,FLYING J TRAVEL PLAZA #623,"I-10, EXIT 192 & US-90",Midway,FL,30.512718,-84.447946,3.799
64595,PILOT TRAVEL CENTERS #425,"I-10, EXIT 192",Midway,FL,30.506698,-84.481363,3.799
71646,SPEEDWAY #6542,"I-10, Exit 192",Midway,FL,30.476374,-84.448075,3.599
67935,CIRCLE K #2707610,"I-10, EXIT 26",Milton,FL,30.680788,-87.058449,3.2323
66496,EXXON FUEL EXPRESS,"I-10/SR-8, EXIT 31 & SR-87",Milton,FL,30.63006,-87.076001,3.999
71439,LOVES TRAVEL STOP #802,I-10 EXIT 26,Milton,FL,30.683944,-87.080039,3.339
71319,LOVES TRAVEL STOP #868,"I-95, EXIT 223",Mims,FL,28.689661,-80.88592,3.689
69936,LOVES TRAVEL STOP #683,US-27,Moore Haven,FL,26.814203,-81.212267,3.789
72000,7-ELEVEN #41309,US-41,Nokomis,FL,27.172599,-82.476126,3.379
69178,LOVES TRAVEL STOP #495,"I-75, EXIT 143 & CR-78",North Fort Myers,FL,26.683514,-81.884177,3.789
71277,CIRCLE K #2706619,I-75 EXIT 354,Ocala,FL,29.219451,-82.114433,3.4573
4909,CIRCLE K #2723916,US-441/US-301/US/27/SR-500,Ocala,FL,29.219256,-82.06661,3.459
67438,LOVES TRAVEL STOPS #363,"I-75, EXIT 358 & SR-326",Ocala,FL,29.213075,-82.093934,3.329
2883,PILOT TRAVEL CENTERS #293,"I-75, EXIT 341 & CR-484",Ocala,FL,29.232186,-82.112881,3.359
63792,PILOT TRAVEL CENTERS #424,"I-75, EXIT 358",Ocala,FL,29.162615,-82.048953,3.359
235,PILOT TRAVEL CENTERS #92,"I-75, EXIT 358",Ocala,FL,29.166173,-82.123631,3.359
1829,PILOT TRAVEL CENTER #96,"SR- 60 & FL TURNPIKE, EXIT 193",Okeechobee,FL,27.441198,-80.95507,3.699
71806,RACETRAC #2600,SR-70,Okeechobee,FL,27.387609,-80.970199,3.299
72308,Racetrac #2609,SR-60,Okeechobee,FL,27.456786,-80.920234,3.299
67865,PILOT TRAVEL CENTER #897,"I-95, EXIT 12B, INTERSECTION OF SR-826 & 817",Opa Locka,FL,25.919447,-80.264403,3.699
66668,ACME TRUCK STOP,"I-4, EXIT 96",Orlando,FL,28.290363,-80.674389,3.399
3444,Acme Truck Stop,US-441/SR-500,Orlando,FL,28.338797,-80.671991,3.449
64795,QUICK FUEL #5101,"I-4, EXIT 79",Orlando,FL,28.308556,-80.720866,3.3623
71512,RACETRAC #2603,Country Road 527,Orlando,FL,28.321287,-80.659461,3.299
66944,LOVES TRAVEL STOP #316,"I-95, EXIT 273 & US-1",Ormond Beach,FL,29.288169,-81.020995,3.477
63604,7-ELEVEN #40363,US-17/SR-15 & SR-100,Palatka,FL,29.643129,-81.681903,3.364
9887,7-ELEVEN #40354,"I-95, EXIT 173",Palm Bay,FL,28.009848,-80.607096,3.2157
69220,CIRCLE K #2705097,"I-275, EXIT 2 & US-41",Palmetto,FL,27.533473,-82.538178,3.699
67930,CIRCLE K #2721426,US-98/SR-30A & SR-368,Panama City,FL,30.188488,-85.654271,3.2907
72339,VP RACING FUEL,US-231,Panama City,FL,30.163662,-85.679099,3.499
66134,CIRCLE K #2721591,"I-10, EXIT 10 & US-29/SR-95",Pensacola,FL,30.421236,-87.229861,3.2223
66135,CIRCLE K #2721592,"I-10, EXIT 5 & US-90 ALT",Pensacola,FL,30.461517,-87.258027,3.2223
71700,ARCO,US-19/US-98/US-27Alt & CR-30A,Perry,FL,30.18413,-83.615075,3.699
5971,WACO TRAVEL CENTER,SR-19,Perry,FL,30.17218,-83.607592,3.699
72935,Circle K #2722258,US-17 & SR-40,Pierson,FL,29.209653,-81.442289,3.4023
67929,Circle K,SR-574,Plant City,FL,27.999769,-82.162878,3.3257
66364,SHELL,"I-4, EXIT 64",Plant City,FL,27.984908,-82.122673,3.4473
66133,LOVES TRAVEL STOPS #228,"I-4, EXIT 44",Polk City,FL,28.159957,-81.790593,3.389
3215,SHELL TRUCKSTOP,"I-4, EXIT 44",Polk City,FL,28.228635,-81.813076,3.449
3222,POMPANO TRUCK STOP,"I-95, EXIT 36B",Pompano Beach,FL,26.243883,-80.151151,3.759
67952,CIRCLE K #2707682,"I-75, EXIT 164 & US-17/SR-35",Punta Gorda,FL,26.877581,-82.081553,3.399
5479,PILOT TRAVEL CENTERS #94,"I-75, EXIT 161",Punta Gorda,FL,26.905193,-82.090945,3.799
52527,PETRO STOPPING CENTER #323,"I-75, EXIT 368",Reddick,FL,29.394228,-82.258555,3.3523
70590,CIRCLE K #2722291,US-1 & SR-206,Saint Augustine,FL,29.761956,-81.289912,3.379
66017,FLYING J TRAVEL PLAZA #626,"I-95/SR-9, EXIT 305 & SR-206",Saint Augustine,FL,29.80409,-81.25748,3.449
72809,LOVES TRAVEL STOP #894,I-95 EXIT 305,Saint Augustine,FL,29.789968,-81.302942,3.4423
52680,PILOT TRAVEL CENTER #91,"I-95, EXIT 329",Saint Johns,FL,30.089691,-81.514017,3.424
341,TA JACKSONVILLE SOUTH TRAVEL CENTER,"I-95, EXIT 329",Saint Johns,FL,30.066101,-81.583066,3.469
52542,FLYING J TRAVEL PLAZA #624,"I-75, EXIT 285 & SR-52",San Antonio,FL,28.351984,-82.262089,3.599
71209,RACETRAC #2529,"I-75, EXIT 285 & SR-52",San Antonio,FL,28.369952,-82.30168,3.3157
6310,CIRCLE K #2707515,US-27/SR-25 & US-98/US-700/SR-700/SR-66,Sebring,FL,27.472262,-81.406475,3.389
66802,MOBIL,US-27 & SR-66,Sebring,FL,27.51398,-81.471914,3.459
63641,FLYING J TRAVEL PLAZA #625,"I-4/SR-400, EXIT 10 & SR-579",Seffner,FL,27.87502,-82.422581,3.4423
66044,TA TAMPA TRAVEL CENTER,"I-4, EXIT 10",Seffner,FL,27.895741,-82.45273,3.3957
66239,Hola,US-27/SR-80/SR-25,South Bay,FL,26.698729,-80.770064,3.419
69720,PILOT #1046,US-27 & SR-80,South Bay,FL,26.67323,-80.709887,3.799
71310,CIRCLE K #2722120,US-441/27,Summerfield,FL,28.976089,-82.035004,3.5257
69207,CIRCLE K #2705988,"I-10, EXIT 209A & US-90/SR-10",Tallahassee,FL,30.431003,-84.317594,3.619
7535,GIANT #198,"I-4/SR-400, EXIT 7 & US-301/SR-41",Tampa,FL,27.990813,-82.55925,3.2573
64803,MARATHON,"I-4, EXIT 3",Tampa,FL,28.025979,-82.605834,3.4223
66149,QUICK FUEL #5105,"I-75, EXIT W BRANDON BLVD",Tampa,FL,28.004466,-82.575765,3.5007
66142,QUICK FUEL #5106,SR-589 & SR-580,Tampa,FL,27.984525,-82.607137,3.4923
71573,RACETRAC #2588,I-4 & US-301,Tampa,FL,28.034247,-82.570975,3.299
64804,SPEEDLANE,US-301 &SR-574,Tampa,FL,27.99493,-82.6141,3.449
72893,Racetrac #2586,I-95 & 20th ST,Vero Beach,FL,27.640807,-80.433471,3.159
6642,TA VERO BEACH TRAVEL CENTER #197,"I-95/SR-9, EXIT 147 & SR-60",Vero Beach,FL,27.605115,-80.38786,3.484
69055,PILOT DEALER #1058,US-301 & SR-200,Waldo,FL,29.812021,-82.149519,3.799
67933,SUNOCO,SR-50 & SR-471,Webster,FL,28.536306,-82.080098,3.3357
64798,RIVIERA TRUCKSTOP,SR-710,West Palm Beach,FL,26.743315,-80.097518,3.779
67627,PILOT #4556,"I-75, EXIT 329",Wildwood,FL,28.8457,-82.000274,3.2257
4620,PILOT TRAVEL CENTERS #95,"I-75, EXIT 329 & SR-44",Wildwood,FL,28.839793,-82.05204,3.2257
7533,TA WILDWOOD TRAVEL CENTER,"I-75, EXIT 329 & SR-44",Wildwood,FL,28.809889,-82.073944,3.214
71988,C AND W GLOBAL,SR-429 & SR-438,Winter Garden,FL,28.559561,-81.636064,3.074
6334,231 PLAZA AND TRUCK STOP,US-231/SR-75 & SR-20,Youngstown,FL,30.362519,-85.516464,3.494
71059,CIRCLE K #2706781,US-17 & SR-200,Yulee,FL,30.606251,-81.605092,3.3423
71612,RACEWAY #6898,"I-95, EXIT 373 & HWY A1A",Yulee,FL,30.584305,-81.602952,3.2707
60220,ZELLWOOD TRUCK STOP,US-441,Zellwood,FL,28.702993,-81.590703,3.499
71967,BLOC STOP TRAVEL CENTER,US-19 & SR-133,ALBANY,GA,31.532339,-84.332208,3.799
71736,Racetrac #2312,US-41/SR-92,Acworth,GA,34.059837,-84.640961,3.209
63887,QUIKTRIP #757,"I-79/SR-401, EXIT 306 & SR-140",Adairsville,GA,34.32099,-84.900036,2.8873
7504,TEXACO,"I-75, EXIT 306 & SR-140",Adairsville,GA,34.371799,-84.888942,3.1057
66516,ADEL TRUCK PLAZA,"I-75, EXIT 39",Adel,GA,31.156053,-83.428002,2.999
70429,BP,SR-76,Adel,GA,31.119445,-83.415929,2.969
72666,CIRCLE K #2707043,"I-75/SR-401, EXIT 39 & SR-37",Adel,GA,31.085793,-83.39232,2.999
71290,LOVES TRAVEL STOP #808,"US-19/SR-3, EXIT 3 & US-82",Albany,GA,31.522518,-84.337379,3.789
67038,PILOT TRAVEL CENTERS #260,US-82/SR-520 & SR-300,Albany,GA,31.476788,-84.293435,3.799
67931,Forks 1&23,US-1/US-23/SR-4 & SR-19,Alma,GA,31.53976,-82.441777,3.599
69676,SPEEDWAY #8495,"US-19/SR-400, EXIT 12",Alpharetta,GA,34.142911,-84.276878,3.349
68292,GAS N GO,US-280/US-19,Americus,GA,32.049558,-84.229277,3.299
64811,SUNSTOP #819,US-19,Americus,GA,32.046081,-84.188396,3.699
63651,CIRCLE K #2723346,US-29/S8,Athens,GA,33.972838,-83.376663,3.399
71511,RACETRAC #2592,US HWY 29,Athens,GA,33.969839,-83.390117,3.3123
72939,CIRCLE K #2655872,"I-75, Exit 252B",Atlanta,GA,33.841099,-84.309272,3.5057
52067,PETRO STOPPING CENTER #322,"I-285, EXIT 12",Atlanta,GA,33.905343,-84.358915,3.4457
52539,PILOT TRAVEL CENTERS #331,"I-285 , EXIT 51",Atlanta,GA,33.853365,-84.353899,3.599
64490,QUICK FUEL #2201,"I-85, EXIT 36",Atlanta,GA,33.871947,-84.353307,3.3523
64648,QUICK FUEL #2203,"I-20, EXIT 14",Atlanta,GA,33.879033,-84.371725,3.319
63893,QUICK FUEL #2204,"I-285, EXIT 58/SR-407 & I-75, EXIT 237/SR-401",Atlanta,GA,33.88164,-84.352424,3.2757
4115,QUIKTRIP #707,"I-85 , EXIT 96",Atlanta,GA,33.848752,-84.36114,3.3407
64683,QUIKTRIP #777,"I-20, EXIT 49",Atlanta,GA,33.889236,-84.310658,2.9723
70426,BISHOPS TRAVEL CENTER,US-27,Attapulgus,GA,30.779929,-84.490701,3.699
71117,AM-PM TRUCK STOP,"I-520/SR-415, EXIT 9 & SR-56",Augusta,GA,33.564489,-82.232314,3.359
68033,CIRCLE K #2703175,"I-520/SR-415, EXIT 9 & SR-56",Augusta,GA,33.49778,-82.196146,3.2823
68030,FIVE STAR EXPRESS,"I-520/SR-415, EXIT 16 & SR-28",Augusta,GA,33.490658,-82.248741,3.499
63756,PILOT TRAVEL CENTERS #144,"I-20, EXIT 200",Augusta,GA,33.558607,-82.269383,3.859
10101,PILOT TRAVEL CENTERS #65,"I-20, EXIT 194",Augusta,GA,33.512866,-82.23942,3.859
73032,Parkers #110,SR 56,Augusta,GA,33.543044,-82.258262,3.1923
71083,SPRINT FOOD #701,US-78,Augusta,GA,33.5468,-82.247103,3.2257
70430,SPRINT FOODS #715,I-520 & SR-56,Augusta,GA,33.517617,-82.224884,3.1923
52546,CIRCLE K #2723910,US-84 & US-27,Bainbridge,GA,30.90025,-84.602274,3.599
72205,NIC'S,SR-97,Bainbridge,GA,30.881822,-84.558702,3.379
2885,SP Truckstop & Travel Center,US-84/SR-38,Bainbridge,GA,30.891326,-84.554717,3.599
72864,SUNSTOP #430,US-27,Bainbridge,GA,30.895115,-84.527809,3.599
60762,BP,US-1 & US-341,Baxley,GA,31.777042,-82.336956,3.599
71640,RACETRAC #2544,SR-81 & SR-316,Bethlehem,GA,33.919554,-83.72026,3.3123
72333,UNITED MARKET,US-84,Blackshear,GA,31.328054,-82.276088,3.7657
72557,LITTLE NECK SHELL,I-16 Exit 152,Bloomingdale,GA,32.087252,-81.28267,3.099
72880,PARKERS #97,US 80,Bloomingdale,GA,32.145522,-81.343778,3.0323
72651,QUIKTRIP #7132,"I-16, EXIT 152",Bloomingdale,GA,32.10985,-81.285951,3.0323
65842,AM PM TRAVEL CENTER,US-1/SR-4,Blythe,GA,33.316896,-82.180777,3.599
2219,PILOT TRAVEL CENTER #66,"I-85, EXIT 129",Braselton,GA,34.164669,-83.789143,3.2723
9997,Circle K #2723687,"I-20, EXIT 11 & US-27/SR-1",Bremen,GA,33.716979,-85.131996,3.0873
52626,FLYING J TRAVEL PLAZA #627,"I-95/SR-405, EXIT 29 & US-82/US-17/SR-25/SR-520",Brunswick,GA,31.204491,-81.506516,3.3957
52580,LOVES TRAVEL STOP #405,"I-95, EXIT 29",Brunswick,GA,31.2129,-81.499425,3.321
71886,QUIKTRIP #7136,US-17,Brunswick,GA,31.218391,-81.53122,3.074
69045,TA BRUNSWICK #6258,"I-95, EXIT 29",Brunswick,GA,31.142145,-81.526859,3.4607
64815,BUENA VISTA GAS N GO,SR-26 & SR-41,Buena Vista,GA,32.266834,-84.487734,3.299
67997,CIRCLE K #2745137,"I-75/SR-401, EXIT 149 & SR-49",Byron,GA,32.63517,-83.776171,3.199
63540,GAS N GO,"I-75, EXIT 149",Byron,GA,32.63172,-83.813008,3.1723
63662,PILOT TRAVEL CENTERS #267,"I-75, EXIT 146",Byron,GA,32.598792,-83.797957,3.3657
69534,CAIRO TRAVEL CENTER,US-84/SR-38,Cairo,GA,30.965024,-84.21687,3.424
70593,LOVES TRAVEL STOP #735,I-75/SR-401,Calhoun,GA,34.483224,-84.960299,3.279
63753,PILOT TRAVEL CENTER #4558,"I-75, EXIT 318",Calhoun,GA,34.50503,-84.907157,3.2857
60224,SUNSTOP #419,US-19,Camilla,GA,31.256033,-84.263764,3.499
64535,FLYING J TRAVEL PLAZA #628,"I-85, EXIT 160",Carnesville,GA,34.337975,-83.286518,3.2057
52479,PETRO CARNESVILLE #377,"I-85, EXIT 160",Carnesville,GA,34.365485,-83.275647,3.154
63509,PILOT #4557,"I-85, EXIT 166",Carnesville,GA,34.38005,-83.219859,3.1723
63894,CIRCLE K #2723653,"I-75, EXIT 124",Cartersville,GA,34.15386,-84.824464,3.224
3493,CIRCLE K #2723675,"I-75, EXIT 290 & SR-20",Cartersville,GA,34.192754,-84.814415,3.0857
60768,GAS N GO FOOD STORE,"I-75, EXIT 290/US-41",Cartersville,GA,34.162035,-84.843489,2.9423
72748,HORIZON TRAVEL PLAZA,US-411,Cartersville,GA,34.211117,-84.79809,2.934
67419,LOVES TRAVEL STOP #359,"I-75, EXIT 283",Cartersville,GA,34.164959,-84.784551,3.5557
52163,PILOT TRAVEL CENTERS #67,"I-75, EXIT 296",Cartersville,GA,34.15911,-84.827463,3.549
70379,SPEEDWAY #7209,US-411 & SR-20,Cartersville,GA,34.152886,-84.783663,3.1157
63725,TA CARTERSVILLE TRAVEL CENTER,"I-75, EXIT 296",Cartersville,GA,34.161509,-84.796427,3.599
67854,CircleK #2709341,US-411,Chatsworth,GA,34.786297,-84.781743,3.499
63895,KWIK SERV #17,"I-75, EXIT 136",Chatsworth,GA,34.798322,-84.764916,3.499
60783,CIRCLE K #2723324,US-441/US-23/SR-15 & SR-17A/SR-385,Clarkesville,GA,34.617718,-83.53941,3.439
72263,SPARTAN FUELS,US-80 & SR-22,Columbus,GA,32.510886,-84.999604,3.309
66923,LOVES TRAVEL STOP #765,"I-85, EXIT 147",Commerce,GA,34.252947,-83.482662,3.2107
4872,TA COMMERCE TRAVEL CENTER,"I-85, EXIT 149 & US-441",Commerce,GA,34.182522,-83.447204,3.2157
64819,CIRCLE K #4174,"I-285/SR-407, EXIT 53 & US-23/SR-42",Conley,GA,33.653005,-84.356625,3.999
4241,EXXON,"I-285, EXIT 53",Conley,GA,33.639345,-84.340803,3.999
71484,CIRCLE K #2745064,"I-75/SR-401, EXIT 101 & US-280/SR-30",Cordele,GA,31.914864,-83.770457,2.999
71072,LOVES TRAVEL STOP #801,I-75 EXIT 102,Cordele,GA,31.956395,-83.81481,3.309
63524,PILOT TRAVEL CENTER #416,"I-75/SR-401, EXIT 101",Cordele,GA,31.930573,-83.792002,3.2857
72918,QUIKTRIP #7076,"I-75, EXIT 101",Cordele,GA,31.921406,-83.795894,3.0323
91,MOLLYS FOOD & FUEL,"I-20 & ST 22, EXIT 55",Crawfordville,GA,33.573698,-82.849351,3.499
72285,CUSSETA TRAVEL CENTER,SR 520,Cusseta,GA,32.284034,-84.764725,3.199
68453,Marathon,US-82/US-27,Cuthbert,GA,31.748837,-84.791754,3.699
68382,QUIKTRIP #766,US-29 & SR-316,Dacula,GA,34.009297,-83.876449,3.3207
70693,MAPCO #3507,US-76 & SR-71,Dalton,GA,34.739982,-84.966738,3.119
52143,One9 #319,"I-75, EXIT 328",Dalton,GA,34.788261,-85.002006,3.0157
64687,PILOT TRAVEL CENTER #421,"I-75, EXIT 326",Dalton,GA,34.78494,-84.981547,3.2857
67360,BP,"I-95/SR-405, EXIT 49 & SR-251",Darien,GA,31.386818,-81.446459,3.539
60226,CIRCLE K #2723903,US-82 & SR-520,Dawson,GA,31.743908,-84.533763,3.499
72663,LOC STOP TRAVEL CENTER,US-82,Dawson,GA,31.800373,-84.509705,3.499
72569,RACETRAC #204,US-19 & SR-400,Dawsonville,GA,34.416984,-84.120311,3.319
64820,Mr Pips,US-84/SR-38,Donalsonville,GA,31.039808,-84.871624,3.199
72376,SUNOCO,US 84 & SR 39,Donalsonville,GA,31.064473,-84.893657,3.499
67723,JET FOOD STORE #80,US-221/SR-135 & SR-206,Douglas,GA,31.466948,-82.847232,3.4573
4119,JET FOOD STORE #82,US-441 & CR-13,Douglas,GA,31.510185,-82.884438,3.4407
72736,FRIENDLY GUS STORE #12,I-16 Exit 49,Dublin,GA,32.48759,-82.91537,3.2757
66594,FRIENDLY GUS STORE #23,I-16/SR-19,Dublin,GA,32.488891,-82.948057,3.399
70621,FRIENDLY GUS STORE #24,I-16 EXIT 53 & SR-19,Dublin,GA,32.459127,-82.958551,3.399
66328,LOVES TRAVEL STOP #320,"I-16/SR-404, EXIT 49 & SR-257",Dublin,GA,32.49098,-82.922448,3.3323
425,Neighbors Express,"I-16, EXIT 51",Dublin,GA,32.437709,-82.960483,3.299
1075,PILOT TRAVEL CENTERS #68,"I-16 /SR-404, EXIT 51 & US-441",Dublin,GA,32.470039,-82.956981,3.399
73073,QUIKTRIP #7075,"I-16/SR-404, EXIT 51 & US-441",Dublin,GA,32.446632,-82.927484,2.999
71574,RACETRAC #2594,US-441,Dublin,GA,32.489863,-82.947547,2.999
71610,FRIENDLY GUS #25,US-80 & SR-338,Dudley,GA,32.517023,-83.05551,3.8323
72096,EXPRESS #29,SR-29,East Dublin,GA,32.534003,-82.866033,3.6323
64647,HOOKS,I-16 EXIT 16,East Dublin,GA,32.533169,-82.885955,3.399
66965,EATONTON TRAVEL CENTER,US-441/US/129/SR-24,Eatonton,GA,33.321774,-83.336287,3.249
60779,Marathon,US-129,Eatonton,GA,33.333459,-83.333425,3.399
70411,MARATHON,SR-72,Elberton,GA,34.12642,-82.809612,3.899
70787,LOVES TRAVEL STOP #778,"I-16, EXIT 143 & US-280",Ellabell,GA,32.1075,-81.503299,3.2957
67644,PARKERS #31 (DISCOUNT AVAILABLE),US-80/SR-26 & US-280,Ellabell,GA,32.166865,-81.477206,3.0323
73088,Pilot Travel Center #1390,I-16 Exit  143,Ellabell,GA,32.117166,-81.463346,3.2857
66734,Marathon,"I-675, Exit 7",Ellenwood,GA,33.621303,-84.32854,3.009
66285,QUIKTRIP #787,"I-675, EXIT 5",Ellenwood,GA,33.63123,-84.330619,3.109
72742,Racetrac #2612,I-675 EXIT 7,Ellenwood,GA,33.629898,-84.308411,3.109
73065,RACETRAC #2631,"I-75, EXIT 285 & US-41/SR-3",Emerson,GA,34.100256,-84.785989,2.8873
64486,GREENWAY STORE #614,"I-85/SR-403, EXIT 61 & SR-74",Fairburn,GA,33.527086,-84.567816,3.199
52070,FRIENDLY EXPRESS #31,US-1 & US-301,Folkston,GA,30.865887,-82.041047,3.099
72716,RACEWAY #7000,US-1 & SR-40,Folkston,GA,30.814961,-82.032496,3.099
7495,RACETRAC #2574,"I-75, EXIT 237, SR-331 & US-41",Forest Park,GA,33.626223,-84.346671,3.109
71627,QUIKTRIP #1730,I-75 EXIT 185,Forsyth,GA,33.024139,-83.94807,3.089
68921,GAS N GO,US-341/SR-7 & SR-96/SR-49,Fort Valley,GA,32.565435,-83.911933,3.1823
64825,EXIT 10 AUTO AND TRUCK STOP,"I-185/SR-411, EXIT 19 & SR-315",Fortson,GA,32.59447,-84.967283,3.399
523,CIRCLE K #2723322,"I-985, EXIT 20 & SR-60",Gainesville,GA,34.287285,-83.791739,3.2657
71176,QUIKTRIP #1710,US-23/SR-365,Gainesville,GA,34.305999,-83.801222,3.3457
66632,SHELL FOOD MART AND TRUCKSTOP,I-985,Gainesville,GA,34.313657,-83.794254,3.399
68518,CHEVRON,SR-243,Gordon,GA,32.847255,-83.322901,3.359
73103,RaceTrac #2654,I-20 EXIT 130,Greensboro,GA,33.55619,-83.144181,3.399
72754,RACETRAC #2495,US 41 & US 19,Griffin,GA,33.284608,-84.275939,3.229
73052,Circle K #2701875,US-78 E,Grovetown,GA,33.417473,-82.208816,3.499
72072,PARKERS #92,SR 17,Guyton,GA,32.291545,-81.419215,2.999
66514,BIGFOOT TRAVEL CENTER,"I-75, EXIT 29",Hahira,GA,30.958431,-83.36056,3.099
73041,Racetrac #182,US- 19,Hampton,GA,33.42991,-84.318484,2.999
71741,SPRINT FOOD STORE #733,"I-20, EXIT 183 & US-221",Harlem,GA,33.38947,-82.281491,3.599
60773,NEIGHBORS EXPRESS,US-341/SR-27 & US-129 ALT/SR-340,Hawkinsville,GA,32.303718,-83.475524,3.399
62283,Circle K #2745099,US-23 & US-341/SR-27,Hazlehurst,GA,31.828219,-82.577963,3.529
73003,GAS PRO TRAVEL CENTER,US-25 & SR-88,Hephzibah,GA,33.304197,-82.106761,3.599
67081,LOVES TRAVEL STOP #376,"I-85/SR-403, EXIT 28 & SR-54/SR-100",Hogansville,GA,33.133428,-84.892131,3.689
73007,VALERO,"I-85, EXIT 28 & SR-100",Hogansville,GA,33.1827,-84.894003,3.6657
63649,ONE TRIP,US-84,Homerville,GA,31.070651,-82.789,3.4423
7792,FLYING J TRAVEL PLAZA #630,"I-75/SR-401, EXIT 201 & SR-36",Jackson,GA,33.266661,-83.989607,3.384
70609,JP TRAVEL PLAZA,"I-75, EXIT 205 & SR-16",Jackson,GA,33.243085,-83.99019,3.159
66138,LOVES TRAVEL STOP #307,"I-75, EXIT 201",Jackson,GA,33.290354,-83.984344,3.3857
64532,PILOT #4560,"I-75, EXIT 201",Jackson,GA,33.263771,-83.96858,3.3757
3128,TA ATLANTA SOUTH TRAVEL CENTER,"I-75, EXIT 201 & SR-36",Jackson,GA,33.282619,-83.952756,3.334
71479,RACETRAC #118,I-575 & SR-15,Jasper,GA,34.438266,-84.508687,3.309
71692,GXP #200,"I-85/SR-403, EXIT 140 & SR-82",Jefferson,GA,34.087002,-83.553522,3.239
63907,QUIKTRIP #737,"I-85, EXIT 137",Jefferson,GA,34.114267,-83.547231,3.119
70596,SPEEDWAY #7208,I-85 EXIT 137,Jefferson,GA,34.120536,-83.542553,3.119
60229,96 TRAVEL PLAZA,"I-16, EXIT 24",Jeffersonville,GA,32.759659,-83.382136,3.399
70428,PARKERS #63 (DISCOUNT AVAILABLE),US-301,Jesup,GA,31.614133,-81.878516,3.1157
63909,GAS2GO,"I-95, EXIT 6",Kingsland,GA,30.823336,-81.732949,3.109
52482,KING TRAVEL PLAZA,"I-95, EXIT 6",Kingsland,GA,30.837457,-81.690568,3.109
66769,PETRO STOPPING CENTER #344,"I-95, EXIT 3",Kingsland,GA,30.829536,-81.72443,3.649
63912,PILOT #4562,"I-95, EXIT 1",Kingsland,GA,30.815635,-81.720086,3.559
7506,CHAPMANS TRUCK STOP,"I-85 & SR-219, EXIT 13",Lagrange,GA,33.045067,-85.10642,3.9157
71795,CIRCLE  K #2654290,I-85 EXIT 13,Lagrange,GA,33.028563,-85.07112,3.899
52563,FLYING J TRAVEL PLAZA #631,"I-75, EXIT 2",Lake Park,GA,30.71703,-83.136695,3.3223
5751,TA LAKE PARK TRAVEL CENTER,"I-75,  EXIT 2",Lake Park,GA,30.691831,-83.13617,3.3157
71397,RACEWAY #6971,US-82/SR-520,Leesburg,GA,31.696903,-84.154005,3.109
60787,MARATHON,"I-20, EXIT 11",Lithia Springs,GA,33.766044,-84.676048,2.8723
70214,RACETRAC #688,I-20 & SR-6,Lithia Springs,GA,33.79751,-84.649712,2.9723
72933,CHEVRON #385988,SR-124,Lithonia,GA,33.71751,-84.182199,3.399
60788,SPRINT FOODS #722,US-1/SR-4/SR-17 & SR-24,Louisville,GA,33.044404,-82.353253,4.099
63914,CIRCLE M #12,US-23/SR-365 & SR-52,Lula,GA,34.383878,-83.659052,3.539
64831,CIRCLE K #2745072,US-341,Lumber City,GA,31.901799,-82.707988,3.529
71066,Circle K #2745067,"I-75, EXIT 155",Macon,GA,32.84391,-83.597372,3.089
69957,LOVES TRAVE STOP #698,"I-75/SR-401, EXIT 153",Macon,GA,32.79973,-83.655143,3.369
60791,MARATHON #9,"I-475, EXIT 1",Macon,GA,32.771816,-83.641379,3.039
63910,OGMULGEE CHEVRON #419,"I-16, EXIT 6",Macon,GA,32.822272,-83.635638,3.399
71188,QUIKTRIP #1722,"I-75, EXIT 153",Macon,GA,32.804856,-83.624906,3.089
72696,QUIKTRIP #1742,"I-475/SR-408, exit 5 & SR-74",Macon,GA,32.814843,-83.585952,3.089
70887,LOVES TRAVEL STOP #781,"I-20, EXIT 113 & SR-83",Madison,GA,33.607767,-83.431538,3.849
64530,PILOT TRAVEL CENTERS #420,"I-20, EXIT 114",Madison,GA,33.605651,-83.452382,3.859
5674,TA MADISON TRAVEL CENTER,"I-20, EXIT 114 & US-441",Madison,GA,33.581301,-83.498253,3.8907
70063,QUICK FUEL #2206,US-41,Marietta,GA,33.958135,-84.524803,3.519
63648,CIRCLE K #2723333,"I-75, EXIT 216",Mcdonough,GA,33.488525,-84.01982,3.209
71909,RACETRAC #2604,I-75 Exit 126,Mcdonough,GA,33.460114,-84.093252,3.199
71848,CLIFTON SUPER STOP,"I-16, EXIT 104",Metter,GA,32.423303,-82.039672,3.249
3415,JAYS EL CHEAPO FUEL STOP,"I-16, EXIT 104",Metter,GA,32.406274,-82.037298,3.249
66182,CIRCLE K #2706708,"I-185, EXIT 10",Midland,GA,32.528676,-84.858104,3.339
63915,HIGHWAY 80 CHEVRON,"I-185, EXIT 7",Midland,GA,32.539985,-84.865063,3.399
4161,EL CHEAPO,I-95 & EXIT 76,Midway,GA,31.780835,-81.404998,3.5257
52278,NEIGHBORS EXPRESS,US-25/SR-121/SR-23/SR-67,Millen,GA,32.752066,-81.929967,3.3823
72313,THOMPSON'S CORNER,US-25,Millen,GA,32.827655,-81.966397,3.3157
68290,WALTON TRUCK STOP,US-78/SR-10 & SR-83,Monroe,GA,33.780882,-83.727765,3.999
64833,QWICKSERV,US-319 BUS & SR-133/SR-35/SR-33,Moultrie,GA,31.210381,-83.797703,3.599
64834,SUSIE Q #90,US-319 & SR-33,Moultrie,GA,31.203282,-83.799244,3.799
10104,GEO H GREEN OIL,"I-85/SR-403, EXIT 41 & US-27 ALT",Newnan,GA,33.333889,-84.830677,3.199
65490,PILOT TRAVEL CENTER #422,"I-85, EXIT 41 & US-29",Newnan,GA,33.358635,-84.817495,3.699
60795,CIRCLE K #2745080,US-319/US-129/SR-90/SR-11,Ocilla,GA,31.619534,-83.229542,3.6257
68512,BP,US-29/SR-154,Palmetto,GA,33.562448,-84.685094,3.249
60230,CIRCLE K #2745152,US-19,Pelham,GA,31.15905,-84.188952,3.499
3479,FAST MARKET #4550,"I-75/SR-401, EXIT 136 & US-341",Perry,GA,32.459157,-83.749324,3.099
60781,JP PERRY,"I-75, EXIT 138",Perry,GA,32.486181,-83.727078,3.0823
66388,Gas n Go,"I-75, EXIT 117 AT MILE 117",Pinehurst,GA,32.19947,-83.684026,3.099
71173,ENMARKET #828,"I-95/SR-405, EXIT 102 & US-80",Pooler,GA,32.131286,-81.230105,3.0823
71119,PARKER'S #69 (DISCOUNT AVAILABLE),"I-95/SR-405, EXIT 102 & US-80",Pooler,GA,32.1415,-81.289938,3.1223
4179,CIRCLE K #2705352,"I-95/SR-405, EXIT 109 & SR-30/SR-21",Port Wentworth,GA,32.117824,-81.162893,3.099
70783,ENMARKET #820,"I-95/SR-405, EXIT 109 & SR-21",Port Wentworth,GA,32.176354,-81.129316,3.0907
72429,PARKERS #16 (DISCOUNT AVAILABLE),SR-21,Port Wentworth,GA,32.157593,-81.124639,3.1057
52641,PILOT TRAVEL CENTERS #71,"I-95, EXIT 109",Port Wentworth,GA,32.126605,-81.161084,3.3723
71869,PORT FUEL CENTER,"I-516, EXIT 7B & SR-21",Port Wentworth,GA,32.137389,-81.13877,3.1823
4372,GRADYS TRUCKSTOP,"I-16, EXIT 111",Pulaski,GA,32.357925,-81.937696,3.4657
67370,CIRCLE M #43,US-441/US-23/SR-15,Rabun Gap,GA,34.990871,-83.379592,3.549
2223,PO JOS GAS N GO,"I-16 SR-404, EXIT 116 & US-301/SR-73",Register,GA,32.304127,-81.862444,3.2323
71739,TA EXPRESS #418,"I-16/SR-404, EXIT 116 & US-301/25",Register,GA,32.330668,-81.863323,3.2857
4187,FLYING J TRAVEL PLAZA #632,"I-75, EXIT 320",Resaca,GA,34.618933,-84.943331,3.2957
67827,GAS N GO,US-280/SR-27 & SR-520,Richland,GA,32.088944,-84.683438,3.199
4363,EL CHEAPO #4,"I-95, EXIT 87",Richmond Hill,GA,31.930039,-81.328629,3.0957
66921,LOVES TRAVEL STOP #338,"I-95/SR-405, EXIT 90 & SR-144",Richmond Hill,GA,31.911227,-81.31442,3.364
6632,TA SAVANNAH TRAVEL CENTER,"I-95/SR-405,  EXIT 87 & US-17/SR-25",Richmond Hill,GA,31.910658,-81.331474,3.3507
71632,Loves Travel Stop #819,SR-21 & SR-275,Rincon,GA,32.266536,-81.22683,3.3307
52430,CHEVRON FOOD MART,"I-75, EXIT 350 & SR-2",Ringgold,GA,34.949534,-85.175336,2.859
66805,CIRCLE K #2723553,US-27,Ringgold,GA,34.937445,-85.17208,3.0757
68316,CIRCLE K #2723622,"I-75, EXIT 345",Ringgold,GA,34.951392,-85.173367,3.0757
68029,MAPCO #3502,SR-151,Ringgold,GA,34.896284,-85.170777,3.0923
4204,PILOT TRAVEL CENTER #415,"I-59, EXIT 4",Rising Fawn,GA,34.851022,-85.537034,3.819
64840,BP,US-278/SR-6 & SR-101,Rockmart,GA,34.002542,-85.02434,3.599
1453,EXPRESS STOP,US-278/SR-101/SR-6 & SR-113,Rockmart,GA,33.993273,-85.082304,3.319
72250,RACEWAY #6854,US-278 & SR-113,Rockmart,GA,34.022953,-85.049151,3.1723
63330,CIRCLE K #2723678,SR-53,Rome,GA,34.243858,-85.11237,3.0623
60797,EVANS FOOD MART,SR-20,Rome,GA,34.230659,-85.149984,3.699
71478,RACEWAY #6970,SR-1 & Coker Rd,Rome,GA,34.21713,-85.167605,3.199
68841,PILOT TRAVEL CENTER #575,"I-95, EXIT 1",Saint Marys,GA,30.716246,-81.55659,3.599
69887,CIRCLE K #2701869,SR-21 & SR-307,Savannah,GA,32.112623,-81.115059,3.1157
10007,CIRCLE K #2705346,SR-307,Savannah,GA,32.077117,-81.077171,3.0323
71438,LOVES TRAVEL STOP #893,US-80 & SR-307,Savannah,GA,32.075201,-81.061911,3.289
3471,ONE9 MR FUEL #72,"I-16, EXIT 160",Savannah,GA,32.086015,-81.094355,3.119
70427,PARKERS #64 (DISCOUNT AVAILABLE),SR-307,Savannah,GA,32.094666,-81.063029,3.0323
63904,SUNOCO,"I-95, EXIT 19",Savannah,GA,32.048545,-81.061871,3.6323
72153,Jet Food Store,SR-15 & SR-46,Soperton,GA,32.423625,-82.551188,3.4157
64843,A TO Z TRUCKSTOP,US-301/US-25/SR-73,Statesboro,GA,32.457475,-81.748109,3.599
64842,Circle K #2745128,US-301 & US-25,Statesboro,GA,32.434076,-81.784475,3.199
70263,ENMARKET #769,US-301,Statesboro,GA,32.460227,-81.755062,3.699
72120,GAS PRO TRAVEL CENTER,US-301/25,Statesboro,GA,32.424457,-81.744135,3.129
73016,PARKERS #112,SR 67,Statesboro,GA,32.437354,-81.73942,3.199
70410,SPEEDWAY #4107,I-285 & US-78,Stone Mountain,GA,33.780403,-84.224219,3.529
67281,PARKERS SURRENCY #208,US-341/SR-27 & SR-121,Surrency,GA,31.638042,-82.226381,3.5857
72776,MARATHON,"1-75, Exit 80",Sycamore,GA,31.666124,-83.599015,3.299
863,Ocean Fuel,US-301/SR-73,Sylvania,GA,32.709761,-81.651648,3.499
5309,NEWBORN TRUCK STOP,I-20 EXIT 5,Tallapoosa,GA,33.755736,-85.317206,3.4073
52691,PILOT TRAVEL CENTER #312,"I-20/SR-402, EXIT 5 & SR-100",Tallapoosa,GA,33.771328,-85.269068,3.389
72297,T & M FOOD STORE,SR-113,Taylorsville,GA,34.090143,-84.966062,3.367
63695,FLYING J TRAVEL PLAZA #634,"I-20/SR-402, EXIT 19 & SR-113",Temple,GA,33.765619,-85.010623,3.419
63584,PILOT TRAVEL CENTER #417,"I-20, EXIT 19",Temple,GA,33.775971,-84.991208,3.389
63546,CITGO QUIK MART,SR/15 & SR-68,Tennille,GA,32.889229,-82.859955,3.4657
4164,CIRCLE K #2723897,"I-75, EXIT 138",Thomasville,GA,30.82754,-83.924108,3.2357
72760,RaceWay #6999,US-84 & US-319,Thomasville,GA,30.813907,-83.864973,3.1657
72290,SUNSTOP,US-19,Thomasville,GA,30.885262,-83.867918,3.2823
63922,THOMASVILLE TRAVEL CENTER,US-84 & SR-3,Thomasville,GA,30.822286,-83.912112,3.1807
1106,CIRCLE K #2705367,"I-20, EXIT 172",Thomson,GA,33.476483,-82.461773,3.399
66987,LOVES TRAVEL STOP #354,"US-78 & I-20, EXIT 172",Thomson,GA,33.443512,-82.468692,3.849
72737,Mollys Food and Fuel,"I-20, EXIT 175 & SR-150",Thomson,GA,33.469976,-82.50683,3.499
72700,RACEWAY #6726,"I-30, Exit 172",Thomson,GA,33.461408,-82.502711,3.399
73080,Circle K #2707255,"I-75, Exit 60",Tifton,GA,31.46542,-83.585734,3.0623
66523,LOVES TRAVEL STOP #325,"I-75, EXIT 59 & SOUTHWELL BLVD",Tifton,GA,31.473086,-83.585453,3.609
52239,PILOT TRAVEL CENTERS #192,"I-75, EXIT 60",Tifton,GA,31.470507,-83.564982,3.599
66597,BP,"I-16, EXIT 90 & US-1",Twin City,GA,32.611653,-82.166661,3.7823
65494,FLYING J TRAVEL PLAZA #633,"I-20, EXIT 138",Union Point,GA,33.625227,-83.064615,3.859
73085,Loves Travel Stop #550,I-75 EXIT 13,Valdosta,GA,30.739939,-83.305182,3.2223
63925,PILOT TRAVEL CENTER #4561,"I-75, EXIT 11",Valdosta,GA,30.782667,-83.331751,3.2857
71931,QUIKTRIP #7071,I-75 & SR-133/401,Valdosta,GA,30.716467,-83.331763,3.0323
66518,Racetrac #2622,"I-75, EXIT 60",Valdosta,GA,30.769289,-83.355607,3.0323
72154,JET FOOD STORE #93,US-280 & SR-135,Vidalia,GA,32.17712,-82.374623,3.4323
66342,ONE9 #398,"I-75, EXIT 109",Vienna,GA,32.077912,-83.827395,3.109
9485,PILOT TRAVEL CENTER #4559,"I-20, EXIT 26",Villa Rica,GA,33.729993,-84.912481,3.389
66292,LOVES TRAVEL STOP #311,"I-20, EXIT 9",Waco,GA,33.717443,-85.191032,3.3907
60804,JET FOOD STORE #4,US-1 & SR-78,Wadley,GA,32.908142,-82.386129,3.4157
64850,SHAKE RAG EXPRESS,US-1 & US-78,Wadley,GA,32.855965,-82.439248,3.4157
70599,Jet Food Store,US-278,Warrenton,GA,33.388901,-82.666949,3.4157
67394,Circle K #2745133,US-23 & SR-38,Waycross,GA,31.240179,-82.359093,3.399
71120,GAS PRO TRAVEL CENTER,US-25 & SR-56,Waynesboro,GA,33.077551,-81.955456,3.799
72714,LOVES TRAVEL STOP  #771,I-85 & SR-18,West Point,GA,32.835335,-85.086426,3.679
70707,TA Express West Point #283,"I-85/SR-403, EXIT 2 & SR-18",West Point,GA,32.832217,-85.133195,3.6657
67968,WHITESBURG BP,US-27/SR-16,Whitesburg,GA,33.496284,-84.886844,3.699
66709,CIRCLE K #2709343,"I-24, EXIT 169",Wildwood,GA,35.013588,-85.427105,3.1457
66293,One9 #254,"I-24, EXIT 169",Wildwood,GA,34.964697,-85.449133,3.099
67994,Pure,US-82/SR-520/SR-135,Willacoochee,GA,31.310125,-83.034371,3.4657
7798,CIRCLE K #2745100,"I-95, EXIT 7",Woodbine,GA,30.925281,-81.707699,3.2323
52431,WOODBINE TRAVEL CENTER,"I-95, EXIT 14",Woodbine,GA,30.941441,-81.687662,3.0323
5349,JET FOOD STORE #17,US-1/SR=4/SR-540 & US-220/SR-47,Wrens,GA,33.237209,-82.391573,3.4157
70130,SIDE TRACK,SR-57,Wrightsville,GA,32.741216,-82.75812,3.3157
72145,JP ZEBULON,US-19,Zebulon,GA,33.073451,-84.300055,3.135
64678,AINSWORTH FOUR CORNERS,US-218/SR-27 & SR-92,Ainsworth,IA,41.284982,-91.535634,3.109
3460,CHROME TRUCK STOP,US-18 & US-169,Algona,IA,43.038638,-94.235262,3.499
7398,FLYING J TRAVEL PLAZA #913,"I-80, EXIT 142 & US-65",Altoona,IA,41.646565,-93.439048,3.3423
71797,KWIK STAR #1186,"I-80/US-6, EXIT 142 & US-65",Altoona,IA,41.666801,-93.442591,3.199
70333,KWIK STAR #932,"I-80, EXIT 143 & CR-S14",Altoona,IA,41.658402,-93.434212,2.959
71718,KWIK STAR #1158,US-30,Ames,IA,42.015582,-93.610632,3.174
67150,Maverik Country Store #5119,"US-30, EXIT 150",Ames,IA,42.066674,-93.59657,3.0823
67341,CASEYS #3898,"US-151, EXIT 49 & CR-E34",Anamosa,IA,42.114958,-91.285871,3.359
70736,CASEYS #1941,"I-35, EXIT 90 & SR-160",Ankeny,IA,41.740533,-93.564466,3.139
71339,CASEYS #3934,"I-35, EXIT 89 & CO-R6F",Ankeny,IA,41.712042,-93.570242,3.099
72732,KUM & GO #2212,I-35 EXIT 89,Ankeny,IA,41.711654,-93.535837,3.1323
5230,ONE9 #496,"I-80, EXIT 265",Atalissa,IA,41.576233,-91.172689,3.0157
71681,WASPYS TRUCK STOP,US-71,Audubon,IA,41.75374,-94.878576,3.3157
63569,Flying J Dealer #893,"I-80, EXIT 40 (US-59)",Avoca,IA,41.496193,-95.345998,3.659
60807,BATAVIA GARDENS AND GAS,"US-34, EXIT 203",Batavia,IA,40.972418,-92.117219,3.379
70624,KWIK STAR #929,I-74 EXIT 2,Bettendorf,IA,41.526407,-90.457815,3.599
70582,Kwik Star #1039,I-80 EXIT 301,Bettendorf,IA,41.527356,-90.471342,3.649
64856,KUM & GO #1056,"I-35, EXIT 56",Bevington,IA,41.328631,-93.808488,3.099
71217,KUM & GO #0185,US-65,Bondurant,IA,41.683497,-93.482809,3.095
52484,KWIK STAR #303,"I-80, EXIT 201 & US-21",Brooklyn,IA,41.763883,-92.426919,3.129
67162,PILOT TRAVEL CENTER #495,"I-80 , EXIT 201",Brooklyn,IA,41.694729,-92.423967,3.699
69125,TA BROOKLYN,"I-80, EXIT 197",Brooklyn,IA,41.739097,-92.38943,3.819
67182,KWIK STAR #817,US-52 & SR-24,Calmar,IA,43.159652,-91.948991,3.579
67431,SPARKYS ONE STOP #32,I-30 & CR 33,Carroll,IA,42.041481,-94.849615,3.2323
67613,KWIK STAR #490,"US-20, EXIT 225 & SR-27/SR-58",Cedar Falls,IA,42.494756,-92.46384,3.524
67685,CASEYS #2792,"I-380/US-218, EXIT 13",Cedar Rapids,IA,41.988751,-91.663866,3.499
71302,KWIK STAR #1107,I-380 EXIT 18,Cedar Rapids,IA,41.97625,-91.629047,3.574
69528,KWIK STAR #283,"I-380/US-218/SR-27, EXIT 13",Cedar Rapids,IA,42.011878,-91.645242,3.5323
70049,KWIK STAR #581,"I-380, EXIT 17",Cedar Rapids,IA,41.990617,-91.665203,3.5407
71433,Kwik Star #1146,US HWY 151,Cedar Rapids,IA,42.001078,-91.664546,3.624
70221,PILOT #1092,CR-70 E,Cedar Rapids,IA,41.990483,-91.657302,3.779
66931,CASEYS #3896,"I-380, EXIT 35",Center Point,IA,42.190802,-91.769779,3.449
72535,MFA #911310,SR-5,Centerville,IA,40.742695,-92.89641,3.1257
67861,CASEYS #4308,US-34,Chariton,IA,41.041367,-93.280522,3.539
64857,CHARITON FOOD SHOP,US-34,Chariton,IA,41.058168,-93.267353,3.369
67174,KWIK STAR #419,"US-218, EXIT 218",Charles City,IA,43.067875,-92.63843,3.539
72279,AMOCO,US-30,Clarence,IA,41.916499,-91.082294,3.399
191,KUM & GO #0302,"I-35, EXIT 193 & SR 106",Clear Lake,IA,43.125836,-93.403581,3.1857
69531,Kwik Star#223,"I-35, EXIT 194 & US-18/SR-122",Clear Lake,IA,43.119868,-93.38591,3.079
67009,PILOT TRAVEL CENTERS #407,"I-35, EXIT 194",Clear Lake,IA,43.102901,-93.359834,3.659
52684,KWIK STAR #348,US-30/US-67,Clinton,IA,41.856944,-90.172865,3.624
9995,LOVES TRAVEL STOP #411,"I-35 & I-80, EXIT 125 & US-6",Clive,IA,41.636458,-93.770743,3.3407
70737,CASEYS #2272,I-80/US-6 EXIT 155 & SR-117,Colfax,IA,41.676893,-93.275597,3.099
66030,Colfax Travel Center,"I-80, EXIT 159 & SR-117",Colfax,IA,41.693558,-93.241983,3.149
4292,KUM & GO #0032,"I-80/US-6, EXIT 155 & SR-117",Colfax,IA,41.694942,-93.230577,3.0823
7007,KUM & GO #0201,"I-80, EXIT 242",Coralville,IA,41.674563,-91.611758,3.294
71985,Brew #12,US-20 & SR-31,Correctionville,IA,42.448308,-95.747337,3.559
69401,CASEYS #3205,"I-29, EXIT 47 & US-275/SR-92",Council Bluffs,IA,41.211672,-95.898169,3.599
52577,PILOT TRAVEL CENTER #329,"I-29 & I-80, EXIT 1B",Council Bluffs,IA,41.194144,-95.909942,3.659
184,SAPP BROS TRAVEL CENTER,"I-29 & I-80, EXIT 1B",Council Bluffs,IA,41.236956,-95.860331,3.719
50,TA COUNCIL BLUFFS TRAVEL CENTER,"I-29 & I-80, EXIT 3",Council Bluffs,IA,41.257154,-95.91458,3.7257
67175,KWIK STAR #428,SR-9,Cresco,IA,43.372355,-92.137779,3.524
70660,CASEYS #3852,"I-35, EXIT 33 & US-34",Creston,IA,41.047754,-94.358729,3.349
52405,FLYING J TRAVEL PLAZA #636,"I-80, EXIT 292",Davenport,IA,41.542514,-90.612151,3.8723
69171,KWIK STAR #215,US-61,Davenport,IA,41.531648,-90.592751,3.649
71368,Kwik Star #1071,I-280 E and US-61 N,Davenport,IA,41.545394,-90.611445,3.324
68708,LOVES TRAVEL STOP #476,"I-80, EXIT 292 & SR-130",Davenport,IA,41.483201,-90.605285,3.8623
71446,SPEEDWAY #4221,I-80 Exit 292,Davenport,IA,41.483508,-90.558397,3.749
71872,KWIK STAR #1189,"I-80, EXIT 110",De Soto,IA,41.497489,-94.012966,3.224
69746,Maverik Country Store #5014,I-80 E EXIT 110 & HWY169,De Soto,IA,41.521945,-94.058003,3.099
63699,DEWITT TRAVEL MART,"US-30, EXIT 313",De Witt,IA,41.850499,-90.520042,3.599
69288,KWIK STAR #207,"US-61, EXIT 311B & US-30",De Witt,IA,41.786826,-90.558113,3.624
71563,Kwik Star #1081,SR-9,Decorah,IA,43.30259,-91.827176,3.579
62316,BP,US-20,Delaware,IA,42.456486,-91.32354,3.299
1112,BC AMPRIDE TRUCK PLAZA,US-59/SR-141,Denison,IA,42.047288,-95.396216,3.399
70417,CASEYS #3434,US-63,Denver,IA,42.692716,-92.342036,3.499
67178,KWIK STAR #701,US-63,Denver,IA,42.711323,-92.356061,3.499
69850,KUM & GO #0539,"I-80 E, & SR-415 EXIT 135",Des Moines,IA,41.659197,-93.552897,3.0723
1567,KUM & GO #4110,"I-235, EXIT 11",Des Moines,IA,41.652636,-93.544333,3.0273
69379,Kum & Go #0535,US-6 & US-65,Des Moines,IA,41.681707,-93.60569,2.9873
64859,QUICK FUEL #2901,"I-35/I-80, EXIT 136",Des Moines,IA,41.64047,-93.554186,3.1373
52470,QUIKTRIP #562,"I-80, EXIT 136",Des Moines,IA,41.693539,-93.59259,3.0473
67285,CASEY'S #4504,"I-35, EXIT 159 & CR-C47",Dows,IA,42.626154,-93.529515,3.299
64860,BP TRUCK PLAZA,US-61/US-151,Dubuque,IA,42.517533,-90.706743,3.489
9851,KWIK STOP #86,US-151/US-52/US-61,Dubuque,IA,42.529171,-90.708752,3.489
4331,KWIK STOP C STORES,US-61/US-151,Dubuque,IA,42.511124,-90.703621,3.559
73120,Kwik Star #1184,US 61,Dubuque,IA,42.503601,-90.68966,3.489
71823,MARKER 126,US HWY 20,Duncombe,IA,42.478191,-94.090278,3.059
70774,CASEYS #3079,"US-20, EXIT 71 & US-71",Early,IA,42.466912,-95.193671,3.299
71094,BP,US-63 & SR-137,Eddyville,IA,41.14289,-92.610148,3.379
69876,LOVES TRAVEL STOP #684,"I-35, EXIT 133 & SR-175",Ellsworth,IA,42.332493,-93.553121,3.689
67140,Maverik Country Store #5069,I-35 EXIT 133,Ellsworth,IA,42.321029,-93.527594,3.0957
71321,Kwik Star #1119,US-18,Emmetsburg,IA,43.074398,-94.710306,3.449
70565,Kwik Star #1025,SR-9/SR-4,Estherville,IA,43.41359,-94.79944,3.3323
63580,FLYING J TRAVEL PLAZA #637,"I-380, EXIT 68",Evansdale,IA,42.497974,-92.251591,3.779
4349,ROAD RANGER #144,"I-380, EXIT 68US-20, EXIT 68",Evansdale,IA,42.465444,-92.308989,3.729
64862,218 FUEL EXPRESS,US-218 & US-18,Floyd,IA,43.145095,-92.744099,3.489
69855,LOVES TRAVEL STOP #670,US-18,Floyd,IA,43.133724,-92.693024,3.649
70604,KWIK STAR #940,US-69 & SR-9,Forest City,IA,43.240927,-93.668087,3.449
6434,AMPRIDE ALL ROUND TRUCK STOP,US-20,Fort Dodge,IA,42.50914,-94.159548,3.299
70297,KWIK STAR #509,SR-169 & BUS-20,Fort Dodge,IA,42.542811,-94.15214,3.2023
70325,KWIK STAR #927,US-169 & US-169 BUS/US-20 BUS,Fort Dodge,IA,42.545533,-94.141274,3.2023
64863,FT MADISON FAST BREAK,US-61,Fort Madison,IA,40.643026,-91.365488,3.399
70274,Kwik Star #920,US-18 & US-69,Garner,IA,43.09189,-93.556077,3.399
70742,CASEYS #3653,SR-14,Greene,IA,42.889787,-92.840162,3.599
67141,KUM & GO #0022,"I-80, EXIT 182 & SR-146",Grinnell,IA,41.765519,-92.758245,3.1973
69847,KWIK STAR #145,US-52,Guttenberg,IA,42.727151,-91.157907,3.599
70010,Kwik Star #567,US-65 & SR-3,Hampton,IA,42.712391,-93.198532,3.504
69998,CASEYS #3604,US-75,Hinton,IA,42.578245,-96.302562,3.299
66055,WINDMILL BP,"US-20, EXIT 208 & SR-14",Holland,IA,42.426213,-92.792622,3.599
70431,TA EXPRESS HOLSTEIN #941,I-20 E,Holstein,IA,42.459941,-95.59162,3.559
71216,Maverik Country Store #5337,"I-35, EXIT 102 & SR-210",Huxley,IA,41.921193,-93.622615,3.0923
63652,CASEYS #3292,"I-380, EXIT 43 & US-20",Independence,IA,42.434402,-91.915959,3.599
71698,Kwik Star #1142,hwy 6,Iowa City,IA,41.627372,-91.475815,3.134
70042,Kwik Star #103,US-65,Iowa Falls,IA,42.546836,-93.2915,3.374
60817,KWIK STAR #712,US-218 & SR-27,Janesville,IA,42.64691,-92.468267,3.599
3530,SPARKYS ONE STOP #22,"I-35, EXIT 111B & US-30",Jefferson,IA,42.024164,-94.369226,3.2323
187,DUDLEYS CORNER,"I-35, EXIT 165 & SR-3",Latimer,IA,42.738124,-93.389232,3.2323
5341,KWIK STAR #1160,"US-75, EXIT 118 & SR-3",Le Mars,IA,42.82089,-96.172879,3.299
71801,Love's Travel Stop #869,US HWY 75,Le Mars,IA,42.776686,-96.151245,3.4557
68349,SAPP BROS TRAVEL CENTER,"US-75, EXIT 116",Le Mars,IA,42.786612,-96.182287,3.269
68451,CASEYS #3439,US-63,Lime Springs,IA,43.43637,-92.267708,3.5657
70763,CASEYS #3854,"US-20, EXIT 275 & SR-13",Manchester,IA,42.489483,-91.414807,3.5457
67847,E Z PICKENS,"US-20, EXIT 275 & SR-13",Manchester,IA,42.466441,-91.473624,3.579
67274,KWIK STAR #790,"US-20, EXIT 275 & SR-13",Manchester,IA,42.492554,-91.42747,3.5623
71143,CASEYS #3904,SR-141,Manning,IA,41.934514,-95.04271,3.209
69820,CUBBYS #304,SR-7,Manson,IA,42.522604,-94.521083,3.299
66867,KWIK STAR #212,"US-61, EXIT 156",Maquoketa,IA,42.078743,-90.701544,3.624
68048,CASEYS #3961,SR-3 & SR-143,Marcus,IA,42.782231,-95.779672,3.299
71076,Kwik Star #589,US-151,Marion,IA,42.058059,-91.624578,3.524
10109,GIT N GO CONVENIENCE STORE #34,"US-30, EXIT 185 & SR-14",Marshalltown,IA,42.001267,-92.941777,3.119
64479,YESWAY #1148,"US-30, EXIT 186",Marshalltown,IA,42.0617,-92.94604,3.2457
70600,KWIK STAR #1027,US-65,Mason City,IA,43.175414,-93.190019,3.264
64868,MEDIAPOLIS FAST BREAK,US-61,Mediapolis,IA,41.025836,-91.138885,3.349
73082,KWIK STAR #1153,US 71,Milford,IA,43.323636,-95.126117,3.324
70779,CASEYS #3204,"I-80, EXIT 29 & I-880, EXIT 29A",Minden,IA,41.474352,-95.582742,3.159
69658,Missouri Travel,"I-29, EXIT 75 & US-30",Missouri Valley,IA,41.60184,-95.888765,3.424
4389,TAYLOR QUIK-PIK,"I-29, EXIT 75 & US-30",Missouri Valley,IA,41.571317,-95.886373,3.399
60242,KWIK STAR #711,US-18/US-52,Monona,IA,43.041522,-91.384308,3.624
67151,CASEYS #2523,"SR-163, EXIT 29 & SR-14",Monroe,IA,41.558406,-93.139372,3.199
71088,KARDES,US-151,Monticello,IA,42.253876,-91.165593,3.399
70413,CASEYS #3782,US-169 & SR-2,Mount Ayr,IA,40.695607,-94.233574,3.164
69309,PILOT TRAVEL CENTER #1012,"US-218, EXIT 42B & US-34",Mount Pleasant,IA,40.951972,-91.554548,3.5657
67416,CASEYS #4025,US-61/SR-92,Muscatine,IA,41.406293,-91.05774,3.299
71899,LOVES TRAVEL STOP #882,US-61/SR-92,Muscatine,IA,41.402542,-91.078866,3.439
64871,STEWART ROAD FAST BREAK,CR-X61,Muscatine,IA,41.398841,-91.03981,3.299
66538,KUM & GO #0023,"I-80, EXIT 23",Neola,IA,41.47729,-95.676222,3.1573
69521,CASEYS #3319,"US-30, EXIT 158",Nevada,IA,41.990808,-93.410168,2.989
68276,KWIK STAR #895,US-18/US-63 EXIT 204,New Hampton,IA,43.036574,-92.343928,3.449
4373,KUM & GO #0043,"I-35, EXIT 43 & SR-207/CRG76",New Virginia,IA,41.213242,-93.69309,3.114
71387,CASEYS #3954,"I-80, Exit 168",Newton,IA,41.712771,-93.080304,3.249
70306,KWIK STAR #1001,US-6,Newton,IA,41.69557,-93.055014,3.249
67066,LOVES TRAVEL STOP #361,"I-80, EXIT 168",Newton,IA,41.660319,-93.06814,3.7623
73083,Kwik Star #1213,I-380 EXIT 2,North Liberty,IA,41.763477,-91.591379,3.159
69946,KUM & GO #0119,"I-35, EXIT 214 & SR-105",Northwood,IA,43.423633,-93.267681,3.1157
68052,CUBBYS #302,SR-39 & SR-175,Odebolt,IA,42.3169,-95.270793,3.3157
71813,Kweik Star #1156,SR-150 & SR-3,Oelwein,IA,42.678242,-91.910145,3.5823
64873,CUBBYS #2301,"I-29, EXIT 112",Onawa,IA,42.025637,-96.110502,3.149
60243,PETRO MART,"I-29, EXIT 112",Onawa,IA,42.035619,-96.144721,3.1573
66756,CASEYS #2550,"I-35, EXIT 33 & US-34",Osceola,IA,40.999317,-93.754414,3.339
64874,OSCEOLA TRAVEL PLAZA,"I-25, EXIT 33 & US-34",Osceola,IA,41.042719,-93.740574,3.3123
67793,PILOT TRAVEL CENTERS #131,"I-35, EXIT 34",Osceola,IA,41.044723,-93.7796,3.439
692,BP,US-63,Ottumwa,IA,41.007241,-92.392505,3.399
5030,YESWAY #1030,US-63 & E MARY ST,Ottumwa,IA,41.06257,-92.413821,3.399
71978,BP,I-29 & US-34,Pacific Junction,IA,41.05901,-95.809429,3.399
70150,LOVES TRAVEL STOP #704,"I-29, EXIT 35B & US-34",Pacific Junction,IA,41.039212,-95.770182,3.789
1115,KWIK STAR #704,SR-57/SR-14,Parkersburg,IA,42.565286,-92.786666,3.5823
64875,CASEYS #2598,"SR-163, EXIT 42",Pella,IA,41.381545,-92.942768,3.199
4335,HIGHWAY 20  AUTO TRUCK PLAZA,US-20,Peosta,IA,42.436779,-90.841793,3.489
69458,PEOSTA KWIK STOP,"US-20, EXIT 308",Peosta,IA,42.440348,-90.837824,3.489
63937,CUBBYS #305,"I-29, EXIT 10 & SR-2",Percival,IA,40.707804,-95.81123,3.694
64876,PILOT #238,"I-29, EXIT 10",Percival,IA,40.732225,-95.822299,3.799
66023,SAPP BROS TRAVEL CENTER,"I-29, EXIT 10 & SR-2",Percival,IA,40.75377,-95.806621,3.789
72727,CASEYS #4319,SR-141,Perry,IA,41.87796,-94.092266,3.129
71710,KWIK STAR #1180,SR-141,Perry,IA,41.805626,-94.070264,3.0607
71398,KWIK STAR #1089,SR 415,Polk City,IA,41.75194,-93.719999,3.159
60822,CASEYS #3639,US-18/US-52,Postville,IA,42.97351,-91.585355,3.599
63938,CUBBYS #301,US-34 & SR-48,Red Oak,IA,41.01708,-95.263777,3.399
64877,CASEYS #3900,"US-218, EXIT 80 & SR-22",Riverside,IA,41.448454,-91.534225,3.1707
67418,KUM & GO #0080,"US-218/SR-27, EXIT 80 & SR-22",Riverside,IA,41.511381,-91.543353,3.0973
72798,Casey's #4539,US-75,Rock Rapids,IA,43.427176,-96.157027,3.349
71107,SPARKYS ONE STOP,"US-20, EXIT 96 & SR-4",Rockwell City,IA,42.402111,-94.619962,3.2157
71148,CASEYS #1892,US-65,Sheffield,IA,42.859123,-93.243485,3.1523
69177,LOVES TRAVEL STOP #426,"I-80, EXIT 34",Shelby,IA,41.557385,-95.485315,3.649
71434,KWIK STAR #1154,"SR 18 & SR 60, Exit 34",Sheldon,IA,43.183836,-95.863247,3.199
67304,JACKRABBIT JUNCTION,"SR-60, EXIT 51 & CR-A22",Sibley,IA,43.377814,-95.761728,3.2657
71506,KWIK STAR #1165,SR-60,Sibley,IA,43.400957,-95.759603,3.224
70268,CASEYS #3396,SR-92 & SR-149,Sigourney,IA,41.367698,-92.209389,3.3623
72778,KWIK STAR #1208,US-75,Sioux Center,IA,43.089524,-96.179468,3.199
66110,LOVES TRAVEL STOP #479,"I-29, EXIT143",Sioux City,IA,42.536114,-96.410564,3.6423
7406,PILOT TRAVEL CENTER #594,"I-29, EXIT 143",Sioux City,IA,42.461899,-96.440194,3.6057
64884,SAPP BROS TRAVEL CENTER,US-61 & SR-78,Sioux City,IA,42.518335,-96.408453,3.649
67977,KUM & GO #4127,"I-29, EXIT 127",Sloan,IA,42.254017,-96.198399,3.109
67819,BREW #31,US-71/US-18,Spencer,IA,43.142819,-95.116916,3.4657
64880,CASEYS #2487,US-71/SR-9,Spirit Lake,IA,43.421641,-95.124114,3.3823
70541,Kwik Star#1012,US-71 & SR-9,Spirit Lake,IA,43.38725,-95.135009,3.299
64881,SPARKYS ONE STOP #16,US-71 & SR-3,Storm Lake,IA,42.632612,-95.156783,3.2323
67684,CASEYS #2490,"I-35, EXIT 124 & US-69",Story City,IA,42.145577,-93.584295,3.0623
71027,Kwik Star #1068,I-35,Story City,IA,42.176946,-93.580156,2.959
192,Brew Stuart Truckstop,"I-80, EXIT 93",Stuart,IA,41.480179,-94.283167,3.099
4427,CASEYS #2654,"I-80/US-6, EXIT 93 & CR-P28",Stuart,IA,41.520985,-94.281128,3.099
67404,Meskwaki Travel Plaza,HIGHWAY 30 E,Tama,IA,41.928179,-92.607374,3.234
67422,KUM & GO #0137,"I-80, EXIT 237",Tiffin,IA,41.73973,-91.701439,3.099
67395,KUM & GO #0267,"I-80, EXIT 267 & SR 38",Tipton,IA,41.744449,-91.128031,2.9823
4431,CASEYS #2653,"US-63 & US-30, EXIT 202",Toledo,IA,42.015733,-92.578068,3.349
71773,KWIK STAR #710,US-30 EXIT-202,Toledo,IA,41.968839,-92.530444,3.399
4437,UNDERWOOD TRUCK STOP I 80,"I-80, EXIT 17",Underwood,IA,41.366533,-95.649981,3.0007
68531,CASEYS #2845,"SR-150, I-380, EXIT 41",Urbana,IA,42.243902,-91.877996,3.449
66664,CASEYS #3294,"I-380/SR-27, EXIT 43 & SR-150",Urbana,IA,42.197494,-91.869557,3.449
7410,PILOT TRAVEL CENTER #373,"I-35 & I-80, EXIT 126",Urbandale,IA,41.622491,-93.695596,3.3423
70748,CASEYS #3717,US-218,Vinton,IA,42.171733,-91.971355,3.199
71018,KWIK STAR #1076,US-218,Vinton,IA,42.174955,-91.982681,3.199
6164,PILOT TRAVEL CENTER #268,"I-80/US-6, EXIT 284",Walcott,IA,41.647356,-90.704067,3.859
63728,PILOT TRAVEL CENTER #43,"I-80, EXIT 284",Walcott,IA,41.642201,-90.721627,3.859
7407,TA IOWA 80 TRAVEL PLAZA,"I-80, EXIT 284",Walcott,IA,41.673036,-90.689985,3.9023
64883,KUM & GO #1046,"I-80, EXIT 46 & CR-M47",Walnut,IA,41.448272,-95.228262,3.109
66809,CASEYS #3449,SR-78,Wapello,IA,41.222429,-91.158592,3.349
70770,CASEYS #3528,SR-92,Washington,IA,41.274234,-91.730977,3.271
4452,CASEYS #2867,US-63 & US-20,Waterloo,IA,42.503274,-92.357014,3.499
70303,Kwik Star #1004,US-63,Waterloo,IA,42.473328,-92.359601,3.574
70032,Kwik Star #569,US-20,Waterloo,IA,42.48403,-92.35062,3.574
70157,LOVES TRAVEL STOP #702,US-63,Waterloo,IA,42.468811,-92.389394,3.769
70346,Kwik Star #924,SR-17 & US-20 EXIT 140,Webster City,IA,42.482306,-93.792552,3.2023
67396,Q C MART,US-61 & CR-E63,Welton,IA,41.933174,-90.576377,3.699
6299,HWY 34 TRUCKSTOP,"US-34, EXIT 258",West Burlington,IA,40.821743,-91.174968,3.374
4750,BROOKE TRAVEL PLAZA,"I-80, EXIT 259",West Liberty,IA,41.576161,-91.260928,2.9873
64886,WEVER JUNCTION,US-61 & CR-X50,Wever,IA,40.724769,-91.218127,3.399
63771,FLYING J FUEL STOP #572,"I-35, EXIT 144",Williams,IA,42.480043,-93.544727,3.699
5128,CASEYS #2769,"I-80, EXIT 220 & SR-149",Williamsburg,IA,41.626369,-92.016169,3.1423
4458,KUM & GO #1443,"I-80, EXIT 216",Williamsburg,IA,41.650716,-92.0619,3.1307
72552,VALLEYWIDE COUNTRY STORE,I- 86 Exit 40,American Falls,ID,42.61572,-112.931328,3.599
68381,Fast Stop Travel Centers #2241,US-26 S & SR-39,Blackfoot,ID,43.225921,-112.345236,3.999
67359,SAGE HILL TRAVEL CENTER,"I-15, EXIT 89 & US-91",Blackfoot,ID,43.217404,-112.382326,3.569
981,STINKER #85,"I-15, EXIT 93",Blackfoot,ID,43.219668,-112.37755,3.5323
71150,LOVES TRAVEL STOP #812,"I-84, EXIT 141",Bliss,ID,42.927508,-114.934514,3.7857
60245,STINKER #74,"I-84, EXIT 137",Bliss,ID,42.980295,-114.9372,3.634
3464,BOISE PETROLEUM LLC,"I-84,  EXIT 71",Boise,ID,43.591445,-116.265894,3.379
4482,FLYING J FUEL STOP #777,"I-84, EXIT 54(FEDERAL WAY)",Boise,ID,43.620016,-116.288181,3.7657
70176,MAVERIK COUNTRY STORE #565,I-84,Boise,ID,43.633933,-116.260877,3.3957
71369,MR GAS TRAVEL CENTER #21,I-84 EXIT 59A,Boise,ID,43.566107,-116.241359,3.6957
7482,TA BOISE TRAVEL CENTER,"I-84, EXIT 54",Boise,ID,43.596282,-116.2677,3.7707
4492,3 MILE CORNER TRUCK STOP,US-2 & US-95,Bonners Ferry,ID,48.717786,-116.371712,3.734
63533,FLYING J TRAVEL PLAZA #638,"I-84, EXIT 29",Caldwell,ID,43.687364,-116.698182,3.7873
69532,JACKSONS FOOD STORE #147,"I-84, EXIT 27/US-20 & SR-19",Caldwell,ID,43.677739,-116.663636,3.579
70360,MAVERIK COUNTRY STORE #595,"I-84, EXIT 28",Caldwell,ID,43.644697,-116.665202,3.369
64887,COUNCIL FOOD AND FUEL,US-95,Council,ID,44.767852,-116.474686,3.589
2805,Fast Stop Travel Centers #1145,"I-15,  EXIT 31",Downey,ID,42.417604,-112.142565,3.799
68499,DUBOIS TRAVEL STOP,I-15 & MAIN,Dubois,ID,44.146213,-112.350331,4.299
1121,TRAVELERS OASIS,"I-84, EXIT 182",Eden,ID,42.547084,-114.22501,3.799
2915,TP TRUCK STOP,"I-15, EXIT 80",Fort Hall,ID,43.018962,-112.390885,3.519
70351,MAVERIK COUNTRY STORE #606,US-91,Franklin,ID,42.025097,-111.77658,3.579
72046,CHEVRON DBA ONE9 #1429,US-30 & US-95,Fruitland,ID,44.010962,-116.903352,3.349
68952,MAVERIK COUNTRY STORE #425,"I-84, EXIT 376, US-30/US-95",Fruitland,ID,43.965265,-116.899178,3.3657
64888,NOMNOM #21,US-95 & SR-13,Grangeville,ID,45.948457,-116.073508,3.9073
66888,LOVES TRAVEL STOP #334,"I-84, EXIT 211 & US-30/SR-24",Heyburn,ID,42.597529,-113.776993,3.8923
2779,Stinker #121,I-84 & EXIT 208,Heyburn,ID,42.574994,-113.754921,3.5607
68996,BLU / DRIVEN FUELS,"I-15, EXIT 113",Idaho Falls,ID,43.52581,-111.911969,3.479
5462,BOOZER KWIK STOP,"I-15, EXIT 118",Idaho Falls,ID,43.529563,-111.89581,3.4473
69100,DADS NORTH YELLOWSTONE,US-26,Idaho Falls,ID,43.541318,-111.926513,3.599
66038,FLYING J #1043,"I-15, EXIT 113",Idaho Falls,ID,43.582392,-111.895637,3.699
71437,GOOD 2 GO #121,I-15 EXIT 113,Idaho Falls,ID,43.528396,-111.875928,3.479
68053,KJ TRAVEL CENTER,"US-20, EXIT 310",Idaho Falls,ID,43.573733,-111.873779,3.4073
68734,LOVES TRAVEL STOP #478,"I-15, EXIT 113",Idaho Falls,ID,43.527626,-111.917968,3.7557
72868,MAVERIK #737,I-15 EXIT 116,Idaho Falls,ID,43.530761,-111.866327,3.4057
69937,MAVERIK COUNTRY STORE #385,"I-15, EXIT 119",Idaho Falls,ID,43.576419,-111.871668,3.4257
70145,MAVERIK COUNTRY STORE #578,US-26 & US-91,Idaho Falls,ID,43.524684,-111.854807,3.4023
73044,Maverik #732,"US 20, EXIT 310",Idaho Falls,ID,43.566974,-111.867072,3.394
64536,FLYING J TRAVEL PLAZA #640,"I-84, EXIT 173",Jerome,ID,42.699336,-114.483984,3.9023
70217,MR GAS #20,I-84 EXIT 165,Jerome,ID,42.751197,-114.467401,3.4073
71269,Maverik Country Store #652,I-84 & SR 79,Jerome,ID,42.729961,-114.515453,3.394
69501,VALLEY COUNTRY STORE,"I-84, EXIT 16B & SR-79",Jerome,ID,42.688272,-114.481019,3.4323
72337,VALLEY COUNTRY STORE,I-84 & US-93,Jerome,ID,42.688559,-114.472404,3.4323
2896,NORTH LEWISTON DYNAMART,US-12 & SR 128,Lewiston,ID,46.350984,-116.845406,3.669
4525,STINKER #42,US-12/US-95 & SR-128,Lewiston,ID,46.394189,-116.855594,3.6973
70878,MAVERIK COUNTRY STORE #630,I-15 EXIT 13,Malad City,ID,42.172738,-112.297468,3.394
66552,GEM STOP,I-84,Marsing,ID,43.537853,-116.849894,3.5857
67055,FLYING J TRAVEL PLAZA #641,I-15,Mccammon,ID,42.610032,-112.143706,3.749
5202,Chevron #306185,US-30,Montpelier,ID,42.38704,-111.334733,3.699
4818,PILOT TRAVEL CENTERS #350,"I-84 & US-20, EXIT 95",Mountain Home,ID,43.125181,-115.672194,3.759
10110,JACKSON'S FOODS DBA ONE9 #1427,"I-84, EXIT 36",Nampa,ID,43.608617,-116.547694,3.3707
68935,JACKSONS FOOD STORES #144,I-84 & SR-55,Nampa,ID,43.617172,-116.612505,3.899
68978,MAVERIK COUNTRY STORE #287,"I-84, EXIT 36 & US-30",Nampa,ID,43.577976,-116.568026,3.3857
4878,SHELL DBA ONE9 #1426,"I-84, EXIT 35",Nampa,ID,43.60159,-116.559284,3.374
73119,Stinker #122,I-84 EXIT 36,Nampa,ID,43.619481,-116.591047,3.4023
68497,JACKSONS FOOD STORE #30,"I-86, EXIT 61",Pocatello,ID,42.881205,-112.442191,3.459
71245,MAVERIK COUNTRY STORE #651,"I-15, EXIT 67 & US-30",Pocatello,ID,42.920213,-112.435444,3.4023
4172,FLYING J TRAVEL PLAZA #639,"I-90, EXIT 2",Post Falls,ID,47.742741,-116.934241,3.7623
67623,LOVES TRAVEL STOP #301,"I-90, EXIT 2",Post Falls,ID,47.730073,-116.951099,3.7457
70403,MAVERIK COUNTRY STORE #607,"I-90, EXIT 1",Post Falls,ID,47.719213,-116.92618,3.3757
69888,OASIS STOP N GO #17,US-30,Twin Falls,ID,42.576558,-114.478568,3.699
64892,JACKSONS FOOD STORE #3,US-95,Wilder,ID,43.638227,-116.875268,3.579
72699,Quiktrip #7195,"I-355, EXIT 29",Addison,IL,41.899011,-88.034605,3.079
72891,GAS N WASH,"I-57, EXIT 354",Alsip,IL,41.683767,-87.699082,3.399
71682,Gas N Wash,"SR 83, SR 50, I-294",Alsip,IL,41.672117,-87.766807,3.299
72207,NZT,I-294,Alsip,IL,41.695656,-87.715023,3.389
69542,PILOT #1030,"I-57, EXIT 353",Alsip,IL,41.701292,-87.723675,3.359
69047,SPEEDWAY #7461,I-294 & SR-50/SR-31,Alsip,IL,41.663368,-87.769493,3.219
70740,JACK FLASH,"I-70, EXIT 82 & SR 128",Altamont,IL,39.054695,-88.732288,3.099
68888,Express Lane,"US-80, EXIT 33 & US-6/SR-78",Annawan,IL,41.363708,-89.949837,3.299
135,LOVES TRAVEL STOP #766,"I-80, EXIT 27",Atkinson,IL,41.382583,-90.043877,3.389
71301,Atlanta IL Visitors Center,I-55 EXIT 140,Atlanta,IL,40.286792,-89.259173,3.399
60829,BARRY TRAVEL PLAZA,"I-72, EXIT 20",Barry,IL,39.694497,-91.018977,3.599
69647,SPEEDWAY #6207,SR-25,Batavia,IL,41.822259,-88.291534,3.599
70034,SPEEDWAY #8799,I-55 EXIT 282A & SR-171,Bedford Park,IL,41.790715,-87.727071,3.599
72438,QUIKTRIP #7208,I-290 EXIT 18A,Bellwood,IL,41.857579,-87.86893,3.079
62370,7-ELEVEN #34712,I-90 Exit 24,Belvidere,IL,42.286623,-88.846232,3.739
72349,7-ELEVEN #34713,"I-90, EXIT 24",Belvidere,IL,42.259271,-88.856005,3.659
73030,SPEED TREK TRAVEL CENTER,I-90 EXIT 25,Belvidere,IL,42.241351,-88.889095,3.699
69851,SPEEDWAY #3995,I-90,Belvidere,IL,42.248411,-88.828595,3.849
70180,Gulf,SR-83,Bensenville,IL,41.98372,-87.948025,3.059
70085,Pilot #1114,SR-83,Bensenville,IL,41.95672,-87.901866,3.389
66810,QUICK FUEL #3145,SR-83,Bensenville,IL,41.927279,-87.961068,3.449
69878,SPEEDWAY #7412,SR-83 & SR-19,Bensenville,IL,41.920417,-87.94658,3.379
69261,THORNTONS #314,SR-83,Bensenville,IL,41.946838,-87.955452,3.409
70172,MACH 1 #3,I-57 & SR-14,Benton,IL,38.021755,-88.942064,3.379
72119,Gas N Wash Cicero,SR-50,Berwyn,IL,41.803591,-87.787363,3.569
60833,SPEEDWAY #5400,CR-11 & CR-23,Bloomingdale,IL,41.922507,-88.048562,3.759
64894,CIRCLE K #4701251,"I-55, EXIT 160B & SR-9",Bloomington,IL,40.4741,-88.997533,3.399
4563,PILOT TRAVEL CENTERS #299,"I-55/I-74/US-51, EXIT 160 & US-150/SR-9",Bloomington,IL,40.500447,-88.983893,3.399
6018,TA BLOOMINGTON TRAVEL CENTER,"I-55, I-74 & I-39 , EXIT 160",Bloomington,IL,40.474002,-88.949591,3.449
69780,Bolingbrook Mart,"I-55, EXIT 269",Bolingbrook,IL,41.717114,-88.05522,3.639
52255,GREATER CHICAGO I 55,"I-55, EXIT 267 & SR-53",Bolingbrook,IL,41.69902,-88.086538,3.319
70623,SPEEDWAY #1127,"I-55, EXIT 267 & SR-53",Bolingbrook,IL,41.686354,-88.067751,3.299
72471,THORNTONS #221335,I-55 Exit 263,Bolingbrook,IL,41.688708,-88.091465,3.649
70663,LENNYS GAS N WASH BOURBONNAIS,US-45/US-52,Bourbonnais,IL,41.133951,-87.898099,3.299
72768,ROAD RANGER #287,I-57 EXIT 318,Bourbonnais,IL,41.195301,-87.914099,3.339
69314,Circle K #4706799,"I-55, EXIT 283 & SR-43",Bridgeview,IL,41.710847,-87.804813,3.919
69680,PILOT #1042,I-55 EXIT 283,Bridgeview,IL,41.778896,-87.814079,3.799
70735,CASEYS #1778,SR-267/SR-111,Brighton,IL,39.048697,-90.170638,3.239
60834,SPEEDWAY #7422,SR-43,Burbank,IL,41.75165,-87.781919,3.619
69637,PILOT TRAVEL CENTER #1041,SR-64 & CR-23,Carol Stream,IL,41.873289,-88.144628,3.699
71774,CASEYS #4292,1020 5TH ST,Carrollton,IL,39.288289,-90.424455,3.239
69497,MACH ONE FOOD SHOP #10,"I-70 & EXIT 129, SR-49",Casey,IL,39.303928,-88.008657,3.199
72815,QUIKTRIP #7194,I-74 EXIT 182,Champaign,IL,40.085713,-88.273112,3.099
65847,ROAD RANGER #132,"I-57, EXIT 240",Champaign,IL,40.144068,-88.245198,3.409
71167,LOVES TRAVEL STOP #768,"I-55, EXIT 247",Channahon,IL,41.403689,-88.183328,3.349
67130,Pilot Travel Centers #473,"I-55, EXIT 248 & US-6",Channahon,IL,41.398928,-88.248342,3.359
70607,SPEEDWAY #8544,"I-55 & US-6, EXIT 24B",Channahon,IL,41.473883,-88.233213,3.249
69803,THORNTONS #319,"I-55, EXIT 248 & US-6",Channahon,IL,41.4069,-88.212901,3.249
72340,WARREN OIL,US-6,Channahon,IL,41.473181,-88.191063,3.629
72412,KELLEYS MARKET,US-20,Cherry Valley,IL,42.191681,-88.974436,3.699
66440,BP CONNECT #4701,I-55,Chicago,IL,41.91574,-87.646184,3.569
69683,GOOD TO GO #88,"I-55, EXIT 283",Chicago,IL,41.921389,-87.644891,3.619
73127,Gas N Wash,"I-55, EXIT 285",Chicago,IL,41.880082,-87.610925,3.399
1653,ROAD RANGER #187,"I-55, EXIT 289",Chicago,IL,41.87623,-87.657628,3.569
70666,Thorntons #322,"I-55, EXIT 288",Chicago,IL,41.890913,-87.603786,3.599
71096,GAS N WASH,US-30 & SR-394,Chicago Heights,IL,41.509393,-87.583354,3.499
70605,SPEEDWAY #1042,"I-55 & SR-50, EXIT 286",Cicero,IL,41.822168,-87.741305,3.569
72318,THORNTONS #330,I-55 & SR-50,Cicero,IL,41.815867,-87.748368,3.549
72319,THORNTONS #5,I-55 & SR-50,Cicero,IL,41.815077,-87.799207,3.599
60865,Truckquest,"I-55, EXIT 286",Cicero,IL,41.874993,-87.731631,3.599
72785,GAS N WASH,US 30,Crest Hill,IL,41.519823,-88.111162,3.299
70577,SPEEDWAY #3715,US-30,Crest Hill,IL,41.520068,-88.130617,3.299
70632,CIRCLE K #4706705,SR-394,Crete,IL,41.47004,-87.611418,3.499
72315,THORNTONS #221343,US-14 & SR-31,Crystal Lake,IL,42.279602,-88.339397,3.449
66034,FAS MART #5134,"I-72, EXIT 144 S",Decatur,IL,39.817404,-88.917612,3.459
70374,LOVES TRAVEL STOP #746,I-72 & SR-121,Decatur,IL,39.871068,-88.979078,3.449
67058,PILOT TRAVEL CENTER #368,"I-72, EXIT 144",Decatur,IL,39.874848,-88.910597,3.459
72350,7-ELEVEN #34709,504 N CREGO RD,Dekalb,IL,41.937053,-88.781093,4.439
69596,SPEEDWAY #4250,SR-72,Des Plaines,IL,42.025668,-87.910854,3.289
1140,CIRCLE K #4701398,"I-55, EXIT 82 & SR-104",Divernon,IL,39.53522,-89.631951,3.499
72799,CASEYS #4384,"I-88 & SR-26, EXIT 54",Dixon,IL,41.832878,-89.449372,3.479
66819,ROAD RANGER #265,"I-88, EXIT 54",Dixon,IL,41.850989,-89.516292,3.479
64902,DOWNS TRAVEL MART,"I-74, EXIT 142",Downs,IL,40.417005,-88.829963,3.499
72259,SHELL,SR-72 & SR-25,Dundee,IL,42.064104,-88.256546,3.279
71074,Speedway #7764,SR-72 & SR-25,Dundee,IL,42.128541,-88.301851,3.279
66447,CIRCLE K #4701207,"U-55, EXIT 220",Dwight,IL,41.095048,-88.381915,3.349
72741,Caseys #4298,"I-55, EXIT 220 & SR-47",Dwight,IL,41.122202,-88.449116,3.349
68257,LOVES TRAVEL STOP #292,"I-55, EXIT 220",Dwight,IL,41.120449,-88.446277,3.349
66929,FLYING J TRAVEL PLAZA #642,"I-255,  EXIT 17",East Saint Louis,IL,38.65824,-90.169133,3.389
70682,LOVES TRAVEL STOP #758,"I-255/US-50, EXIT 15",East Saint Louis,IL,38.635521,-90.176486,3.379
7469,PILOT TRAVEL CENTER #313,"I-70/I-55, EXIT 4 & SR-203",East Saint Louis,IL,38.667917,-90.157314,3.379
60839,FREEDOM OIL #18,"I-74, EXIT 82",Edwards,IL,40.752081,-89.691441,3.399
66026,FLYING J TRAVEL PLAZA #643,"I-70 & I-57, EXIT 160",Effingham,IL,39.146728,-88.527525,3.299
1204,PETRO STOPPING CENTER #321,"I-70 & I-57, EXIT 159",Effingham,IL,39.083683,-88.542175,3.349
64487,PILOT TRAVEL CENTERS #165,"I-57 & I-70, EXIT 162",Effingham,IL,39.15053,-88.575084,3.299
72592,QUIKTRIP #7191,US-45 & I-57,Effingham,IL,39.091271,-88.583139,2.999
70091,SPEEDWAY #7503,I-70 & I-57 EXIT 159,Effingham,IL,39.126444,-88.533763,3.199
7457,TA EFFINGHAM TRAVEL CENTER,"I-57 & I-70, EXIT 160",Effingham,IL,39.154482,-88.592539,3.349
128,THE EFFINGHAM CHROME SHOP,"I-57 & I-70, EXIT 159",Effingham,IL,39.099932,-88.577949,3.349
62355,MINIT MART #600630,"I-39, EXIT 14",El Paso,IL,40.753004,-89.02121,3.599
72267,SHELL SERVICE STATION,I-90 Exit 52,Elgin,IL,42.019454,-88.237109,3.279
72986,THE PRIDE OF ELGIN,SR-31,Elgin,IL,42.06915,-88.280413,3.499
71318,LOVES TRAVEL STOP  #800,SR-83,Elk Grove Village,IL,41.99206,-87.98314,3.379
71101,FOOD N FUEL,"I-55, EXIT 244 & SR-53",Elwood,IL,41.432386,-88.058875,3.499
69057,MACH ONE FOOD SHOP #18,US-45/SR-15,Fairfield,IL,38.395513,-88.327539,3.729
60890,JACK FLASH,I-57 EXIT 135,Farina,IL,38.879821,-88.74961,3.099
69688,CASEYS #3431,US-150 & SR-54,Farmer City,IL,40.238619,-88.662705,3.339
66488,HUCKS FOOD & FUEL #54,I-74,Farmer City,IL,40.268148,-88.642262,3.269
66439,JACK FLASH,I-55,Farmersville,IL,39.43677,-89.602754,3.199
68533,MACH ONE FOOD SHOP #17,US-45/US-50,Flora,IL,38.657044,-88.511867,3.899
70432,GAS N WASH,SR-43,Frankfort,IL,41.472101,-87.823891,3.499
68797,SPEEDWAY #1412,SR-43,Frankfort,IL,41.478278,-87.789911,3.359
68701,SPEEDWAY #1421,US-45 & CR-74,Frankfort,IL,41.48414,-87.78561,3.299
69880,Speedway #6809,"I-290, EXIT 13A",Franklin Park,IL,41.89565,-87.865468,3.329
70328,Thorntons #7,US-12 & US-45,Franklin Park,IL,41.909313,-87.861845,3.329
72235,ROC ONE STOP #1,SR-34,Galatia,IL,37.828917,-88.589481,3.559
68294,BP,"I-74, EXIT 51",Galesburg,IL,40.914274,-90.40512,3.499
66537,BECKS EXPRESS MART #26,"I-80, EXIT 19",Geneseo,IL,41.436455,-90.182148,3.269
72130,GILBERTS SHELL,SR-72 & CR-59,Gilberts,IL,42.125601,-88.391351,3.279
68266,FREDS FUEL AND FOOD #2,"I-57, EXIT 283 & US-24",Gilman,IL,40.799012,-87.997762,3.049
5422,K AND H TRUCK PLAZA,"I-57, EXIT 283 & US-24",Gilman,IL,40.736207,-87.965629,3.099
69390,MINIT MART #600625,"I-57, EXIT 283 & US-24",Gilman,IL,40.796568,-87.960884,3.399
4332,PILOT TRAVEL CENTER #468,"I-57, EXIT 283 & US-24",Gilman,IL,40.755115,-87.99702,3.399
64907,FREEDOM OIL #77,"I-74, EXIT 112 & SR-117",Goodfield,IL,40.640561,-89.271291,3.659
66119,FLYING J TRAVEL PLAZA #645,"I-270 & SR-11, EXIT 6",Granite City,IL,38.717641,-90.12515,3.559
71390,SPEEDWAY #7269,I-270 EXIT 6B,Granite City,IL,38.721572,-90.128558,3.379
71392,Loves Travel Stop #834,SR 17 & SR 1,Grant Park,IL,41.221537,-87.628254,3.329
69305,ROAD RANGER #268,"I-64, EXIT 130 & SR-1",Grayville,IL,38.255403,-87.993353,3.799
69921,LOVES TRAVEL STOP #688,"I-70, EXIT 119 & SR-130",Greenup,IL,39.290437,-88.120658,3.289
4885,LOVES TRAVEL STOP #384,"I-70, EXIT 45",Greenville,IL,38.865016,-89.429418,3.689
6659,GURNEE TRUCK STOP,US-41,Gurnee,IL,42.385767,-87.980217,3.289
72232,RICKY ROCKETS FUEL,I-294 & US-12,HICKORY HILLS,IL,41.742882,-87.824046,3.899
72118,GAS N WASH,I-355 & SR-7,HOMER GLEN,IL,41.58097,-87.963305,3.599
69307,LOVES TRAVEL STOP #578,I-55 EXIT 30 & SR-140,Hamel,IL,38.86339,-89.86225,3.419
70423,LOVES TRAVEL STOP #763,I-90 & US-20,Hampshire,IL,42.087392,-88.495684,3.449
66224,ROAD RANGER #235,"I-90, EXIT 36",Hampshire,IL,42.114529,-88.497046,3.369
69723,SPEEDWAY #5036,I-90 & US-20,Hampshire,IL,42.064184,-88.539955,3.369
6374,TA ELGIN WEST TRAVEL CENTER,I-90 &  US-20,Hampshire,IL,42.075174,-88.486404,3.459
72991,THORNTONS #221345,US-20,Hanover Park,IL,41.996131,-88.15384,3.759
69143,MACH 1 #21,US-45 & SR-34,Harrisburg,IL,37.74654,-88.54233,3.689
67071,FAS MART #5154,"I-270, EXIT 3 & SR-3",Hartford,IL,38.804921,-90.092264,3.279
67784,HAVANA CONVENIENCE,US-136,Havana,IL,40.29817,-90.045656,3.799
70210,CASEYS #3889,SR-29 & CR-1350,Henry,IL,41.10877,-89.362901,3.349
60255,HUCKS FOOD & FUEL #186,US-51/CR-1450 & US-136,Heyworth,IL,40.305899,-88.961824,3.479
60846,EXPRESS LANE #50,"I-88, EXIT 10",Hillsdale,IL,41.612817,-90.211192,3.699
72348,7-ELEVEN #34718,"I-294, EXIT 25",Hinsdale,IL,41.764356,-87.919196,3.719
72631,THORNTONS #221348,I-355 & SR-7,Homer Glen,IL,41.578368,-87.930012,3.849
71386,CASEYS #3952,SR-1 & SR-9,Hoopeston,IL,40.456154,-87.639183,3.189
66322,LOVES TRAVEL STOP #318,"I-57, EXIT 83 & CR-42",Ina,IL,38.165212,-88.857408,3.389
1132,SPEEDWAY #7423,"I-57, EXIT 83",Ina,IL,38.171998,-88.885266,3.249
72436,Ricky Rockets,SR-390 &SR-53,Itasca,IL,42.004412,-88.015131,3.399
69874,LOVES TRAVEL STOP #687,"I-72, EXIT 64 & US-67",Jacksonville,IL,39.764066,-90.200725,3.489
69058,FOOD N FUEL,SR-53,Joliet,IL,41.462449,-87.954434,3.499
71683,GAS N WASH,US HWY 6,Joliet,IL,41.479521,-87.952599,3.799
72623,LENNYS FOOD N FUEL,US-6,Joliet,IL,41.464891,-87.945682,3.299
63946,MINIT MART #600644,"I-80, EXIT 134",Joliet,IL,41.440601,-87.940521,3.599
69566,PILOT TRAVEL CENTER #1024,"I-80, EXIT 132B & SR-53",Joliet,IL,41.472712,-87.932322,3.799
70340,PIT STOP,SR-53 & SR-74,Joliet,IL,41.493943,-87.911658,3.499
72385,GAS N WASH,I-57 & SR-17,Kankakee,IL,41.101757,-87.909058,3.599
68154,LOVES TRAVEL STOP #395,"I-57, EXIT 308",Kankakee,IL,41.13632,-87.834074,3.379
68026,MINIT MART #600627,"I-57, EXIT 312",Kankakee,IL,41.139125,-87.87724,3.449
72979,RICKY ROCKETS,"I-57, EXIT 312",Kankakee,IL,41.146539,-87.893589,3.379
67114,SPEEDWAY #1415,"I-57, EXIT 306 & US-45/US-52",Kankakee,IL,41.124197,-87.830347,3.339
69908,LOVES TRAVEL STOP #685,"I-74, EXIT 51",Knoxville,IL,40.93395,-90.275707,3.889
66487,COMPASS,"I-55, EXIT 282",La Grange,IL,41.755186,-87.841986,3.549
63763,Flying J Travel Plaza #644,"I-80, EXIT 77 & SR-351",La Salle,IL,41.348328,-89.092022,3.299
71230,THE PRIDE OF LAKE COUNTY,US-12 & SR-53,Lake Zurich,IL,42.23537,-88.05349,3.349
72988,Thorntons #221354,US-12,Lake Zurich,IL,42.193814,-88.102426,3.349
72577,QUIKTRIP #7205,"I-80, EXIT 161",Lansing,IL,41.557305,-87.572352,3.079
67813,LEROY TRUCK PLAZA,"I-74, EXIT 149",Le Roy,IL,40.344719,-88.798055,3.479
63353,LOVES TRAVEL STOP #367,"I-74, EXIT 149",Le Roy,IL,40.317571,-88.759894,3.389
73026,Gas N Wash,SR-171,Lemont,IL,41.681367,-88.006593,3.299
71141,CASEYS #3901,"I-55, EXIT 178 & CR-23",Lexington,IL,40.63037,-88.771611,3.339
72585,GAS N WASH GREEN OAKS,"I-94, EXIT 16",Libertyville,IL,42.295781,-87.957206,3.559
69200,BECKS EXPRESS MART #22,"I-55, EXIT 126",Lincoln,IL,40.180323,-89.330761,3.299
4637,THORNTONS #369 DBA PILOT TRAVEL CENTER #514,"I-55, EXIT 126 & SR-10",Lincoln,IL,40.136721,-89.360454,3.399
65880,MR FUEL DBA ONE9 #1245,"I-55, EXIT 52 & SR-16",Litchfield,IL,39.146266,-89.65255,3.199
73093,GAS N WASH,I-355 EXIT 7,Lockport,IL,41.58564,-88.030575,3.399
71029,CASEYS #6445,I-355 EXIT 27 & SR-64,Lombard,IL,41.899908,-88.013779,3.349
60851,SPEEDWAY #7382,I-355 & SR-64,Lombard,IL,41.854906,-88.025075,3.249
70131,THORNTONS #323,SR-64,Lombard,IL,41.8967,-88.043985,3.299
66319,ROAD RANGER #211,I-90 & RIVERSIDE BLVD,Loves Park,IL,42.346146,-89.063902,3.469
64913,Circle K #4701331,US-136 & US-67,Macomb,IL,40.501173,-90.694553,3.499
4574,Circle K #4701432,"I-74, EXIT 174",Mahomet,IL,40.210317,-88.411032,3.669
63762,MINIT MART #600643,"I-57, EXIT 322",Manteno,IL,41.258603,-87.814296,3.249
69861,HUCKS FOOD & FUEL #379,"I-57, EXIT 53",Marion,IL,37.700935,-88.913027,2.929
71073,LOVES TRAVEL STOP #803,I-57 EXIT 54B,Marion,IL,37.75505,-88.89591,3.739
7466,PILOT #595,"I-57, EXIT 54B & SR-13",Marion,IL,37.701055,-88.927284,3.759
71053,ROAD RANGER #279,"I-57, EXIT 45 & SR-148",Marion,IL,37.719208,-88.923853,3.379
4642,MARSHAL JUNCTION,"I-70, EXIT 147 & SR-1",Marshall,IL,39.382615,-87.708186,3.199
70539,PILOT #1174,"I-70/SR-1, EXIT 147",Marshall,IL,39.398471,-87.726059,3.299
69315,ROAD RANGER #269,"I-70, EXIT 147 & SR-1",Marshall,IL,39.382581,-87.684061,3.249
64914,Martinsville Food and Fuel,"I-70, EXIT 136",Martinsville,IL,39.301427,-87.892949,3.489
69051,PILOT TRAVEL CENTER #1225,"I-64, EXIT 23 & SR-4",Mascoutah,IL,38.451834,-89.824944,3.799
69587,LAMBOS #3,"I-57, EXIT 190A & SR-16",Mattoon,IL,39.440207,-88.392152,3.399
7471,ROAD RANGER #185,"I-55, EXIT 145 & US-136",Mc Lean,IL,40.319952,-89.174656,3.349
72316,THORNTONS #221344,SR-120,Mchenry,IL,42.330659,-88.26884,3.649
70342,AF TRUCK CENTER,"I-294, EXIT 33 & SR-64",Melrose Park,IL,41.904532,-87.822204,3.459
72206,NORTHLAKE BP,I-294 & US-45,Melrose Park,IL,41.930399,-87.842785,3.599
10053,BECKS #27,"I-39/US-51, EXIT 72 & US-34",Mendota,IL,41.545166,-89.114841,3.269
66225,ROAD RANGER #140,"I-39, EXIT 72",Mendota,IL,41.562458,-89.103203,3.269
4569,METROPOLIS TRUCK STOP,"I-24, EXIT 37 & US-45",Metropolis,IL,37.147893,-88.715773,3.599
70108,RICKY ROCKETS FUEL CENTER,SR-50 & SR-83,Midlothian,IL,41.597589,-87.754667,3.099
66834,ROAD RANGER #186,"I-39/US-51, EXIT 27 & SR-2/CR-2200",Minonk,IL,40.885002,-89.018464,3.339
63577,PILOT TRAVEL CENTERS #236,"I-80, EXIT 122",Minooka,IL,41.46567,-88.317563,3.799
69895,Shell,"I-80, EXIT 122",Minooka,IL,41.477238,-88.248268,3.149
4644,CIRCLE K #4706703,"I-80, EXIT 145A",Mokena,IL,41.511099,-87.920121,3.339
68698,GAS N WASH,"I-80, EXIT 145 & SR-84",Mokena,IL,41.570407,-87.904579,3.499
69203,SPEEDWAY #1414,US-45,Mokena,IL,41.545484,-87.884035,3.339
5842,PETRO STOPPING CENTER #6367,"I-57,  EXIT 335",Monee,IL,41.427296,-87.749013,3.399
52605,PILOT TRAVEL CENTERS #39,"I-57, EXIT 335",Monee,IL,41.443273,-87.751212,3.399
71099,THORNTONS #336,"I-57, EXIT 335 & SR-50",Monee,IL,41.424231,-87.743016,3.349
66932,CIRCLE K #4701444,US-34 & SR-164,Monmouth,IL,40.938322,-90.671772,3.399
71024,LOVES TRAVEL STOP #804,US-34/US-67,Monmouth,IL,40.888666,-90.64452,3.349
71654,LOVES TRAVEL STOP  #851,"I-39/US-51, EXIT 111 & SR-72",Monroe Center,IL,42.14294,-89.024076,3.749
67923,MONROE CENTER BP OASIS,"I-39, EXIT 111/US-51 & SR-72",Monroe Center,IL,42.137879,-89.044337,3.599
71804,GAS N WASH,I-88 EXIT 114,Montgomery,IL,41.714185,-88.368781,3.599
68031,ORCHARD STOP BP,US-30,Montgomery,IL,41.735708,-88.312796,3.549
71877,LOVES TRAVEL STOP #859,"I-80, EXIT 116 & US-6",Morris,IL,41.367435,-88.389288,3.789
69221,PILOT TRAVEL CENTER #483,"I-80, EXIT 112 & SR-47",Morris,IL,41.386053,-88.438412,3.799
7459,TA Morris Travel Center,"I-80, EXIT 112 & SR-47",Morris,IL,41.334905,-88.445888,3.849
70705,CASEYS #3464,SR-48 & CR-10,Morrisonville,IL,39.42729,-89.467421,3.759
64664,CIRCLE K #4701424,"I-74, EXIT 102",Morton,IL,40.596888,-89.490828,3.599
70434,HUCKS FOOD & FUEL #371,SR-148 & SR-142,Mount Vernon,IL,38.343135,-88.898892,3.099
5537,HUCKS TRAVEL CENTER #51 DBA FLYING J #889,"I-57/I-64, EXIT 95 & SR-15",Mount Vernon,IL,38.312888,-88.95008,3.359
71515,LOVES TRAVEL STOP #824,"I-64 & SR-37, Exit 80",Mount Vernon,IL,38.331885,-88.942388,3.349
66227,Pilot Travel Center #482,"I-57, EXIT 95",Mount Vernon,IL,38.281913,-88.912647,3.359
72674,QUIKTRIP #7190,I-64 EXIT 94,Mount Vernon,IL,38.306035,-88.87776,3.099
70652,ROADYS MACH 1 #14,I-57 EXIT 94,Mount Vernon,IL,38.297115,-88.922483,3.099
5670,TA MOUNT VERNON TRAVEL CENTER,"I-57 & I-64, EXIT 95",Mount Vernon,IL,38.33872,-88.891685,3.449
70772,CASEYS #3554,"I-70, EXIT 52",Mulberry Grove,IL,38.929213,-89.225507,3.489
2227,SPEEDWAY #7448,SR-59,Naperville,IL,41.730489,-88.169064,3.299
66465,Knapp Truck Stop,"I-64, EXIT 50 & SR-127",Nashville,IL,38.342483,-89.358676,3.299
2640,LITTLE NASHVILLE,"I-64, EXIT 50 & SR-127",Nashville,IL,38.348095,-89.349407,3.299
69459,LOVES TRAVEL STOP #583,"I-64, EXIT 27 & SR-161",New Baden,IL,38.566931,-89.665223,3.849
63955,ROAD RANGER #266,"I-72, EXIT 82 & CR-10",New Berlin,IL,39.738526,-89.846722,3.439
72113,Food N Fuel,US-6 & CR-4,New Lenox,IL,41.520141,-87.97571,3.399
71879,Gas N Wash Schoolhouse,FM-74,New Lenox,IL,41.492739,-87.964725,3.699
71898,Loves Travel Stop #867,I-55 Exit 165,Normal,IL,40.534419,-88.995198,3.389
855,SPEEDWAY #7459,US-41 & SR-137,North Chicago,IL,42.364576,-87.816712,3.289
70323,LOVES TRAVEL STOP #750,I-74 EXIT 206,Oakwood,IL,40.142037,-87.756897,3.389
1136,PILOT TRAVEL CENTER #171,"I-74, EXIT 206",Oakwood,IL,40.110915,-87.821726,3.399
70595,SPEEDWAY #6509,"I-74, EXIT 206",Oakwood,IL,40.097807,-87.816342,3.199
66393,VILLAGE PANTRY #5210,"I-74, EXIT 206",Oakwood,IL,40.138021,-87.770677,3.179
71021,Amoco,"I-39 & HWY 23, EXIT 54",Oglesby,IL,41.310901,-89.064813,3.199
69112,LOVES TRAVEL STOP #529,"I-39, EXIT 54",Oglesby,IL,41.330589,-89.039802,3.389
5951,ROAD RANGER #157,I-64 EXIT 41,Okawville,IL,38.454405,-89.560216,3.799
71151,LOVES TRAVEL STOP #880,US-50 & SR-130,Olney,IL,38.763469,-88.044833,3.189
60857,RED ROOSTER TERMINAL,US-50/SR-250 & SR-130,Olney,IL,38.706433,-88.075119,3.189
69553,SPEEDWAY #2120,US-30,Oswego,IL,41.69071,-88.363402,3.249
67397,EXPRESS LANE #51,I-80 EXIT 93 ROUTE 71,Ottawa,IL,41.348861,-88.879412,3.599
67795,ROAD RANGER #263,"I-80, EXIT 93",Ottawa,IL,41.31371,-88.872647,3.219
71229,THE PRIDE OF PALATINE,"I-90, EXIT 65 & SR-62",Palatine,IL,42.10639,-88.041952,3.399
72958,Jack Flash Pana,SR-16,Pana,IL,39.373807,-89.098181,3.099
68522,MINIT MART #600632,"I-474, EXIT 9 & SR-29",Pekin,IL,40.57748,-89.656562,3.739
66718,Bartonville SHELL,"I-474, EXIT 6",Peoria,IL,40.711961,-89.625415,4.299
72743,PEOTONE TRAVEL CENTER,I-57 & SR-25,Peotone,IL,41.336803,-87.820618,3.459
72501,QUIKTRIP #7203,"I-80, EXIT 75 &SR-251",Peru,IL,41.335743,-89.162723,2.969
557,SAPP BROS TRAVEL CENTER,"I-80, EXIT 73",Peru,IL,41.372943,-89.099618,3.289
70026,SPEEDWAY #8883,I-80 EXIT 73,Peru,IL,41.319677,-89.102329,3.149
70433,GAS N WASH,SR-126,Plainfield,IL,41.60785,-88.215922,3.599
72855,GAS N WASH,SR 59,Plainfield,IL,41.579575,-88.16965,3.559
69594,SPEEDWAY #8480,US-30 & CR-36,Plainfield,IL,41.603957,-88.222613,3.279
72500,GAS N WASH,US 34,Plano,IL,41.678275,-88.519259,3.499
67721,J AND D COUNTRYSIDE MARTHON,SR-76 & SR-173,Poplar Grove,IL,42.379605,-88.830475,3.499
70615,THORNTONS #0334,I-57 EXIT 350 & SR-83,Posen,IL,41.659873,-87.679541,3.399
68626,BECKS EXPRESS MART #14,SR-26,Princeton,IL,41.386662,-89.462161,3.249
66123,ROAD RANGER #225,"I-80, EXIT 56",Princeton,IL,41.353668,-89.393041,3.289
69102,CIRCLE K #4701445,"I-57, EXIT 250 & US-36",Rantoul,IL,40.31861,-88.107552,3.599
72194,Mobil,I-57,Riverdale,IL,41.659884,-87.632411,3.699
71818,TA EXPRESS RIVERTON #433,I-72 EXIT 108,Riverton,IL,39.8435,-89.509722,3.409
66667,CIRCLE K #4701408,"I-36, EXIT 99",Rochelle,IL,41.964195,-89.100383,3.499
64920,KWIK STAR #1530,"I-88/SR-110, EXIT 76 & SR-251",Rochelle,IL,41.956658,-89.109264,3.499
70406,LOVES TRAVEL STOP #754,SR-251,Rochelle,IL,41.903628,-89.108636,3.749
70731,PILOT TRAVEL CENTERS #1181,IL-38 E,Rochelle,IL,41.956945,-89.061627,3.759
10116,Petro Stopping Center #359,"I-39/US-51, EXIT 99 & SR-38",Rochelle,IL,41.928635,-89.071402,3.759
63718,ROAD RANGER #210,"I-39/US-51, EXIT 99 & SR-38",Rochelle,IL,41.948064,-89.038716,3.699
63716,EXPRESS LANE #34,"I-39, EXIT 115",Rockford,IL,42.327958,-89.131725,3.549
72410,KELLEYS MARKET,I-90 Exit 15 & US-20 BUS,Rockford,IL,42.284806,-89.100387,2.969
71142,LOVES TRAVEL STOP #775,US-20 & SR-2,Rockford,IL,42.315736,-89.130698,3.229
72873,QUIKTRIP #7206,I-39 EXIT 15 & US 20,Rockford,IL,42.302089,-89.149595,2.969
63609,ROAD RANGER #203,US-20 & SR-2,Rockford,IL,42.278751,-89.127236,3.219
71097,THORNTONS #329,"I-55, EXIT 267 & SR-53",Romeoville,IL,41.675981,-88.101848,3.309
66747,LOVES TRAVEL STOP #322,"I-90, EXIT 3",Roscoe,IL,42.409917,-89.012911,3.789
70336,SPEEDWAY #3962,"I-39,  EXIT 3 & SR-9",Roscoe,IL,42.423082,-88.999308,3.469
71118,THORNTONS #0331,"I-35/US-51, EXIT 3 & CR-9",Roscoe,IL,42.445619,-89.033767,3.419
70283,SPEEDWAY #3996,US-12 & SR-120,Round Lake,IL,42.382745,-88.076887,3.399
71291,HUCKS FOOD & FUEL #351,"I-57, Exit 116",Salem,IL,38.62826,-88.971743,3.099
70508,7-ELEVEN #34715,I-294 EXIT 20,Schiller Park,IL,41.958507,-87.862969,4.579
70767,CASEYS #3493,SR-72,Shannon,IL,42.197416,-89.760252,3.699
63775,FLYING J #646,"I-90/39, EXIT 1 & US-51 & SR-75",South Beloit,IL,42.456967,-89.028669,3.799
72779,KWIK TRIP #1276,"I-90/I-39, EXIT 1 & SR-75",South Beloit,IL,42.466532,-89.035678,3.299
66057,ROAD RANGER #205,"I-90, EXIT 1",South Beloit,IL,42.506686,-89.026238,3.469
70027,SPEEDWAY #8851,SR-31,South Elgin,IL,42.009216,-88.318927,3.559
69837,LOVES TRAVEL STOP #606,"I-94, EXIT 73B & US-6",South Holland,IL,41.574858,-87.596035,3.329
64491,QUICK FUEL #1803,I-80/I-294 & SR-1,South Holland,IL,41.593488,-87.556237,3.829
70044,Thorntons #325,"I-94, EXIT 73B & US-6",South Holland,IL,41.568924,-87.556836,3.699
70768,CASEYS #3497,SR-29,South Pekin,IL,40.503898,-89.659498,3.619
63336,ROAD RANGER #118,"I-72 & I-55, EXIT 100-A",Springfield,IL,39.826997,-89.642395,3.299
67794,ROAD RANGER #181,"I-55, EXIT 90",Springfield,IL,39.784213,-89.679493,3.299
67408,STOCKTON TRAVEL CENTER,US-20/SR-78,Stockton,IL,42.376957,-90.00534,3.599
71977,BP,SR-47,Sugar Grove,IL,41.762528,-88.468715,3.599
70653,MACH 1 #24,I-74 EXIT 215A & SR-1,Tilton,IL,40.079061,-87.615279,3.199
71207,GAS N WASH,"I-80, EXIT 148B & SR-43",Tinley Park,IL,41.585356,-87.776222,3.499
70764,CASEYS #3856,"I-51, EXIT 48 & SR-251",Tonica,IL,41.254732,-89.086965,3.069
52692,PILOT TRAVEL CENTER #249,"I-70/I-55, EXIT 18 & SR-162",Troy,IL,38.72003,-89.889583,3.379
67008,TA ST LOUIS EAST TRAVEL CENTER,"I-55, EXIT 18",Troy,IL,38.711664,-89.854008,3.379
3608,FUEL MART #787,"I-57, EXIT 212 & US-36",Tuscola,IL,39.794766,-88.275234,3.199
69169,LAMBOS #5,"I-57, EXIT 212 & SR-36/CR-950",Tuscola,IL,39.773615,-88.301682,3.229
71064,LOVES TRAVEL STOP #798,I-57 EXIT 212,Tuscola,IL,39.760741,-88.311937,3.289
66122,ROAD RANGER #139,"I-57, EXIT 212",Tuscola,IL,39.79749,-88.306542,3.229
73072,QUIKTRIP #7204,"I-57, EXIT 337 & SR-50",University Park,IL,41.480417,-87.738496,3.079
70744,CASEYS #3686,I-80 EXIT 81,Utica,IL,41.323882,-89.016579,2.969
66357,LOVES TRAVEL STOP #351,"I-80 & E 8TH RD, EXIT 81",Utica,IL,41.396009,-88.983568,3.289
67155,PILOT TRAVEL CENTER #1219,"I-70, EXIT 61",Vandalia,IL,38.938333,-89.070905,3.699
72985,THE PRIDE OF VILLA PARK,SR-64,Villa Park,IL,41.889989,-87.972852,3.299
69686,CASEYS #3472,SR-125 & SR-78,Virginia,IL,39.955533,-90.212872,3.659
67650,VIRGINIA FAST STOP,SR-78 & SR-125,Virginia,IL,39.915458,-90.24041,3.759
70877,LOVES TRAVEL STOP #770,"US-41, EXIT 1A",Wadsworth,IL,42.480545,-87.903996,3.759
52153,PILOT TRAVEL CENTER #1412,"I-94 & RUSSELL RD, EXIT 1",Wadsworth,IL,42.458002,-87.908792,3.769
1128,TA CHICAGO NORTH TRAVEL CENTER,"I-94/US-41, EXIT 1",Wadsworth,IL,42.456969,-87.923044,3.769
63959,SPEEDWAY #1429,SR-59 & SR-56,Warrenville,IL,41.84999,-88.180161,3.499
72314,THORNTONS #0333,SR-59 & SR-56,Warrenville,IL,41.791262,-88.188261,3.549
70084,SPEEDWAY #4440,SR-131,Waukegan,IL,42.336144,-87.80695,3.659
66918,MINIT MART #647,"I-39, EXIT 35 & SR-17",Wenona,IL,41.067105,-89.010185,3.499
60871,WENONA BP,"I-39/US-51, EXIT 35 & SR-17",Wenona,IL,41.06659,-89.027384,3.499
70036,Speedway #3994,SR-38 & CR-21,West Chicago,IL,41.89327,-88.165591,3.599
71086,THORNTONS #318,SR-59 & SR-38,West Chicago,IL,41.871743,-88.204032,3.649
70391,MACH 1 #12,I-57 EXIT 65,West Frankfort,IL,37.935973,-88.891201,3.199
66125,LOVES TRAVEL STOP #249,"I-55, EXIT 109",Williamsville,IL,39.981397,-89.576359,3.389
70574,SPEEDWAY #3961,"I-55, EXIT 109",Williamsville,IL,39.965908,-89.511982,3.299
64928,SPEEDWAY #1432,"I-294, EXIT 22",Willow Springs,IL,41.762155,-87.863422,3.859
69636,PETRO WILMINGTON,"I-55, EXIT 240",Wilmington,IL,41.337308,-88.168639,3.399
63608,ROAD RANGER #206,US-20,Winnebago,IL,42.250396,-89.260232,3.219
64930,THORNDALE SHELL,"I-290, EXIT 5",Wood Dale,IL,41.964706,-87.946926,3.459
64929,KARTAR TRUCK STOP,"I-74, EXIT 32 & SR-17",Woodhull,IL,41.166977,-90.279007,3.599
4860,PILOT TRAVEL CENTER #476,"I-74, EXIT 32 & SR-17",Woodhull,IL,41.158351,-90.282461,3.899
60442,Circle K #4706716,SR-71 & SR-47,Yorkville,IL,41.633531,-88.404018,3.499
71139,GAS N WASH,SR-47 & CR-9,Yorkville,IL,41.660864,-88.427255,3.599
69186,LOVES TRAVEL STOP #551,US-20 & CR-127,Angola,IN,41.653392,-85.023512,3.889
70295,SPEEDWAY #8080,I-69 & US-20,Angola,IN,41.671384,-85.024801,3.599
71383,Caseys #3940,I-69 & SR 4,Ashley,IN,41.551445,-85.017942,3.5973
72483,Circle K #4700047,I-65 Exit 34A,Austin,IN,38.733444,-85.794013,3.799
72342,WHITE RIVER,US-231 & SR-58,Bloomfield,IN,39.030096,-86.869441,3.759
63957,SUNMART FOOD STORE,SR-37,Bloomington,IN,39.166302,-86.476542,3.499
72082,COUNTRYMARK,SR-124,Bluffton,IN,40.742973,-85.131513,3.7657
72949,BOURBON TRAVEL PLAZA,US-30,Bourbon,IN,41.309847,-86.131564,3.499
63639,PILOT TRAVEL CENTERS #444,"I-70, EXIT 23",Brazil,IN,39.542887,-87.098604,3.939
7425,Petro Brazil,"I-70,  EXIT 23",Brazil,IN,39.481529,-87.123669,3.989
3619,ROAD RANGER #141,"I-70, EXIT 23",Brazil,IN,39.495051,-87.157227,3.659
70037,SPEEDWAY #8738,"I-70, EXIT 23 & SR-59",Brazil,IN,39.554672,-87.163034,3.699
62399,Rebel Plus #882,"I-80, EXIT 101",Bristol,IN,41.755923,-85.861835,3.5757
65859,SPEEDWAY #6662,US-20 & SR-15,Bristol,IN,41.688364,-85.796456,3.549
63960,BUTLER ONE STOP,"I-69, EXIT 329",Butler,IN,41.430464,-84.88907,3.519
7421,MIDLAND #1901,"I-70, EXIT 137 AT MILE 137",Cambridge City,IN,39.816856,-85.169472,3.4323
278,CARLISLE PLAZA,US-41,Carlisle,IN,38.976347,-87.392408,3.499
64538,PILOT TRAVEL CENTERS #445,"I-94, EXIT 22 & US-20",Chesterton,IN,41.586355,-87.047514,3.799
9467,TA PORTER TRAVEL CENTERS,"I-94, EXIT 22B & US-20",Chesterton,IN,41.639817,-87.023347,3.849
67117,MCCLURE OIL #65,US-31 & SR-38,Cicero,IN,40.147816,-86.055819,3.889
7429,TA CLAYTON,"I-70, EXIT 59 & SR-39",Clayton,IN,39.629148,-86.493547,3.939
4894,CLOVERDALE TRAVEL PLAZA,"I-70, EXIT 41 & US-231",Cloverdale,IN,39.527241,-86.819728,3.699
1404,ONE9 #339,"I-74, EXIT 4 & SR-63",Covington,IN,40.124792,-87.398248,3.2623
72859,CASEYS #4286,SR-32,Crawfordsville,IN,40.070302,-86.884456,3.5623
67340,MCCLURE,I-74 EXIT  34,Crawfordsville,IN,40.027658,-86.927056,3.6157
66346,PILOT TRAVEL CENTERS #247,"I-74, EXIT 39 & SR-32",Crawfordsville,IN,40.068948,-86.926227,3.899
52616,PILOT TRAVEL CENTERS #28,I-69 EXIT 234,Daleville,IN,40.147983,-85.546313,3.519
63614,PILOT TRAVEL CENTERS #446,"I-69, EXIT 234",Daleville,IN,40.151595,-85.472509,3.514
147,SPEEDWAY #8039,"I-69, EXIT 234 & SR-67",Daleville,IN,40.09378,-85.528762,3.624
69354,CIRCLE K #4702411,US-36,Danville,IN,39.737835,-86.495405,3.789
64933,MCCLURE OIL #66,US-33/US-27,Decatur,IN,40.799677,-84.968381,3.699
71906,COMPASS TRAVEL CENTER,"I-65, EXIT 230",Demotte,IN,41.152158,-87.246618,3.2423
67628,LOVES TRAVEL STOP #394,"I-65,EXIT 230",Demotte,IN,41.201532,-87.278546,3.5123
66267,TA DEMOTTE TRAVEL CENTER,"I-65, EXIT 230",Demotte,IN,41.191494,-87.246498,3.4473
52640,SPEEDWAY #8316,US-30 & US-41,Dyer,IN,41.459221,-87.53219,3.649
72125,GETGO #7520,I-65 & US-31,Edinburgh,IN,39.391957,-85.970322,3.359
63962,7-ELEVEN #40505,"I-80, EXIT 90",Elkhart,IN,41.673575,-85.970515,4.1157
66266,7-ELEVEN #40508,"I-80, EXIT 90",Elkhart,IN,41.694209,-85.953208,3.999
72142,CASEYS #3990,"I-90E, exit 96 and SR-17",Elkhart,IN,41.699112,-85.994466,3.629
72191,MARATHON RIVERSIDE GAS,I-80 & CR-6,Elkhart,IN,41.723879,-85.952053,3.499
68040,MISHAWAKA ROAD FLEET SITE,SR-19 & CR-20,Elkhart,IN,41.714243,-85.971193,3.689
69437,CountryMark,SR-66,Evansville,IN,37.974984,-87.605745,3.699
72683,HUCKS FOOD & FUEL #383,SR-57,Evansville,IN,38.012297,-87.542708,3.759
67143,ALL AMERICAN STORES #7,US-30,Fort Wayne,IN,41.106767,-85.07148,3.559
63966,PHILS ONE STOP,"I-69, EXIT 309B",Fort Wayne,IN,41.100924,-85.051388,3.6757
572,PILOT TRAVEL CENTERS #881,"I-69, EXIT 309A",Fort Wayne,IN,41.085883,-85.106009,3.879
149,RAYS TRUCK WASH,"I-69, EXIT 309 & US-30",Fort Wayne,IN,41.104655,-85.081513,3.5923
69747,SUNOCO,I-69 & YS HWY 30,Fort Wayne,IN,41.063707,-85.071707,3.604
69748,SUNOCO,SR-930 E,Fort Wayne,IN,41.06625,-85.058169,3.5973
70222,GOOD TO GO #45,"US-52 & SR-55, SR-18",Fowler,IN,40.60777,-87.345937,3.699
63965,GOOD TO GO #11,"I-65, EXIT 158",Frankfort,IN,40.327564,-86.478401,3.549
3427,JOHNNYS MARKET,"I-69, EXIT 357",Fremont,IN,41.704549,-84.948308,3.699
66046,PETRO STOPPING CENTER #345,I-69 EXIT357,Fremont,IN,41.73572,-84.953135,3.899
2772,PILOT TRAVEL CENTERS #29,"I- 80, EXIT 144; I-69, EXIT 357",Fremont,IN,41.716189,-84.975252,3.899
10122,LOVES TRAVEL STOP #417,"I-80 & I-94, EXIT 9A",Gary,IN,41.605476,-87.32665,3.809
68298,MR FUEL #719,"I-80, EXIT 6",Gary,IN,41.581895,-87.334297,3.5657
3979,PETRO GARY 369,"I-80 & I-94, EXIT 9",Gary,IN,41.603721,-87.308564,3.8307
9862,PILOT TRAVEL CENTERS #271,"I-80, EXIT 6",Gary,IN,41.595488,-87.283223,3.799
70030,SPEEDWAY #3991,"I-80 E, & I-94 E",Gary,IN,41.616412,-87.32913,3.7123
566,TA GARY TRAVEL CENTER,"I-80/I-94, EXIT 6",Gary,IN,41.618596,-87.346595,3.8307
66813,MCCLURE OIL #59,I-69 EXIT 259,Gas City,IN,40.458018,-85.624667,3.639
7412,PETRO STOPPING CENTER #374,"I-69, EXIT 245 & SR-28",Gaston,IN,40.273315,-85.473226,3.5357
70741,CASEYS #3590,US-27,Geneva,IN,40.575687,-84.968748,3.594
60881,GAS AND STUFF,"I-64, EXIT 118",Georgetown,IN,38.284427,-85.968939,3.799
70324,LOVES TRAVEL STOP #729,CR-17 & US-20,Goshen,IN,41.592796,-85.871293,3.7223
60882,SPEEDWAY #6666,US-33,Goshen,IN,41.546404,-85.835676,3.8157
69162,Shell,US-20 & SR-15,Goshen,IN,41.556123,-85.881762,3.549
1149,PILOT TRAVEL CENTER #30,"I-70, EXIT 96",Greenfield,IN,39.822514,-85.810453,3.959
69554,SPEEDWAY #8047,"I-70, EXIT 104 & SR-9",Greenfield,IN,39.809829,-85.790553,3.599
7437,PETRO STOPPING CENTER #379,"I-74,  EXIT 143",Greensburg,IN,39.313723,-85.467307,3.999
72324,TREE CITY TRAVEL PLAZA,US-421,Greensburg,IN,39.292962,-85.487702,3.989
66121,ROAD RANGER #226,"I-65, EXIT 99",Greenwood,IN,39.62601,-86.136001,3.6007
71495,SPEEDWAY #1212,"I-65, EXIT 99 & US-31",Greenwood,IN,39.641634,-86.142086,3.5973
7417,SKY CITGO,US-30 & SR-23,Grovertown,IN,41.339456,-86.514873,3.499
372,GAS DEPOT,"I-94, EXIT 5",Hammond,IN,41.607923,-87.503916,3.999
1647,SPEEDWAY #8305,US-41 & SR-312,Hammond,IN,41.638439,-87.486652,3.7657
69342,WARREN OIL,"I-90, EXIT 3 & US-41 & SR-912",Hammond,IN,41.618053,-87.47838,3.439
69499,HANKS TRUCK STOP,US-39 & US-30,Hanna,IN,41.42451,-86.800293,3.499
65883,FLYING J TRAVEL PLAZA #647,"I-64, EXIT 25 & US-41",Haubstadt,IN,38.153191,-87.578154,3.959
52636,LOVES TRAVEL STOP #414,"I-64, EXIT 25B & US-41",Haubstadt,IN,38.22003,-87.580422,3.949
63745,PILOT TRAVEL CENTER #447,"I-64, EXIT 25",Haubstadt,IN,38.18439,-87.552591,3.959
167,FLYING J TRAVEL PLAZA #653,RT 2 & I-65 EXIT 240,Hebron,IN,41.288572,-87.218444,3.4357
63789,PILOT TRAVEL CENTERS #448,"I-65, EXIT 240",Hebron,IN,41.278925,-87.232258,3.354
203,PILOT TRAVEL CENTERS #31,"I-80/94, EXIT 2",Highland,IN,41.53119,-87.47717,3.799
5167,SPEEDWAY #7575,"I-65, EXIT 255",Hobart,IN,41.512969,-87.245881,3.6323
63972,7-ELEVEN #40506,"I-80/I-90, MM 125 WB",Howe,IN,41.749523,-85.456963,3.899
69765,7-ELEVEN #40509,I-90/80 EB,Howe,IN,41.716899,-85.477983,3.899
71169,LOVES TRAVEL STOP #879,"I-69 EXIT,286 & US-24 & SR-9",Huntington,IN,40.918649,-85.519368,3.5007
69945,BP,"I-465, EXIT 49",Indianapolis,IN,39.780205,-86.196316,3.799
10057,Flying J Travel Plaza #649,"I-465, EXIT 4",Indianapolis,IN,39.739429,-86.167303,3.899
52511,JOES JUNCTION #9,"I-65, RAYMOND EXIT",Indianapolis,IN,39.806364,-86.191208,3.459
64684,MR FUEL #721,"I-465, EXIT 4 & SR 37",Indianapolis,IN,39.763498,-86.182563,3.319
52145,Pilot Travel Center #318,"I-465/I-74/US-52/US-40/SR-67, EXIT 4 & SR-37",Indianapolis,IN,39.753468,-86.127521,3.899
64651,QUICK FUEL #2101,I-465,Indianapolis,IN,39.803394,-86.156326,3.869
64492,QUICK FUEL #2103,"I-70, EXIT 89",Indianapolis,IN,39.78421,-86.183837,3.309
69048,QUICK FUEL #2104,"I-74, EXIT 11",Indianapolis,IN,39.789487,-86.143809,3.6623
72755,RACETRAC #2620,I-465 Exit 42,Indianapolis,IN,39.798272,-86.135109,3.159
73047,RACETRAC #2642,"I-70, EXIT 77",Indianapolis,IN,39.773116,-86.141764,3.259
69879,SPEEDWAY #3700,I-70 EXIT 77,Indianapolis,IN,39.802907,-86.15769,3.319
69395,SPEEDWAY #3766,US-52,Indianapolis,IN,39.796944,-86.157629,3.599
69592,SPEEDWAY #6131,"I-465, EXIT 49",Indianapolis,IN,39.807282,-86.169831,3.799
69091,SPEEDWAY #6670,US-36/SR-67,Indianapolis,IN,39.803514,-86.188336,3.229
72603,THORNTONS #170,I-465 Exit 46 & US-40,Indianapolis,IN,39.788246,-86.14337,3.599
60887,STERNBERG CITGO TRUCK STOP,"I-64, EXIT 57",Jasper,IN,38.381806,-86.968788,3.759
70611,Shell,US-6 & SR-3,Kendallville,IN,41.465013,-85.22959,3.499
69496,LOVES TRAVEL STOP #601,"I-70, EXIT 115 & SR-109",Knightstown,IN,39.826617,-85.534815,3.949
1151,SPEEDWAY #8061,"I-70, EXIT 115 & SR-109",Knightstown,IN,39.832768,-85.519499,3.759
52081,MCCLURE OIL #9,US-31 & SR-18,Kokomo,IN,40.5108,-86.172582,3.839
68372,SPEEDWAY #8062,SR-26/CR-00,Kokomo,IN,40.46007,-86.129952,3.799
66604,GALLOPS,"I-90, I-80, EXIT 40",La Porte,IN,41.609962,-86.669656,3.549
65858,SPEEDWAY #6661,"I-94, EXIT 40  & US-20 & US-35",La Porte,IN,41.60129,-86.685657,3.599
1428,CIRCLE K #4702408,"I-65, EXIT 168 & SR-38/SR-25",Lafayette,IN,40.449924,-86.879159,3.4323
71676,CIRCLE K #4702409,US-52,Lafayette,IN,40.449256,-86.911839,3.1573
64938,FAMILY EXPRESS #41 (DISCOUNT AVAILABLE),US-52,Lafayette,IN,40.406152,-86.917327,3.4323
72351,LOVES TRAVEL STOP #874,"I-65, EXIT 175 & SR-25",Lafayette,IN,40.422497,-86.88368,3.6723
164,FLYING J TRAVEL PLAZA #650,"I-94, EXIT 15 B",Lake Station,IN,41.542291,-87.24387,3.809
3179,MR FUEL #1020,"I-80 & I-94, EXIT 15B",Lake Station,IN,41.581695,-87.23654,3.5657
1590,ROAD RANGER #240,"I-80 & I-94, EXIT 15-A",Lake Station,IN,41.599914,-87.253188,3.559
9468,TA LAKE STATION,"I-80 & I-94, EXIT 15B",Lake Station,IN,41.561331,-87.262256,3.849
243,SAVE,US-41 & SR-10,Lake Village,IN,41.162066,-87.451627,3.179
4220,KENNETT TRUCK STOP,"I-275, EXIT 16",Lawrenceburg,IN,39.154988,-84.866578,3.424
63977,CAREFREE FOOD MART,"I-64, EXIT 92",Leavenworth,IN,38.154317,-86.413089,3.499
71492,LOVES TRAVEL STOP #839,"I-64, EXIT 92",Leavenworth,IN,38.212083,-86.36537,3.949
6393,PILOT TRAVEL CENTER #478,"I-64, EXIT 92",Leavenworth,IN,38.192123,-86.408228,3.959
63606,FLYING J TRAVEL PLAZA #652,"I-65/US-52, EXIT 139 & SR-39",Lebanon,IN,40.045311,-86.470826,3.6407
5618,MCCLURE OIL #52,"I-65/US-52, EXIT 140 & SR-32",Lebanon,IN,40.082872,-86.498686,3.584
71932,MCCLURE OIL #60,US 35,Logansport,IN,40.784262,-86.336689,3.799
72506,CASEYS #4273,SR-56,Madison,IN,38.783983,-85.405081,3.699
69819,FLYING J #1086,SR-18 & SR-5,Marion,IN,40.613532,-85.639772,3.489
66601,LOVES TRAVEL STOP #323,"I-69, EXIT 264 & SR-18",Marion,IN,40.570699,-85.683114,3.5757
72966,MCCLURE STORE #15,SR-9,Marion,IN,40.607516,-85.65456,3.694
71913,Circle K #4702456,I-69,Martinsville,IN,39.510008,-86.471133,3.599
64939,FAMILY EXPRESS #27 (DISCOUNT AVAILABLE),US-421,Medaryville,IN,41.079067,-86.874228,3.649
66953,LOVES TRAVEL STOP #355,"I-65, EXIT 16",Memphis,IN,38.493995,-85.751354,3.949
10126,PILOT TRAVEL CENTERS #152,"I-65, EXIT 16 & MEMPHIS RD",Memphis,IN,38.491391,-85.778404,3.959
70527,THORNTONS #164,I-65 EXIT 16 & US-31,Memphis,IN,38.447899,-85.810876,3.6257
68337,SPEEDWAY #1426,US-30 & SR-51,Merrillville,IN,41.45578,-87.353728,3.8857
68055,Gallops,US-20,Michigan City,IN,41.736956,-86.901065,3.399
72756,Loves Travel Stop #876,I-94 Exit 34A,Michigan City,IN,41.666467,-86.900142,3.789
66315,SPEEDWAY #6748,"I-94, EXIT 34 & US-421",Michigan City,IN,41.673446,-86.908004,3.6823
71594,BP,US-20 & SR13,Middlebury,IN,41.696258,-85.716444,3.799
63978,Gallops,"I-80, EXIT 107",Middlebury,IN,41.673571,-85.732799,3.549
66659,MARATHON,SR-37,Mitchell,IN,38.721841,-86.471421,3.599
69687,CASEYS #3470,US-421 & SR-16,Monon,IN,40.891148,-86.826527,3.779
67815,LOVES TRAVEL STOP #254,"I-70, EXIT 59 & SR-39",Mooresville,IN,39.564788,-86.392006,3.929
72378,EB SUNOCO,SR-3 & SR-28,Muncie,IN,40.173989,-85.350623,3.799
68623,FLYING J TRAVEL PLAZA #304,"I-469, EXIT 19 & US-30",New Haven,IN,41.080889,-85.031197,3.859
3176,BP,US-6 & SR-15,New Paris,IN,41.511276,-85.817382,3.6573
70140,CASEYS #3593,SR-7 & US-50,North Vernon,IN,38.998848,-85.596384,3.5923
69392,LOVES TRAVEL STOP #600,"I-69, EXIT 214",Pendleton,IN,40.016242,-85.763091,3.5757
7418,JJS TRAVEL PLAZA,US-31 & US-24,Peru,IN,40.76254,-86.058678,3.444
69338,SPEEDWAY #6139,US-30 & SR-13,Pierceton,IN,41.180414,-85.709546,3.729
66369,LOVES TRAVEL STOP #319,"I-74, EXIT 61",Pittsboro,IN,39.893869,-86.458529,3.889
69150,BLU STATION,"I-70, EXIT 66 & SR-267",Plainfield,IN,39.721831,-86.3787,3.479
69652,LOVES TRAVEL STOP #633,US-30,Plymouth,IN,41.357123,-86.292903,3.849
66993,PILOT TRAVEL CENTER #198,US-30 & US-31,Plymouth,IN,41.386873,-86.303139,3.859
1646,SPEEDWAY #8310,US-6  & US-31,Plymouth,IN,41.359726,-86.285858,3.609
6284,7-ELEVEN #40513,I-90/80-IN TOLL RD MM 22W,Portage,IN,41.562368,-87.17696,3.999
347,7-ELEVEN #40514,I-90/80-IN TOLL RD MM 22E,Portage,IN,41.597441,-87.139944,3.9907
66812,FAMILY EXPRESS #47 (DISCOUNT AVAILABLE),"I-65, EXIT 201 & US-24/US-231",Remington,IN,40.729992,-87.17457,3.5523
7435,PETRO STOPPING CENTER #375,"I-65, EXIT 201 & US-231/US-24",Remington,IN,40.748679,-87.121702,3.699
3432,PILOT TRAVEL CENTERS #34,"I-65, EXIT 201 & US-231",Remington,IN,40.747018,-87.179474,3.659
6646,FAMILY EXPRESS #35 (DISCOUNT AVAILABLE),"I-65, EXIT 215 & SR-114",Rensselaer,IN,40.98763,-87.081702,3.1323
7416,GOOD TO GO #40,"I-65, EXIT 215 & SR-114",Rensselaer,IN,40.955531,-87.103241,3.2007
64520,LOVES TRAVEL STOP #222,"I-70/US-35, EXIT 149B & US/35/SR-38",Richmond,IN,39.823578,-84.903331,3.949
70080,FLYING J #1117,SR-25,Rochester,IN,41.079892,-86.200922,3.859
9860,PARADISE AUTO TRUCK PLAZA,US-31,Rochester,IN,41.039456,-86.258189,3.4057
68447,JUMPIN JACKS 419,SR-161,Rockport,IN,37.85606,-87.111796,3.999
1364,7- ELEVEN #40507,"I-80/I-90, MM 56 WB",Rolling Prairie,IN,41.725976,-86.566546,3.9823
60900,7-ELEVEN #40504,"I-80/I=90, MM 56 EB",Rolling Prairie,IN,41.730991,-86.623423,3.999
72276,STAR 001,US-20 & SR-23,SOUTH BEND,IN,41.697938,-86.225922,3.7323
71655,79 ONE STOP,SR-62 & SR-37,Saint Croix,IN,38.194313,-86.59629,3.499
67279,LOVES TRAVEL STOP #391,"I-74, EXIT 123",Saint Paul,IN,39.437841,-85.597618,3.989
72326,CIRCLE K #4700101,I-65 Exit 50,Seymour,IN,38.984932,-85.876028,3.499
49,TA SEYMOUR TRAVEL CENTER,"I-65, EXIT 50 & US-50 & US-31",Seymour,IN,38.934735,-85.875359,3.959
71145,CASEYS #3905,I-74/US-421 EXIT 113,Shelbyville,IN,39.51506,-85.826862,3.599
1156,CIRCLE K #4700028,"I-74/US-421, EXIT 116 & SR-44",Shelbyville,IN,39.488961,-85.755581,3.599
1531,CircleK #4702365,"I-74, EXIT 112 & SR-9",Shelbyville,IN,39.497455,-85.777119,3.509
66962,PILOT TRAVEL CENTERS #242,"I-74, EXIT 109",Shelbyville,IN,39.537163,-85.819307,3.999
3614,PILOT TRAVEL CENTERS #35,"I-80/90, EXIT 72 & US-31",South Bend,IN,41.691289,-86.286289,3.799
60902,SPEEDWAY #6674,"I-80/I-90, EXIT 72 & SR-31",South Bend,IN,41.652891,-86.229093,3.6907
64672,FLYING J TRAVEL PLAZA #655,"I-70, EXIT 123 & SR-3",Spiceland,IN,39.790459,-85.422322,3.959
68796,MR FUEL #731,"I-70, EXIT 123 & SR-3",Spiceland,IN,39.817414,-85.422007,3.699
67862,SUNOCO TRUCK STOP,"I-70, EXIT 123 & SR-3",Spiceland,IN,39.85108,-85.417437,3.399
4729,MINIT MART #600244,"I-70, EXIT 131",Straughn,IN,39.795284,-85.310901,3.859
281,CIRCLE K #4700065,"I-65, EXIT 76 & US-31",Taylorsville,IN,39.32831,-85.920159,3.399
69454,SPEEDWAY #6092,"I-65, EXIT 76A & US-31",Taylorsville,IN,39.303429,-85.972029,3.3573
69823,LOVES TRAVEL STOP #664,US-41,Terre Haute,IN,39.459284,-87.429384,3.949
1157,One9 #297,"I-70, EXIT 11 & SR-46",Terre Haute,IN,39.49039,-87.385044,3.4357
70287,LOVES TRAVEL STOP #710,US-31 & SR 28,Tipton,IN,40.25077,-86.069235,3.8473
1158,PILOT TRAVEL CENTER #36,US-30  & SR-49,Valparaiso,IN,41.486614,-87.088794,3.859
71115,FASTBREAK #6,US-50/US-151 & US-41,Vincennes,IN,38.700503,-87.489411,4.039
71486,HUCKS FOOD & FUEL #338,US-50/US-150 & US-41 BUS,Vincennes,IN,38.686875,-87.483292,3.959
72489,CASEYS #3987,LINCOLN HWY,Wanatah,IN,41.42004,-86.882294,3.7157
546,PLAZA 30,US-30,Wanatah,IN,41.388526,-86.912353,3.499
3699,WARREN TRAVEL PLAZA,"I-69, EXIT 278 & SR-5",Warren,IN,40.675697,-85.449086,3.399
60270,CHUCKLES #27,SR-57,Washington,IN,38.634821,-87.188178,3.339
71721,HUCKS FOOD & FUEL #314,US-50/150,Washington,IN,38.689183,-87.198036,3.4623
64946,MORNING STAR AUTO TRUCK PLAZA,"I-69, EXIT 334 & US-6",Waterloo,IN,41.41884,-84.997214,3.699
70035,SPEEDWAY #8064,"I-55, EXIT 178 & SR-43",West Lafayette,IN,40.483512,-86.962328,3.5823
64673,WESTVILLE TRUCKSTOP,US-6/US-421,Westville,IN,41.534522,-86.893603,3.5857
66152,Flying J Travel Plaza #656,"I-65, EXIT 95 & CR-500",Whiteland,IN,39.588844,-86.09336,3.959
52632,LOVES TRAVEL STOP #451,"I-65, EXIT 95 & CR-500",Whiteland,IN,39.594218,-86.110043,3.949
9855,PILOT TRAVEL CENTER #37,"I-65, EXIT 95",Whiteland,IN,39.599812,-86.092787,3.959
5117,CIRCLE K #4702361,"I-65, EXIT 130 & SR-334",Whitestown,IN,39.982631,-86.357998,3.2923
72128,GETGO #7545,I-65 & SR-400,Whitestown,IN,40.039884,-86.37511,3.3023
67943,LOVES TRAVEL STOP #459,"I-65, EXIT 133 & SR-267",Whitestown,IN,39.9967,-86.322509,3.6223
7436,TA WHITESTOWN,"I-65/US-52, EXIT 130",Whitestown,IN,39.961371,-86.325647,3.5707
10028,GOOD TO GO #10,US-35,Winamac,IN,41.039996,-86.621541,3.914
69440,LOVES TRAVEL STOP #592,US-24 & SR-101,Woodburn,IN,41.144869,-84.884012,3.849
456,THE COUNTRY OASIS,US-24,Woodburn,IN,41.154071,-84.887631,3.399
72126,GETGO #7526,I-69 & SR-332,Yorktown,IN,40.175405,-85.4607,3.343
70601,24/7 TRAVEL STORE,I-70 EXIT 275,Abilene,KS,38.976333,-97.179471,2.994
70254,LOVES TRAVEL STOP #732,I-70 & CR-829,Abilene,KS,38.925475,-97.190868,3.7623
71922,Plaza of The Flint Hills,I-70 Exit 32B,Alma,KS,39.025525,-96.311871,3.299
66737,THE JUNCTION,US-59 & US-73,Atchison,KS,39.576147,-95.154023,3.279
66363,LOVES TRAVEL STOP #178,"US-35/KS TPKE, MM 26",Belle Plaine,KS,37.400871,-97.253479,3.329
70726,CASEYS #1195,US-36,Belleville,KS,39.819605,-97.664548,3.339
69743,LOVES TRAVEL STOP #647,US-81,Belleville,KS,39.855316,-97.654107,3.8157
67682,CASEYS #2739,1323 E MAIN ST,Beloit,KS,39.407747,-98.09774,3.359
4199,PWI #574,"I-70, EXIT 193/US-40",Bunker Hill,KS,38.877516,-98.707357,2.959
69906,LOVES TRAVEL STOP #692,US-169 & SR-39,Chanute,KS,37.646751,-95.426312,3.2757
292,PETES #56,US-169 & CR-5000,Cherryvale,KS,37.275518,-95.586773,3.2323
68993,SHORT STOP #22,SR-15,Clay Center,KS,39.380905,-97.111775,2.9723
72973,PETE'S 49,US-166 & US-169,Coffeyville,KS,37.026931,-95.670495,3.214
60273,24-7,"I-70, EXIT 53 & SR-25",Colby,KS,39.362004,-101.080229,3.0557
66230,PETRO COLBY TRUCKSTOP,"I-70, EXIT 53 & SR-25",Colby,KS,39.422229,-101.019488,3.599
67129,PILOT TRAVEL CENTER #920,"I-70, EXIT 54",Colby,KS,39.353769,-101.076232,3.634
5407,CASEYS #4535,US 81,Concordia,KS,39.575701,-97.685728,2.9123
69904,LOVES TRAVEL STOP #695,US-54/400,Cunningham,KS,37.604589,-98.392751,3.6573
267,CORNER MARKET #117,SR-154 & SR-129,Dodge City,KS,37.753198,-99.987795,3.399
62075,FLYING J TRAVEL PLAZA #657,US-283/US-50/US-56 & US-400,Dodge City,KS,37.778302,-100.017968,3.799
69141,LOVES TRAVEL STOP #558,US-283 & US-400/US-56,Dodge City,KS,37.77604,-100.037805,3.789
70754,CASEYS #3758,US-77,Douglass,KS,37.507649,-96.977263,3.264
71320,TA EXPRESS EDGERTON #284,I-35 EXIT 205,Edgerton,KS,38.784381,-94.996651,3.699
66750,LOVES TRAVEL STOP #177,I-35,El Dorado,KS,37.78767,-96.866682,3.2557
67168,LOVES TRAVEL STOP #455,"I-70, EXIT 145",Ellis,KS,38.96193,-99.522723,3.623
72916,CASEYS #2562,SR 140 & SR 156,Ellsworth,KS,38.701113,-98.176281,3.4657
66751,FAST N FRIENDLY,"I-35, EXIT 132",Emporia,KS,38.417298,-96.184965,3.6573
63568,FLYING J TRAVEL PLAZA #658,"I-35, EXIT 127",Emporia,KS,38.437559,-96.157913,3.2523
1163,SHORT STOP #13,US-54,Emporia,KS,38.398362,-96.218877,2.839
71991,TA Express Fairview #943,US 36,Fairview,KS,39.843629,-95.702612,3.299
10006,FLINT HILLS FUEL MART,US-50 & US-77,Florence,KS,38.222488,-96.905589,3.499
69929,PETES #14,US-69/SR 7,Fort Scott,KS,37.859328,-94.711809,3.199
10128,PETES #20,US-54/SR-7 & US-69,Fort Scott,KS,37.788214,-94.752331,3.199
63988,Petes #47,US-400/SR-47,Fredonia,KS,37.601841,-95.755708,3.299
69167,HOBO TRUCK STOP 2,US-50/400 & US-83,Garden City,KS,37.994899,-100.877183,3.399
60913,J Mart #1,"HWY 50 E, HWY 83 N",Garden City,KS,37.961337,-100.824738,3.529
71503,LOVES TRAVEL STOP #093,US-80 & US-400/US-50,Garden City,KS,37.947946,-100.887062,3.729
64480,TA Garden City,US-83 & US-400,Garden City,KS,37.957896,-100.889678,3.7307
71568,QUIKTRIP #294,I-35,Gardner,KS,38.833546,-94.888907,2.999
63992,SANDRAS QUICK STOP,US-169 & US-59,Garnett,KS,38.309054,-95.253161,3.319
52621,CORNER MARKET #111,"I-70, EXIT 27",Goodland,KS,39.387018,-101.748389,3.059
52620,GOODLAND 24/7 STORE,"I-70, EXIT 19",Goodland,KS,39.370447,-101.676432,3.0873
2761,PONY EXPRESS SERVICE CENTER,US-36 & SR-148,Hanover,KS,39.91883,-96.903187,2.9557
250,GOLDEN OX TRUCK STOP,"I-70/US-40, EXIT 159 & US-183",Hays,KS,38.915886,-99.305938,3.499
67686,CASEYS #2956,"I-315/US-81, EXIT 40",Hesston,KS,38.143227,-97.413402,3.199
64950,CASEYS #2957,US-73 & US-36,Hiawatha,KS,39.824831,-95.581659,3.1507
69618,LOVES TRAVEL STOP #656,US-50/400,Holcomb,KS,38.005685,-100.963659,3.729
70755,CASEYS #3809,US-56 & SR-51,Hugoton,KS,37.155343,-101.317385,3.3923
64949,PETES #36,US- 54 & US-169,Iola,KS,37.891852,-95.408016,3.2057
64952,AMPRIDE,US-160,Johnson,KS,37.587286,-101.695968,3.399
63635,SAPP BROS TRAVEL CENTER,"I-70, EXIT 295",Junction City,KS,39.003292,-96.803098,3.709
63994,U STOP #38,I-70 EXIT 298,Junction City,KS,38.999326,-96.879024,3.3557
67652,ON THE GO TRAVEL CENTER,"I-435, EXIT 8",Kansas City,KS,39.096518,-94.610623,3.999
309,QUIKTRIP #231,"I-635, EXIT 3",Kansas City,KS,39.075746,-94.641168,3.199
71841,Quick Fuel #3193,US-69,Kansas City,KS,39.100071,-94.593076,3.3457
70270,CASEYS #3685,US-50/US400  & SR-25,Lakin,KS,37.934245,-101.244699,3.1923
289,LOVES TRAVEL STOP #173,"I-70, MM 209",Lawrence,KS,39.012776,-95.197484,3.229
68822,CASEYS #3919,"I-35/US-50, EXIT 148 & SR-131",Lebo,KS,38.425382,-95.847072,3.089
63782,FUEL EXPRESSO #11,"I-35, EXIT 155",Lebo,KS,38.393606,-95.823189,3.1723
9451,TA BETO JUNCTION TRAVEL CENTER,"I-35, EXIT 155 & US-75",Lebo,KS,38.399406,-95.806773,3.2307
64493,QUICK FUEL #2801,"I-435, EXIT 1-A AT MILE 1",Lenexa,KS,38.961407,-94.723116,3.369
63997,LEON GROCERY,US-400,Leon,KS,37.693664,-96.737579,3.399
71775,Caseys #3950,US-270 & US-54,Liberal,KS,37.021745,-100.946335,3.319
69744,LOVES TRAVEL STOP #632,US-54 & US-83,Liberal,KS,37.032163,-100.960493,3.6657
1720,TOOT N TOTUM #120,US-54 & S WESTERN AVE,Liberal,KS,37.041191,-100.95839,3.0157
9843,MAPLE HILL TRUCK STOP,"I-70, EXIT 341",Maple Hill,KS,39.072634,-96.027862,3.0523
70436,CASEYS #3492,US-36,Marysville,KS,39.880012,-96.65402,3.299
293,LOVES TRAVEL STOP #176,"I-35, MILE MARKER 97",Matfield Green,KS,38.165801,-96.55095,3.2557
69439,LOVES TRAVEL STOP #608,"I-135, EXIT 60 & US-56",Mcpherson,KS,38.395546,-97.635223,3.324
10135,YESWAY #1116,"I-35, EXIT 60",Mcpherson,KS,38.397185,-97.686833,3.259
5435,MEADE AUTO AND TRUCK PLAZA,US-54,Meade,KS,37.303149,-100.354577,3.799
68902,CASEYS #3062,SR-281 & SR-160,Medicine Lodge,KS,37.296925,-98.58704,3.114
9842,Petes #03,US-59 & US-54,Moran,KS,37.959015,-95.195493,3.2657
67634,54 TRUCK STOP,US-54,Mullinville,KS,37.535133,-99.49367,3.4657
4858,PILOT TRAVEL CENTER #1346,"I-135, EXIT 31",Newton,KS,38.032261,-97.356855,3.3115
72786,QUIKTRIP #333,"I-135, EXIT 31",Newton,KS,38.063733,-97.333912,2.949
5245,CASEYS #3842,US-36 & US-283,Norton,KS,39.876513,-99.888898,3.1573
69798,LOVES TRAVEL STOP #060,US-36 & US-283,Norton,KS,39.828071,-99.849685,3.109
5207,JJ TRAVEL PLAZA,"I-70, EXIT 70 & US-83",Oakley,KS,39.137155,-100.844391,3.6157
7387,TA Oakley,"I-70, EXIT 76 & US-40/US-83",Oakley,KS,39.123436,-100.858752,3.649
60926,CENEX,US-36 & US-83,Oberlin,KS,39.838919,-100.537495,3.159
66111,CROSSROADS EXPRESS,US-36 & US-83,Oberlin,KS,39.797704,-100.547865,3.089
5255,7-ELEVEN #35788,"I-35, EXIT 215",Olathe,KS,38.92671,-94.801305,3.339
69522,FUEL EXPRESSO 17,"I-35 & EXIT 187, SR-68",Ottawa,KS,38.608369,-95.247167,3.1723
67636,LOVES TRAVEL STOPS #258,"I-35, EXIT 183",Ottawa,KS,38.634026,-95.240401,3.239
70775,CASEYS #3576,US-56,Overbrook,KS,38.824184,-95.58768,3.1957
67833,PETES #05,US-59 & US-400,Parsons,KS,37.353193,-95.243965,3.299
72143,Caseys #4023,US 36 & US 183,Phillipsburg,KS,39.798073,-99.33033,3.2923
69862,CASEYS #3503,US-69/SR-52,Pleasanton,KS,38.21634,-94.73971,3.199
64961,SAC AND FOX TRUCK STOP,US-75,Powhattan,KS,39.691532,-95.649044,2.984
5282,CASEYS #3548,US-54 & US-61,Pratt,KS,37.671505,-98.759516,3.1407
67906,ON THE GO,SR-239,Prescott,KS,38.068371,-94.673472,3.199
52085,RUSSELL 24/7,"I-70, EXIT 184",Russell,KS,38.915218,-98.877578,3.0073
67665,ALL STAR,US-75 N,Sabetha,KS,39.869192,-95.843814,3.499
68992,SHORT STOP #24,US-24,Saint Marys,KS,39.181733,-96.03782,2.9673
63587,24/7 TRAVEL PLAZA,"I-135, EXIT 92",Salina,KS,38.797894,-97.627487,2.974
52483,FLYING J TRAVEL PLAZA #659,"I-70, EXIT 253",Salina,KS,38.791142,-97.608398,3.7723
217,NORTH 9TH 24/7,"I-70, EXIT 252",Salina,KS,38.815652,-97.664554,3.0257
199,PETRO STOPPING CENTER #366,"I-70, EXIT 252",Salina,KS,38.856864,-97.645392,3.8057
6057,PILOT TRAVEL CENTER #903,"I-70/US-40, EXIT 252",Salina,KS,38.851342,-97.656533,3.759
70634,CORNER MARKET #101,US-83 & SR-96,Scott City,KS,38.475684,-100.866885,3.359
69671,LOVES TRAVEL STOP #655,US-83 & SR-96,Scott City,KS,38.498843,-100.931752,3.6373
70773,CASEYS #3575,US-36,Seneca,KS,39.885806,-96.006916,3.159
64001,PETES #53,US-400 & SR-99 & CR-939,Severy,KS,37.602272,-96.236218,3.249
70776,CASEYS #3579,US-36,Smith Center,KS,39.835598,-98.763735,3.179
60280,JUMP START #9,"I-35, EXIT 4",South Haven,KS,37.055742,-97.377012,3.069
69975,LOVES TRAVEL STOP #703,US-50,South Hutchinson,KS,38.026634,-97.938072,3.3007
66881,PLAZAGO TRUCKSTOP,US-50/SR-61 & SR-96/SR-14,South Hutchinson,KS,38.011291,-97.918646,3.269
67426,Spearville Truck Stop,"I-56, 126 RD",Spearville,KS,37.812934,-99.701221,3.4657
64963,FLINT HILLS ONE STOP,US-50,Strong City,KS,38.428068,-96.511101,2.919
64964,U PUMP IT,US-83 & US-56,Sublette,KS,37.554712,-100.813182,3.679
66478,LOVES TRAVEL STOP #175,"I-70, EXIT 187",Tecumseh,KS,39.035972,-95.551961,3.289
70756,CASEYS #3780,US-40,Tonganoxie,KS,39.125536,-95.122833,3.159
70638,LOVES TRAVEL STOP #769,"I-70, EXIT 358A & US-75",Topeka,KS,39.057289,-95.683323,3.284
60282,CRVS #7,SR-96 & SR-27,Tribune,KS,38.468487,-101.776734,3.399
70749,CASEYS #3719,US-160,Ulysses,KS,37.561352,-101.31026,3.409
68065,Caseys #4450,US-160,Ulysses,KS,37.589359,-101.360442,3.399
68446,J J OIL #07,US-160,Ulysses,KS,37.584411,-101.383571,3.399
7385,WAKEENEY 24 7 STORE #3,"I-70/US-40, EXIT 127 & US-283",Wakeeney,KS,39.050727,-99.842279,3.0907
68994,SHORT STOP #25,US-36 & SR-15,Washington,KS,39.839232,-97.064604,2.9023
63990,TREX MART #4,"I-229/US-59, EXIT 4B & US-36",Wathena,KS,39.737622,-94.908768,2.999
1930,CASEYS #3058,"I-35, EXIT 19 & US-160 E",Wellington,KS,37.300411,-97.403224,3.299
71531,BERT'S TRAVEL PLAZA,SR-33,Wellsville,KS,38.700669,-95.056866,3.3157
66573,Brake Time Corner Market,"I-135, EXIT 14",Wichita,KS,37.661485,-97.305894,3.299
689,FLYING EAGLE,"I-235, EXIT 4",Wichita,KS,37.694023,-97.302723,3.499
72669,Quiktrip #356,US-81 & S Victoria RD,Wichita,KS,37.668441,-97.365452,3.194
71106,SECURITY OIL,"I-135, EXIT 10B & SR-96",Wichita,KS,37.669054,-97.335969,3.299
65917,CUMBERLAND CORNER MART,SR-90 & US-127,Albany,KY,36.655112,-85.168754,3.574
62467,SUPER QUIK #9,"I-64, EXIT 181",Ashland,KY,38.500108,-82.61795,3.669
67306,150 QUICK STOP,US-150/SR-605,Bardstown,KY,37.782379,-85.433098,3.1723
64003,HUCKS Food & Fuel #305,SR-9001 & WKY PKWY SERVICE AREA,Beaver Dam,KY,37.367291,-86.844502,3.599
5424,WK TRUCK STOP,"US-231 & SR-9001, EXIT 75",Beaver Dam,KY,37.415093,-86.890095,3.399
69400,CASEYS #4411,US-641 & SR-58,Benton,KY,36.849854,-88.341789,3.199
63351,76 FUEL CENTER,"I-75, EXIT 76",Berea,KY,37.592577,-84.238405,2.999
68534,BG FOOD MART,US-31,Bowling Green,KY,36.986027,-86.472731,3.0573
70243,CASEYS #4415,US-68 & US-31W /SR-526,Bowling Green,KY,37.043844,-86.484405,2.999
66051,Caseys #4419,I-165 EXIT 5,Bowling Green,KY,37.021236,-86.413889,3.0257
69414,FLEX MARKET,"I-65 EXIT20, US-31 W EXIT 4",Bowling Green,KY,36.988261,-86.449037,2.999
72144,HUCKS FOOD & FUEL #397,US-68 & SR-432,Bowling Green,KY,37.007358,-86.483789,3.499
52297,IGA EXPRESS SHELL #874,"I-65, EXIT 20",Bowling Green,KY,37.053774,-86.452209,2.999
66956,LOVES TRAVEL STOP #348,"I-69/I-24, EXIT 27 & US-62",Calvert City,KY,36.982367,-88.374696,3.689
71307,Speedway #1221,"I-24/69, EXIT 27 & US-62",Calvert City,KY,37.052858,-88.396153,3.449
64969,ALLSTAR FOOD MART,SR-55,Campbellsville,KY,37.330631,-85.332337,3.159
5436,PARKWAY MARATHON,"US-79, EXIT 94",Caneyville,KY,37.454624,-86.498412,3.7323
66016,FLYING J TRAVEL PLAZA #660,"I-64, EXIT 185 & SR-180",Catlettsburg,KY,38.374017,-82.657781,3.7657
70556,ZIP ZONE EXPRESS,US-23,Catlettsburg,KY,38.409996,-82.612498,3.699
72089,CASEYS #4567,SR-55,Columbia,KY,37.106902,-85.301759,3.159
71856,GO TIME #7,"I-75, EXIT 29",Corbin,KY,36.906971,-84.065563,2.999
66065,LOVES TRAVEL STOP #321,"SR 770 & I-75 , EXIT 29",Corbin,KY,36.941773,-84.105067,3.599
4921,PILOT TRAVEL CENTERS #231,"I-75, EXIT 29",Corbin,KY,36.944577,-84.130023,3.609
69016,SPEEDWAY #7606,"I-75, EXIT 25",Corbin,KY,36.902818,-84.080777,3.519
5491,49ER FUEL CENTER,"I-75, EXIT 49",East Bernstadt,KY,37.283266,-84.110866,2.999
70170,LOVES TRAVEL STOP #716,SR-3005,Elizabethtown,KY,37.667209,-85.889334,3.599
71442,RACETRAC #2597,"I-65, EXIT 91 & US-31W",Elizabethtown,KY,37.654024,-85.865733,2.919
7382,TA FLORENCE TRAVEL CENTER,"I-75, EXIT 181",Florence,KY,38.977188,-84.767214,3.0707
71510,RACETRAC #2601,"I-64, Exit 58",Frankfort,KY,38.190886,-84.833019,2.919
52590,FLYING J TRAVEL PLAZA #661,"I-65, EXIT 2 & US-31W",Franklin,KY,36.687759,-86.555343,3.169
7379,KEYSTOP TRAVEL CENTER,"I-65, EXIT 2 & US-31W",Franklin,KY,36.725344,-86.557631,2.899
5165,ONE9 #046,"I-65, EXIT 6 & SR-100",Franklin,KY,36.757907,-86.540138,3.0857
10142,PILOT TRAVEL CENTERS #438,"I-65, EXIT 6 & SR-100",Franklin,KY,36.707388,-86.566991,3.169
5299,Sudden Service #62,"I-65, EXIT 6 & SR-100",Franklin,KY,36.750123,-86.596757,3.084
1176,PILOT TRAVEL CENTERS #353,"I-75, EXIT 129",Georgetown,KY,38.234109,-84.525469,3.2057
52652,PILOT TRAVEL CENTERS #47,"I-275, EXIT 129",Georgetown,KY,38.247054,-84.564552,3.2057
4460,EXIT 62 TRUCKSTOP,"I-71, EXIT 62 & US-127",Glencoe,KY,38.757227,-84.785243,3.1657
63812,PETRO STOPPING CENTER #330,"I-65, EXIT 86",Glendale,KY,37.574517,-85.918852,3.599
5464,PILOT TRAVEL CENTERS #48,"I-65, EXIT 86",Glendale,KY,37.591367,-85.929966,3.609
52478,LOVES TRAVEL STOP #418,"I-64, EXIT 172",Grayson,KY,38.350777,-82.980184,3.7557
1962,SUPER QUIK,"I-64, EXIT 172 & SR-1/SR-7",Grayson,KY,38.36313,-82.968991,3.799
739,Arco #364420,US-23,Greenup,KY,38.515895,-82.927437,3.649
70218,LOVES TRAVEL STOP #725,I-69 & SR-260,Hanson,KY,37.459657,-87.499142,3.599
127,CIRCLE K #4700095,US-41,Henderson,KY,37.823566,-87.635434,3.609
71914,HUCKS FOOD & Fuel #309,I-169 Exit 8,Hopkinsville,KY,36.892867,-87.510369,3.474
66480,LOVES TRAVEL STOP #360,"I-65, EXIT 58 & SR-218 & SR-335",Horse Cave,KY,37.222968,-85.872423,3.429
64980,DOUBLE KWIK MARKET #1044,SR-15/SR-7/SR-160,Isom,KY,37.199303,-82.909122,3.749
66334,Hucks Travel Center #052,"I-24/I-69, EXIT 40 & US-641/US-62/SR-93",Kuttawa,KY,37.095716,-88.167689,3.699
1179,PILOT TRAVEL CENTERS #399,"I-65, EXIT 105",Lebanon Junction,KY,37.84361,-85.714947,3.609
64002,SPEEDWAY #9567,"I-65, EXIT 105",Lebanon Junction,KY,37.823482,-85.712474,3.1657
67768,SHELL,US-60 & SR-657,Lewisport,KY,37.9054,-86.882079,3.499
63581,CASEYS #4453,"I-75, EXIT 120",Lexington,KY,38.043799,-84.452481,3.224
72993,H AND R OIL COMPANY,"SR-4, EXIT 8",Lexington,KY,38.037709,-84.451734,3.249
70597,SPEEDWAY #9394,SR-4 & US-25,Lexington,KY,38.02492,-84.447837,3.129
69563,SPEEDWAY #9651,"I-75, EXIT 104",Lexington,KY,38.042429,-84.52382,3.149
6441,GRAND OIL,"I-75, EXIT 41 & SR-80",London,KY,37.137278,-84.056973,3.499
7715,LONDON AUTO TRUCK CENTER,"I-75, EXIT 41 & SR-80",London,KY,37.191289,-84.104364,3.399
71010,KEYSTOPS,"I-64, EXIT 17",Louisville,KY,38.198753,-85.703975,3.1957
63702,QUICK FUEL #2501,"I-264, EXIT 14",Louisville,KY,38.212601,-85.658454,3.0823
71866,RACETRAC #2615,"I-65, EXIT 128",Louisville,KY,38.183024,-85.685317,2.919
70273,SPEEDWAY #5457,"I-264 E, EXIT 14 & SR-864 N",Louisville,KY,38.226557,-85.709004,3.029
66725,SPEEDWAY #9662,I-264,Louisville,KY,38.178247,-85.667269,3.029
72317,THORNTONS #261169,SR-1747 & SR-2052,Louisville,KY,38.227661,-85.697172,3.2807
70437,Thorntons #155,"SR-1020 N, & SR1065 E",Louisville,KY,38.151395,-85.702408,2.9057
68552,HUCKS FOOD & FUEL #368,"US-41, EXIT 44/SR-281",Madisonville,KY,37.335628,-87.488985,3.399
52088,CASEYS #4459,"I-64, EXIT 265",Mayfield,KY,36.745067,-88.670569,3.249
72596,Hucks Food & Fuel #401 dba Pilot #1360,"I-69, EXIT 25",Mayfield,KY,36.765565,-88.615623,3.599
64982,FAS MART #5260,SR-9 & US-68/US-62/SR-10,Maysville,KY,38.585174,-83.785028,3.364
52510,Valero,SR-9,Maysville,KY,38.636768,-83.816901,3.599
66890,CASEYS #4223,US-25E,Middlesboro,KY,36.648914,-83.751935,3.489
67695,MOREHEAD TRUCKSTOP,"I-64, EXIT 133 & SR- 801",Morehead,KY,38.165485,-83.417144,3.599
64016,SHELL,US-231 & SR-1468,Morgantown,KY,37.194085,-86.696648,3.799
66876,PILOT TRAVEL CENTERS #156,SR-1633 & SR-813 & SR-9004,Mortons Gap,KY,37.238826,-87.478728,3.629
66927,PILOT TRAVEL CENTER #41,I-64 EXIT 113 SE QUAD,Mount Sterling,KY,38.060046,-83.909332,3.759
63640,SUPER EXPRESS STOP,"I-64, EXIT 113",Mount Sterling,KY,38.048737,-83.970486,3.859
231,DERBY CITYS TRUCK PLAZA,"I-75, EXIT 62 & US-25",Mount Vernon,KY,37.438103,-84.337138,2.999
64677,MOUNT VERNON FUEL CENTER,"I-75, EXIT 59 & US-25",Mount Vernon,KY,37.438058,-84.327889,2.999
66815,MAXS #132,US-641 N,Murray,KY,36.58466,-88.298201,3.399
64984,DOUBLE KWIK MARKET #1062,"I-75, EXIT 104",Nicholasville,KY,37.854034,-84.554129,3.499
63349,FLYING J TRAVEL PLAZA #662,"I-24, EXIT 86",Oak Grove,KY,36.686972,-87.42946,3.1523
70725,LOVES TRAVEL STOP #782,"I-24 & US-41, EXIT 86",Oak Grove,KY,36.663099,-87.398882,3.1423
3216,MAXS #124,"I-24, EXIT 86 & US-41",Oak Grove,KY,36.667276,-87.428946,3.0423
63744,PILOT TRAVEL CENTERS #439,"I-24, EXIT 86",Oak Grove,KY,36.642922,-87.406315,3.1523
63594,PILOT TRAVEL CENTERS #49,"I-24, EXIT 89",Oak Grove,KY,36.666308,-87.435324,3.1523
62462,HAWESWAY TRUCKSTOP,US-60,Owensboro,KY,37.762772,-87.182846,3.599
5601,BP,"I-24, EXIT 16",Paducah,KY,37.095812,-88.655461,3.429
66073,EXXON,"I-24 & HUSBAND ROAD, EXIT 11",Paducah,KY,37.053713,-88.663656,3.1573
10144,PILOT TRAVEL CENTERS #358,"I-24 & US-305, EXIT 3",Paducah,KY,37.036857,-88.666614,3.699
63747,PILOT TRAVEL CENTERS #440,"I-71, EXIT 28",Pendleton,KY,38.511131,-85.319972,3.759
64527,PILOT TRAVEL CENTERS #50,"I-71, EXIT 28",Pendleton,KY,38.500334,-85.292295,3.759
66235,LOVES TRAVEL STOP #291,"I-75, EXIT 95 & SR-627",Richmond,KY,37.764545,-84.312555,3.599
72344,WOW FOOD MART,I-75 & US-25,Richmond,KY,37.762927,-84.277892,3.609
64990,LAKE COUNTRY OUTDOORS,SR-127,Russell Springs,KY,37.048422,-85.008074,3.199
68366,MARATHON,US-68/SR-80,Russellville,KY,36.859868,-86.894889,3.199
69585,LOVES TRAVEL STOP #618,"I-75, EXIT 136 & SR-32",Sadieville,KY,38.384644,-84.502782,3.139
70249,Caseys #4466,US-231 & SR-100,Scottsville,KY,36.75944,-86.177794,3.3123
66021,LOVES TRAVEL STOP #238,"I-65, EXIT 116 & SR-480",Shepherdsville,KY,38.013805,-85.703805,3.599
7825,PILOT TRAVEL CENTERS #356,"I-65, EXIT 121",Shepherdsville,KY,37.979491,-85.692893,3.609
72243,Racetrac #2611,"I-65, EXIT 116",Shepherdsville,KY,37.992284,-85.665749,2.959
6308,Pilot Travel Centers #354,"I-64, EXIT 28",Simpsonville,KY,38.198945,-85.371583,3.759
70606,SPEEDWAY #7179,"I-65 & SR-101, EXIT 38",Smiths Grove,KY,37.054309,-86.175015,3.0657
7370,TA SMITHS GROVE,"I-65, EXIT 38 & SR-101",Smiths Grove,KY,37.064431,-86.200394,3.4323
67119,EASTWAY TRUCKSTOP,SR-80,Somerset,KY,37.084738,-84.521141,3.599
7371,One9 #392,"I-65, EXIT 81 & SR-84",Sonora,KY,37.494293,-85.936611,3.1957
67139,LOVES TRAVEL STOP #383,I-71 EXIT 55 & SR-1039,Sparta,KY,38.693307,-84.915179,3.749
67821,FAS MART #5261,SR-9 & SR-57,Tollesboro,KY,38.577854,-83.533793,3.3523
67758,CLARKS PUMP N SHOP #47,SR-10/SR-9,Vanceburg,KY,38.470176,-83.301085,3.599
63605,FLYING J TRAVEL PLAZA #663,"I-64, EXIT 43 & SR-395",Waddy,KY,38.08011,-85.163346,3.759
5651,LOVES TRAVEL STOP #303,"I-64, EXIT 43 & SR-395",Waddy,KY,38.144467,-85.124468,3.749
70538,SPEEDWAY #9329,"I-64 EXIT 43, SR 395 & 2823",Waddy,KY,38.118158,-85.109979,3.149
2937,FLYING J TRAVEL PLAZA #664,"I-75, EXIT 171",Walton,KY,38.882549,-84.61694,3.0857
1860,MR FUEL #278,"I-75/71, EXIT 175 & SR-338",Walton,KY,38.923469,-84.656851,3.019
52149,PILOT TRAVEL CENTERS #321,"I-75/71, EXIT 175 & SR-338",Walton,KY,38.907753,-84.662148,3.0857
7372,TA WALTON #28,"I-75/I-71, EXIT 175 & SR-338",Walton,KY,38.877887,-84.606131,3.0023
10146,PILOT TRAVEL CENTERS #437,"I-75, EXIT 11 & SR-92",Williamsburg,KY,36.766401,-84.118126,3.609
64994,E Z STOP,SR-555 & SR-9002,Willisburg,KY,37.866883,-85.158063,3.379
6286,APPLE MARKET #526,"I-64, EXIT 94",Winchester,KY,37.963522,-84.170367,2.9157
67855,FAS MART #5262,"I-64, EXIT 94 & SR-1958/SR-2888",Winchester,KY,37.957693,-84.195428,2.9073
72132,GO TIME 4,I-64 Exit 94 & SR-1958,Winchester,KY,37.948538,-84.160227,2.9073
4239,SPEEDWAY #8256,"I-64, EXIT 94 & SR-1958 & US-60",Winchester,KY,37.973215,-84.13933,2.9223
64020,LEEBOS # 9,"I-49, EXIT 90",Alexandria,LA,31.270545,-92.448852,3.2157
64021,CM AMITE,SR-16,Amite,LA,30.746998,-90.515942,3.399
67075,CM FOREST GOLD,SR-16,Amite,LA,30.73375,-90.513827,3.399
66307,CM ST HELENA,SR-16,Amite,LA,30.740424,-90.482465,3.399
69127,TALL TIMBERS TRUCK STOP,"I-55, EXIT 46 & SR-16",Amite,LA,30.705208,-90.499692,2.999
70439,CHEVRON,I-20 & SR-151,Arcadia,LA,32.54422,-92.958689,3.189
67699,GAP FARMS TRAVEL CENTER,"I-20, EXIT 69 & SR-151",Arcadia,LA,32.516064,-92.886918,3.249
67925,CHEVRON,US-61,Baton Rouge,LA,30.449672,-91.166996,3.899
64030,STATE OIL,SR-23,Belle Chasse,LA,29.814802,-90.019668,3.4323
68693,SUPER STOPS,SR-70 & SR-308,Belle Rose,LA,29.986296,-91.066558,3.499
67883,CASH MAGIC HOLLYWOOD,US-90,Berwick,LA,29.657993,-91.25735,3.399
67305,RELAY STATION,"I-20, EXIT 3",Bethany,LA,32.390483,-93.990706,3.1223
64999,I 220 TRAVEL PLAZA,"I-270, EXIT 17A & US-80/US-79",Bossier City,LA,32.535499,-93.719417,2.9923
71325,QUIKTRIP #7223,"I-20, EXIT 23 & SR-782-2",Bossier City,LA,32.566184,-93.717387,2.8923
69017,SHELL,US-71 & SR-511,Bossier City,LA,32.530981,-93.707725,2.999
70192,LOVES TRAVEL STOP #720,"I-49, EXIT 94 & SR-1",Boyce,LA,31.349845,-92.703447,3.174
66371,RAPIDES STATION TRUCK STOP,"I-49, EXIT 94",Boyce,LA,31.320854,-92.691815,3.099
70438,BREAU BRIDGE TRUCKSTOP AND CASINO,SR-94,Breaux Bridge,LA,30.280614,-91.806328,3.229
6251,BREAUX BRIDGE VALERO #1408,"I-10 & SR-347, EXIT 115",Breaux Bridge,LA,30.294643,-91.819427,3.499
66820,CM BREAUX BRIDGE,"I-10, EXIT 109",Breaux Bridge,LA,30.278925,-91.795965,3.299
6179,HENDERSON TRAVEL PLAZA,"I-10, EXIT 115 & SR-347",Breaux Bridge,LA,30.269357,-91.792299,3.3857
60294,LITTLE CAPITOL EXXON,"I-10, EXIT 115",Breaux Bridge,LA,30.289008,-91.846036,3.899
64488,PILOT TRAVEL CENTERS #274,"I-10, EXIT 109",Breaux Bridge,LA,30.292892,-91.791601,3.1423
65000,SILVERS TRAVEL CENTER,"I-10, EXIT 109",Breaux Bridge,LA,30.258095,-91.826406,3.369
72982,SUNOCO,I-10 & SR-328,Breaux Bridge,LA,30.321434,-91.815663,2.8557
66460,CASH MAGIC BROUSSARD NORTH,"I-49, EXIT 103",Broussard,LA,30.106487,-91.926704,3.399
67077,CASH MAGIC BROUSSARD SOUTH,US-90,Broussard,LA,30.110286,-91.959831,3.399
65002,FOOD N FUN #11,US-90 & SR-92-1,Broussard,LA,30.093866,-91.950008,3.3023
63979,Jaks Oil,US-90,Broussard,LA,30.150624,-91.967539,3.049
65969,PILOT  #1105,SR-29 & SR-182,Bunkie,LA,30.849579,-92.175275,3.2123
68080,SAMMYS TRUCK AUTO PLAZA,"I-49, EXIT 53",Bunkie,LA,30.852127,-92.163837,3.399
1661,CHEVRON,"I-20, EXIT 101 & SR-151",Calhoun,LA,32.553076,-92.293626,3.159
65005,USA TRAVEL CENTER,"I-20, EXIT 103/US-80",Calhoun,LA,32.502464,-92.365858,3.2157
71234,CHEVRON #352305,I-610 & SR-47,Chalmette,LA,29.947588,-89.999225,3.139
64029,SUNSHINE SUPER STOP TRUCKS,"I-10, EXIT 182",Convent,LA,30.010417,-90.825407,3.399
67797,CHEVRON,US-71 & SR-179,Coushatta,LA,31.984371,-93.227158,3.1557
60295,EXIT 80 TRAVEL PLAZA,"I-10, EXIT 80",Crowley,LA,30.227762,-92.369683,3.109
62480,CM GALLIANO,US-167,Cut Off,LA,29.552753,-90.373311,3.499
64028,DELCAMBRE FUEL DEPOT,SR-14 & SR-89,Delcambre,LA,29.970103,-91.990303,2.999
66680,BIG TOP TRAVEL CENTER,"I-20, EXIT 157",Delhi,LA,32.382534,-91.474256,2.969
72247,SEVEN MART,I-20 & SR-17,Delhi,LA,32.421079,-91.465532,3.199
65036,WAVERLY TRUCKSTOP,"I-20, EXIT 157 & SR-577",Delhi,LA,32.426831,-91.504232,2.964
3003,CHEVRON,"I-20, EXIT 186",Delta,LA,32.352271,-90.92713,2.994
67076,CASH MAGIC LUCKY MAGNOLIA,SR-63/SR-16,Denham Springs,LA,30.64512,-90.929332,3.399
67078,CASH MAGIC SILVER FOX,SR-63/SR-16,Denham Springs,LA,30.585642,-90.925596,3.399
160,PILOT TRAVEL CENTERS #79,"I-12, EXIT 10 AT MILE 10",Denham Springs,LA,30.620343,-90.89507,3.2323
244,BIG D TRUCK TRAVEL PLAZA,"I-10, EXIT 92 & SR-95",Duson,LA,30.156282,-92.16197,2.9823
63737,I 10 DUSON TRUCK STOP,"I-10, AUSTRIA ROAD",Duson,LA,30.187252,-92.143193,3.4107
66029,Roady's Lucky Deuces,"I-10, EXIT 92 & SR-95",Duson,LA,30.188662,-92.156053,3.0357
576,PETRO STOPPING CENTER #343,"I-10, EXIT 76",Egan,LA,30.241318,-92.461375,3.624
72976,RED DOG,"I-10, EXIT 72",Egan,LA,30.225787,-92.536867,3.049
5232,CM EUNICE,US-190,Eunice,LA,30.523282,-92.404627,3.399
65006,GOLDMINE TRUCKSTOP,US-190,Eunice,LA,30.530126,-92.407069,3.199
69446,SUPER SAVE #4,SR-33 & SR-15,Farmerville,LA,32.713534,-92.353049,3.479
64034,BOONES CHEVRON,SR-317,Franklin,LA,29.773249,-91.48616,3.899
60958,NORTH WEST TRUCK STOP,US-90 & SR-3211,Franklin,LA,29.775818,-91.514703,3.399
67241,RELAY STATION 3,SR-175,Frierson,LA,32.212357,-93.663965,3.259
68562,CHEVRON,SR-3235,Galliano,LA,29.458915,-90.332898,3.499
68556,MONICARLO FUEL STOP,US-61 & SR-54,Garyville,LA,30.020343,-90.655245,3.199
72789,RACETRAC #237,HWY 30 & ROBERT WILSON RD,Gonzales,LA,30.16566,-90.849959,3.1723
65007,GOLDEN GROVE TRUCK PLAZA,SR-641 & SR-3125,Gramercy,LA,30.048349,-90.682589,3.419
60298,BEAU CHENE TRUCK STOP,"I-49, EXIT 11",Grand Coteau,LA,30.396074,-92.084141,3.399
66721,USA SPEEDTRAC,"I-49US-167, EXIT 11",Grand Coteau,LA,30.451138,-92.077323,3.399
65008,BIG WHEELS TRAVEL CENTER,"US-90, EXIT 204 & SR-316",Gray,LA,29.690678,-90.802933,3.499
67934,WHISPERING PINES,SR-10,Greensburg,LA,30.831519,-90.735805,3.099
52402,FLYING J TRAVEL PLAZA #665,"I-20, EXIT 3 & SR-79",Greenwood,LA,32.460561,-93.999643,3.1457
66126,LOVES TRAVEL STOP #209,"I-20, EXIT 3 & US-80 & SR-169",Greenwood,LA,32.482696,-93.959395,3.134
4618,OUTPOST TRAVEL CENTER,"I-20, EXIT 5 & US-80",Greenwood,LA,32.463295,-94.003895,2.899
67065,TA GREENWOOD TRAVEL CENTER,"I-20, EXIT 5 & US-79",Greenwood,LA,32.410828,-93.966749,3.1657
6745,TIGER TRUCK STOP,"I-10, EXIT 139",Grosse Tete,LA,30.422596,-91.414668,3.059
72941,CIRCLE K #2740389,I-55 & US-51,Hammond,LA,30.48832,-90.454986,3.249
66448,HAMMOND TRAVEL CENTER,"I-55, EXIT 31B & US-190/SR-3260",Hammond,LA,30.48205,-90.516573,3.099
5570,PETRO STOPPING CENTER #310,"I-12, EXIT 40 & US-51 BUS",Hammond,LA,30.487995,-90.504852,3.249
10150,PILOT TRAVEL CENTERS #300,"I-12, EXIT 40",Hammond,LA,30.523078,-90.518843,3.2323
5258,PT TRUCK STOP,"I-12, EXIT 42",Hammond,LA,30.48212,-90.500959,3.249
65857,PILOT TRAVEL CENTERS #199,"I-20, EXIT 33",Haughton,LA,32.584591,-93.547105,3.1457
72806,TA HOSSTON #939,"I-49, Exit 237",Hosston,LA,32.928627,-93.887226,2.9223
63760,CASH MAGIC CITGO HOUMA,I-57,Houma,LA,29.594874,-90.792304,3.5657
68462,CHEVRON,SR-24 & SR-660,Houma,LA,29.608538,-90.715444,3.099
64036,CM PROSPECT STATION,SR-3087 & SR-660,Houma,LA,29.613163,-90.7264,3.599
67711,HOUMA COTEAU TRAVEL PLAZA,I-90/SR-20,Houma,LA,29.559958,-90.718648,3.0623
65011,PLANTATION TRUCK PLAZA,SR-311 & SR-664,Houma,LA,29.577483,-90.763254,3.1157
69707,SUPER S TRAVEL PLAZA,"I-49, EXIT 241",Ida,LA,32.995649,-93.893465,3.059
63731,LOVES TRAVEL STOP #243,"I-10, EXIT 43 & SR-383",Iowa,LA,30.220875,-93.039432,3.5873
64040,PILOT #1051,"I-10, EXIT 43 & SR-383",Iowa,LA,30.234643,-93.006075,3.599
68076,JENNINGS TRUCKSTOP,"I-10, EXIT 65",Jennings,LA,30.251647,-92.64718,2.999
66502,SHOP RITE #82,"I-10, EXIT 64",Jennings,LA,30.213312,-92.641696,3.589
52089,SHELL,US-84 & SR-28,Jonesville,LA,31.675948,-91.835496,3.399
67887,AIRLINE CHEVRON,US-61,Kenner,LA,29.978426,-90.259481,3.099
68886,BEBO'S,SR-38,Kentwood,LA,30.923328,-90.504927,3.0157
66396,CIRCLE K #2723988,"I-55, EXIT 61 & SR-38",Kentwood,LA,30.863329,-90.509654,3.299
64042,LA PLACE TRAVEL CENTER,"I-10, EXIT 209 & I-55, EXIT 1",La Place,LA,30.073428,-90.473555,3.259
4920,TA LAPLACE,"I-10, EXIT 209 & US-5",La Place,LA,30.087662,-90.46036,3.2273
5979,TA LAFAYETTE TRAVEL CENTER,"I-10 & SR-182, EXIT 101",Lafayette,LA,30.250425,-91.972394,3.134
5597,CM LAKE CHARLES FUEL STOP 36,"I-10, EXIT 36 & SR-397",Lake Charles,LA,30.225069,-93.219131,3.299
64049,Cash Magic CITGO LAROSE,SR-308,Larose,LA,29.539687,-90.410074,3.399
68070,PAULS TRUCK STOP,US-171,Leesville,LA,31.144549,-93.177348,3.449
69859,BIG BOSS TRAVEL PLAZA,I-12 EXIT 22,Livingston,LA,30.507074,-90.754952,3.1657
64043,COUNTRY AUTO TRUCK STOP,"I-49, EXIT 177 & SR-509",Mansfield,LA,31.996844,-93.720843,3.259
72352,LOVES TRAVEL STOP #858,"I-49, EXIT 172 & US-84",Mansfield,LA,31.988504,-93.710192,3.2457
69630,MANSFIELD TRAVEL PLAZA,SR-175 & SR-509,Mansfield,LA,32.02777,-93.732723,3.019
5608,SHOP A LOTT  #3,US-84 & US-171,Mansfield,LA,32.003145,-93.704675,3.1357
65017,Y NOT STOP MANSURA,SR-1,Mansura,LA,31.032075,-92.087696,3.399
64050,WESTWOOD TRUCK PLAZA,US-90 BUS,Marrero,LA,29.893869,-90.11567,3.279
68081,SHELL,SR-308 & SR-654,Mathews,LA,29.716583,-90.532412,3.459
67922,EXXON,"I-20, EXIT 44 & US-371 & US-80/US-79",Minden,LA,32.642694,-93.25893,3.399
66997,LOVES TRAVEL STOP #289,"I-20, EXIT 49 & SR-531",Minden,LA,32.640112,-93.267513,3.149
67237,OUTPOST TRAVEL CENTER,US-79 & CR-111,Minden,LA,32.671998,-93.296438,3.1323
67866,QUICK DRAW TRAVEL PLAZA,"I-20, EXIT 49 & SR-531",Minden,LA,32.65224,-93.275235,3.0123
66385,TA EXPRESS MINDEN,"I-20, EXIT 52",Minden,LA,32.624349,-93.278018,3.114
2968,E-Z MART #4460,"I-20,  EXIT 124",Monroe,LA,32.53278,-92.138643,3.129
71314,Loves Travel Stop  #806,I-20 Exit 124,Monroe,LA,32.538906,-92.07187,3.1673
64998,CM BAYOU VISTA,US-90,Morgan City,LA,29.658615,-91.243207,3.399
52090,SHOP A LOTT #10,"I-49, EXIT 138 & SR-6",Natchitoches,LA,31.734942,-93.099893,3.1257
68572,FOOD N FUN #17,US-90 & SR-83 & CR-605,New Iberia,LA,29.971203,-91.786471,3.067
68463,SPANISH LAKE TRUCK AND CASINO PLAZA,SR-182,New Iberia,LA,30.016439,-91.817365,3.329
63530,BIG EASY TRAVEL PLAZA,"I-10, EXIT 239-B",New Orleans,LA,29.981229,-90.130389,3.799
64044,DISCOUNT ZONE,"I-510, EXIT 240",New Orleans,LA,29.953445,-90.170625,3.149
63942,Discount Zone,"I-10, EXIT CLEARVIEW",New Orleans,LA,29.984109,-90.157434,3.279
67308,FUEL STAR,SR-48,New Orleans,LA,29.922993,-90.128933,3.279
248,Mardi Gras Truck Stop,"I-10, EXIT 236",New Orleans,LA,30.00109,-90.155371,3.729
63571,Palace Truckstop,"I-10, EXIT 246 & I-510, EXIT 2C",New Orleans,LA,29.985306,-90.174689,3.299
72346,Y-NOT STOP,US-165 & SR-10,Oakdale,LA,30.821526,-92.625194,3.699
10154,I 49 TRUCK STOP,"I-49, EXIT 23 & US-167",Opelousas,LA,30.483537,-92.067691,3.199
72586,Loves Travel Stop #875,"I-49, Exit 15",Opelousas,LA,30.517142,-92.080213,3.0857
65021,OPELOUSAS 190 TRUCK STOP,US-190,Opelousas,LA,30.506335,-92.122894,2.8707
66109,QUARTERS TRAVEL PLAZA,"I-49, EXIT 23 & US-167 /SR-744",Opelousas,LA,30.481543,-92.12905,3.184
71860,PILOT #1347,"I-59, EXIT 5A",Pearl River,LA,30.392159,-89.744701,3.164
66422,PLAQUEMINE TRUCK STOP,ST 1,Plaquemine,LA,30.29514,-91.256455,3.999
52299,415 TRUCK STOP,"I-10, EXIT 151 & SR-415",Port Allen,LA,30.441019,-91.254133,3.089
72943,CIRCLE K #2706805,SR-415 & SR-76,Port Allen,LA,30.483581,-91.249485,3.359
240,LA 1 SOUTH TRUCKSTOP,"I-10, EXIT 153 & SR-1",Port Allen,LA,30.440772,-91.243904,3.039
63722,LOVES TRAVEL STOP #240,"I-10, EXIT 151 & SR-415",Port Allen,LA,30.444876,-91.276437,3.2323
64047,LUCKY LOUIES TRUCK STOP,US-190,Port Allen,LA,30.488543,-91.281241,3.0657
68318,NINOS TRUCK PLAZA,"I-10, EXIT 151",Port Allen,LA,30.509078,-91.240092,3.039
63566,PORT ALLEN TRUCKSTOP,"I-10, EXIT 151 & SR-415",Port Allen,LA,30.440198,-91.224657,3.259
64048,Pilot #1439,"I-10, Exit 151",Port Allen,LA,30.509166,-91.293677,3.2157
64045,SILVERS TRAVEL PLAZA - Port Allen,US-190/SR-1,Port Allen,LA,30.476046,-91.238335,3.3323
68595,SUPER LUCKY LOUIES,US-190/SR-1,Port Allen,LA,30.484778,-91.293251,3.0323
69494,TMI FUEL STOP,SR 1,Port Allen,LA,30.475835,-91.267107,3.0657
7360,KINGS TRUCK STOP,ST 103,Port Barre,LA,30.525502,-91.956926,3.189
69824,LOVES TRAVEL STOP #663,US-190 & LA-103,Port Barre,LA,30.558465,-91.950086,3.124
65022,CM RACELAND,SR-1,Raceland,LA,29.717946,-90.577994,3.299
63624,FROG CITY TRAVEL PLAZA,"I-10, EXIT 87",Rayne,LA,30.238119,-92.285874,3.3657
69099,LOVES TRAVEL STOP #523,"I-10, EXIT 92",Rayne,LA,30.260107,-92.256504,3.149
65023,SHOP RITE #85,"I-10, EXIT 87 AT MILE 87",Rayne,LA,30.20533,-92.29771,3.149
52364,PILOT TRAVEL CENTERS #335,"I-20 & SR-137, EXIT 138",Rayville,LA,32.448511,-91.752041,3.2123
66454,Fast Stop Shell,I-10,Reserve,LA,30.076404,-90.581357,3.799
72188,MARATHON,US-61 & SR-637,Reserve,LA,30.091711,-90.581922,3.749
68689,CHEVRON,"I-10, EXIT 59 & SR-395",Roanoke,LA,30.283445,-92.732812,3.609
71493,NEW TRAVEL PLAZA,I-20 EXIT 86,Ruston,LA,32.524767,-92.652392,3.0657
73037,TA EXPRESS #567,"I-20, EXIT 81 & SR-149",Ruston,LA,32.491862,-92.612107,3.114
62487,Fred's Food Mart,US-61,Saint Francisville,LA,30.868732,-91.439329,3.799
1196,SOUTHERN BELLE TRUCK STOP,US-61 & SR-964,Saint Francisville,LA,30.841764,-91.38421,3.384
64654,Fast Stop,"I-10, EXIT 177",Saint Gabriel,LA,30.233065,-91.074618,3.699
66456,TEXACO #383124,SR-70,Saint James,LA,30.00138,-90.896503,2.969
65019,Hwy 31 Truck Stop,SR 31,Saint Martinville,LA,30.229415,-91.815455,3.329
66749,BIG RIVER #18,"I-310 EXIT 2, & US-61",Saint Rose,LA,29.972518,-90.330228,3.099
71287,RACETRAC #482,I-310 EXIT 2A,Saint Rose,LA,29.941638,-90.278642,3.1257
65026,TA ST Rose #06480,US-61,Saint Rose,LA,29.97028,-90.336712,3.2257
68684,Rebecca Plantation Truck Plaza,"US-90, EXIT 200 & SR-311",Schriever,LA,29.750854,-90.843319,2.999
61483,CM SILVER DOLLAR,"I-220, EXIT 7",Shreveport,LA,32.533824,-93.768237,3.299
65025,ELSIE AUTO AND TRUCK PLAZA,SR-1,Shreveport,LA,32.508444,-93.749671,2.949
72702,Loves Travel Stop #854,I-49 EXIT 215,Shreveport,LA,32.526977,-93.735188,2.9373
5446,PETRO STOPPING CENTER #308,"I-20, EXIT 8 & SR-526",Shreveport,LA,32.498698,-93.712987,3.1757
4233,QUIKTRIP #7220,"I-20, EXIT 8",Shreveport,LA,32.514346,-93.744831,2.8923
67239,RELAY STATION,SR-1,Shreveport,LA,32.481771,-93.729269,3.1323
71696,SUPER SAVE #10,I-220 EXIT 1A,Shreveport,LA,32.465598,-93.750235,3.199
67655,CIRCLE K #2706627,"I-10, EXIT 261",Slidell,LA,30.273314,-89.731584,3.189
66137,CIRCLE K #2721594,"I-10, EXIT 263",Slidell,LA,30.274882,-89.748086,3.1707
7357,TA SLIDELL TRAVEL CENTER,"I-10, EXIT 266 & US-190",Slidell,LA,30.271514,-89.766198,3.154
5649,Fast Stop,"I-10, EXIT 182 & SR-22",Sorrento,LA,30.187485,-90.862514,3.699
52304,Fast Stop,"I-10, EXIT 182 & SR-22",Sorrento,LA,30.223616,-90.824149,3.699
64059,CM SPRINGHILL,"I-20, EXIT 44",Springhill,LA,32.966903,-93.49658,3.399
65027,STARKS TRUCK STOP,SR-12,Starks,LA,30.31778,-93.642647,3.599
52435,CM WINNERS CHOICE,"I-10 & SR-108, EXIT 23",Sulphur,LA,30.191007,-93.329407,3.299
66495,SUPER SAVER EXPRESS,"I-10, EXIT 21",Sulphur,LA,30.226447,-93.37706,2.999
67974,TALL TIMBERS TRUCKSTOP,"I-10, EXIT 23 & SR-108",Sulphur,LA,30.192146,-93.398983,3.8323
66039,LOVES TRAVEL STOP #237,"I-20, EXIT 171 & US-65",Tallulah,LA,32.395021,-91.066473,3.259
2862,TA TALLULAH TRAVEL CENTER,"I-20, EXIT 171 & US-65",Tallulah,LA,32.446383,-91.082939,3.209
67668,ADVENTURE TRUCK PLAZA,SR-3185 & SR-3107,Thibodaux,LA,29.772664,-90.808901,3.399
65030,CASH MAGIC THIBODAUX,SR-1,Thibodaux,LA,29.7789,-90.843868,3.399
68850,SPRINT MART #67,US-84/US-425,Vidalia,LA,31.56268,-91.438403,3.0823
71522,Y NOT STOP BARBER SPUR,SR-10 & SR-13,Ville Platte,LA,30.673092,-92.262971,3.499
62500,CASH MAGIC VINTON,"I-10, EXIT 4 & SR-109",Vinton,LA,30.239112,-93.608772,3.284
64058,DELTA TOWN TRUCK STOP,"I-10, EXIT 4",Vinton,LA,30.166626,-93.595058,2.799
52302,LONGHORN TRUCK AND CAR PLAZA,"I-10, EXIT 4",Vinton,LA,30.209014,-93.570537,3.274
66613,LOVES TRAVEL STOP #362,"I-10, EXIT 7 & SR-3063",Vinton,LA,30.188986,-93.541887,3.3057
60979,TOBACCO PLUS #5,"I-10, EXIT 4 & US-90",Vinton,LA,30.18166,-93.575464,2.999
64060,CM VIVIAN,SR-1 & SR-2,Vivian,LA,32.833046,-93.911644,3.2657
65037,CIRCLE K #2707783,"I-20, EXIT 114 & SR-617",West Monroe,LA,32.54544,-92.182117,2.9573
63619,PILOT TRAVEL CENTERS #428,"I-20, EXIT 112",West Monroe,LA,32.540796,-92.166309,3.2057
71858,QUIKTRIP #7224,"I-20, EXIT 112",West Monroe,LA,32.5548,-92.15362,2.8923
64996,AVONDALE TRUCK STOP,SR-90,Westwego,LA,29.909522,-90.195116,3.449
68806,SHELL,US-90,Westwego,LA,29.927571,-90.23807,3.0657
3413,COUNTRY GIRL TRUCK STOP,US-167 & SR-156,Winnfield,LA,31.893046,-92.634107,3.319
70311,RACING MART,SR-8,Adams,MA,42.641592,-73.156592,3.699
70674,ALLTOWN FRESH #769,SR-111,Ayer,MA,42.562766,-71.588723,3.649
66195,MOBIL,"I-495, EXIT 26 & SR-62",Berlin,MA,42.406682,-71.63809,3.699
60989,Blandford Service Plaza Westbound,"I-90, EXIT MM29",Blandford,MA,42.174672,-72.967915,3.919
60988,GULF OIL LP #5020,"I-90, MM291",Blandford,MA,42.197076,-72.910155,3.914
72635,GULF,SR-140,Boylston,MA,42.358818,-71.738343,3.839
68672,24 NORTH MOBIL,"I-495, EXIT 7A & SR-24, EXIT 14B",Bridgewater,MA,42.000121,-70.984976,3.699
66247,GULF OIL #5045,I-90 EXIT 83,Charlton,MA,42.136693,-71.94245,3.909
66595,GULF OIL LP #5040,"I-90, EXIT 9",Charlton,MA,42.115553,-71.968721,3.909
5660,Pride Convenience Store,"I-90, EXIT 51 & I-291",Chicopee,MA,42.159554,-72.569417,3.509
71840,NEON MARKETPLACE,"SR-79, EXIT 10",Fall River,MA,41.683445,-71.145439,3.949
60993,GULF #5165,"I-90, EXIT 12",Framingham,MA,42.301621,-71.412512,4.0657
70310,LANCASTER CONVENIENCE,US-2 & US-70,Lancaster,MA,42.476633,-71.670493,3.7057
66579,GULF OIL LP #5010,"I-90, EXIT 2",Lee,MA,42.316712,-73.224283,3.914
1199,ALLTOWN MARKETS #306,"I-190, EXIT 7",Leominster,MA,42.556568,-71.718204,3.6823
66571,LEXINGTON GULF,"I-128, NORTH MASS PIKE",Lexington,MA,42.479139,-71.217895,4.299
60998,GULF OIL #5030,"I-90, EXIT 7",Ludlow,MA,42.184587,-72.462276,3.909
60997,GULF OIL #5035,I-90 MM 66.7,Ludlow,MA,42.200263,-72.481062,3.914
67247,CIRCLE K #4707512,"I-93, EXIT 47",Methuen,MA,42.712148,-71.15667,3.799
66299,XTRA MART #10093,SR-146,Millbury,MA,42.216727,-71.745655,3.649
68919,GULF MART 5150,"I-90 E, MM 117",Natick,MA,42.262528,-71.33579,4.0657
66069,128 NEWTON GAS,"I-95, EXIT 20A/SR-128 & SR-9",Newton Lower Falls,MA,42.303994,-71.219729,4.299
68941,ALLTOWN MARKETS #2743,"US-3, EXIT 28",North Billerica,MA,42.614114,-71.313864,3.6823
64063,Mobil,US-20 & SR-56,North Oxford,MA,42.182428,-71.878202,3.5823
71328,IRVING,US-1,Norwood,MA,42.216507,-71.18982,3.694
68588,SHELL,"US-202, EXIT 16",Orange,MA,42.627105,-72.287659,3.649
7344,BEST QUICK STOP,US-1,Peabody,MA,42.500489,-70.922695,3.6157
71013,ALLTOWN MARKETS #647,SR-3 EXIT 5,Plymouth,MA,41.919123,-70.617357,3.959
68036,MOBIL,"I-95, EXIT 60",Salisbury,MA,42.833414,-70.891374,3.599
68826,HIGHWAY SERVICE,US-44,Seekonk,MA,41.86592,-71.284929,3.319
6842,FLYNNS TRUCK PLAZA,"US-20, EXIT 11 & SR-140",Shrewsbury,MA,42.287886,-71.685858,3.6157
304,FL Roberts,"I-91, EXIT 4",Springfield,MA,42.12379,-72.587372,3.599
67356,PRIDE CONVENIENCE STORE,"I-91, EXIT 8 & US-20",Springfield,MA,42.138844,-72.581335,3.559
61004,Applegreen,SR-15,Sturbridge,MA,42.096478,-72.115552,3.999
73005,NOBLE,US-20,Sturbridge,MA,42.072601,-72.088595,3.999
52250,PILOT TRAVEL CENTERS #222,I-84 EXIT 1,Sturbridge,MA,42.125272,-72.100068,4.159
67409,XTRA MART #7025,SR-146,Sutton,MA,42.150011,-71.769648,3.649
64062,XTRA MART #10098,SR-146A,Uxbridge,MA,42.083517,-71.63122,3.649
61006,GULF OIL LP #5155,"I-90, EXIT 11",Westborough,MA,42.233007,-71.578531,3.909
68899,XTRAMART,SR-9,Westborough,MA,42.251858,-71.591815,3.649
65048,Irving,SR-2,Westminster,MA,42.533765,-71.924941,3.749
6704,FL Roberts,"I-91, EXIT 24",Whately,MA,42.464459,-72.634826,3.559
7341,INTERSTATE TRAVEL PLAZA,"I-495, EXIT 14A & US-1",Wrentham,MA,42.062725,-71.339818,3.699
72802,Racing Mart Store,"I-495, Exit 36A",Wrentham,MA,42.025116,-71.351368,3.899
69076,A PLUS MINI MARKET,"I-95, MM 82",Aberdeen,MD,39.524416,-76.202855,3.8323
4704,THE RIDGE,"I-68/US-219, EXIT 14 & US-40",Accident,MD,39.662168,-79.284004,4.199
70910,QUARLES #4409,I-95 EXIT 50B,Baltimore,MD,39.139934,-76.694637,3.499
70915,QUARLES #4414,I-95 EXIT 60,Baltimore,MD,39.214575,-76.712008,3.449
65059,ROYAL FARMS #111,"I-95, EXIT 57",Baltimore,MD,39.18281,-76.711263,3.209
72238,ROYAL FARMS #169,I-895 & US-40,Baltimore,MD,39.211626,-76.66715,3.259
1610,TA BALTIMORE TRAVEL CENTER,"I-95, EXIT 57",Baltimore,MD,39.196565,-76.671496,4.759
70906,QUARLES #4403,"I-95 EXIT 29A, US-1",Beltsville,MD,39.028947,-76.936478,3.899
65062,AC & T BIG POOL,"I-70, EXIT 12 & SR-56",Big Pool,MD,39.630086,-77.971388,3.659
70909,QUARLES #4408,SR-201,Bladensburg,MD,38.917592,-76.931178,3.699
64069,301 BP,US-301/SR-5,Brandywine,MD,38.727857,-76.806382,3.259
70914,QUARLES #4413,I-495 EXIT 15A,Capitol Heights,MD,38.908554,-76.910356,3.899
5003,TRAILWAY TRUCK STOP,US-301/SR-304,Centreville,MD,39.084823,-76.035799,3.259
70921,QUARLES #4424,SR-5,Clinton,MD,38.76339,-76.904304,3.899
69575,LOVES TRAVEL STOP #537,"I-68, EXIT 46 & US-220/SR-144",Cumberland,MD,39.623205,-78.786002,4.249
70912,QUARLES #4411,"I-695 EXIT 1, SR-173",Curtis Bay,MD,39.217989,-76.58153,3.499
70918,QUARLES #4417,I-895 EXIT 8B,Curtis Bay,MD,39.185347,-76.596202,3.499
66821,DENTON GOOSE CREEK,SR-404/SR-619,Denton,MD,38.851865,-75.835747,3.259
72237,ROYAL FARMS #135,SR-404 & SR-16,Denton,MD,38.866727,-75.812212,3.339
52346,QUARLES #4436,"I-695, EXIT 41 & SR-151",Dundalk,MD,39.232094,-76.490575,3.699
72281,SUNOCO,I-95 Exit 77B & SR-24,Edgewood,MD,39.453995,-76.337396,3.299
71014,Global,"I-95, EXIT 43 & US-1",Elkridge,MD,39.206664,-76.73063,3.099
70907,QUARLES #4404,I-95 EXIT 43A,Elkridge,MD,39.200836,-76.721328,3.499
6655,BP DBA TA ELKTON TRAVEL CENTER,"I-95,  EXIT 109B",Elkton,MD,39.660042,-75.815975,4.969
5236,FLYING J #875,"I-95,  EXIT 109",Elkton,MD,39.600821,-75.868665,4.199
72440,Rutters #84,US-15 & SR-340,Emmitsburg,MD,39.668543,-77.35823,3.9157
70934,QUARLES #4509,I-270 EXIT 31B,Frederick,MD,39.428483,-77.358716,3.599
70935,QUARLES #4511,I-70 EXIT 55,Frederick,MD,39.417071,-77.296925,3.599
71837,RUTTERS #86,"US-15, EXIT 17 & SR-26",Frederick,MD,39.481756,-77.335994,3.899
70923,QUARLES #4426,SR-124,Gaithersburg,MD,39.121916,-77.185508,3.759
70920,QUARLES #4423,SR-100 EXIT 11,Glen Burnie,MD,39.14974,-76.596407,3.699
256,BFS FOODS #66,"I-68/US-40, EXIT 22 & US-219",Grantsville,MD,39.669637,-79.121142,3.899
62701,PILOT TRAVEL CENTERS #408,"I-68, EXIT 22",Grantsville,MD,39.650865,-79.154603,4.259
65064,A C AND T SHARPSBURG PIKE,"I-70, EXIT 29A & SR-65",Hagerstown,MD,39.641298,-77.697987,3.799
69572,AC & T GARLAND GROH,I-81 EXIT 7B,Hagerstown,MD,39.606453,-77.729272,3.559
6577,AC & T TRAVEL CENTER,"I-81, EXIT 5 W",Hagerstown,MD,39.647043,-77.775068,3.659
69927,LOVES TRAVEL STOP #682,"I-81, EXIT 10A",Hagerstown,MD,39.657915,-77.759658,3.949
63774,PILOT TRAVEL CENTERS #150,"I-70, EXIT 24 &SR-63",Hagerstown,MD,39.656523,-77.728077,3.959
67082,PILOT TRAVEL CENTERS #179,"I-81, EXIT 5-B",Hagerstown,MD,39.601889,-77.768375,3.959
70931,QUARLES #4505,SR-65,Hagerstown,MD,39.59632,-77.705166,3.899
5492,BFS FOODS #68,"I-70, EXIT 3",Hancock,MD,39.711097,-78.15289,4.129
72240,ROYAL FARMS #191,I-83 Exit 20A,Hunt Valley,MD,39.469356,-76.641491,4.199
65066,HURLOCK CITGO,SR-392 & SR-331,Hurlock,MD,38.639177,-75.891335,3.259
70922,QUARLES #4425,US-50 EXIT 5,Hyattsville,MD,38.92039,-76.968556,3.899
70928,QUARLES #4435,"I-95 EXIT 41, US-1",Jessup,MD,39.131815,-76.779908,3.499
5721,TA BALTIMORE SOUTH TRAVEL CENTER,"I-95, EXIT 41A & SR-175 & US-1",Jessup,MD,39.113448,-76.770105,4.599
61019,MARDELA GOOSE CREEK FOOD STORE,US-50,Mardela Springs,MD,38.497648,-75.712481,3.979
68043,CARROLL MOTOR FUELS,US-40,Middle River,MD,39.360664,-76.442498,3.139
6607,TRANSIT TRUCK STOP,"I-97, EXIT 10",Millersville,MD,39.110782,-76.645359,3.4657
65067,SUNOCO,US-301,Newburg,MD,38.29339,-76.892046,3.379
69194,CHESAPEAKE HOUSE SUNOCO,"I-95, EXIT 97",North East,MD,39.603816,-75.919745,3.8323
52466,FLYING J TRAVEL PLAZA #784,"I-95, EXIT 100 & SR-272",North East,MD,39.588813,-75.943983,4.199
72242,ROYAL FARMS #311,SR-7 & SR-43,Nottingham,MD,39.3829,-76.467555,3.269
1202,ONE9 #290,"I-95, EXIT 93 & SR-222",Perryville,MD,39.589762,-76.028687,3.599
70913,QUARLES #4412,I-270 EXIT 8,Rockville,MD,39.103798,-77.121733,3.759
70917,QUARLES #4416,US-13,Salisbury,MD,38.348529,-75.663463,3.659
2144,Mountain View Truck Stop,US-15,Thurmont,MD,39.585255,-77.437768,4.099
72063,CIRCLE K #2655785,US-301,Upper Marlboro,MD,38.85021,-76.808753,3.999
70908,QUARLES #4407,I-495 EXIT 11A,Upper Marlboro,MD,38.876303,-76.808583,3.899
70894,QUARLES #4009,US-301,Waldorf,MD,38.641214,-76.842072,3.759
70884,RUTTERS #75,SR-194 & SR-550,Walkersville,MD,39.449843,-77.344633,3.9323
61021,WESTOVER GOOSE CREEK,US-13 & SR-673,Westover,MD,38.081892,-75.723712,3.259
60313,WHITE MARSH TRUCK STOP,US-40,White Marsh,MD,39.365967,-76.429855,3.369
71972,BOWMAN,I-81 Exit 1,Williamsport,MD,39.578227,-77.830292,3.8323
65069,CIRCLE K #4707056,"I-95, EXIT 75",Auburn,ME,44.070775,-70.249094,3.899
72957,IRVING,SR-11,Augusta,ME,44.28641,-69.759327,3.899
70304,Rusty Lantern,"I-95, EXIT 109A & SR-202",Augusta,ME,44.285811,-69.783308,3.8873
66243,CIRCLE K #4707000,SR-9,Baileyville,ME,45.099232,-67.447573,3.899
7353,DYSARTS SERVICE,"I-95, EXIT 44",Bangor,ME,44.821759,-68.764622,3.799
64534,CIRCLE K #4707045,"I-95, EXIT 32",Biddeford,ME,43.457471,-70.485502,3.9573
70625,BROWNVILLE IRVING,SR-11,Brownville,ME,45.352299,-69.005064,3.9323
72006,CIRCLE K #4707123,SR-2,Canaan,ME,44.711756,-69.538313,3.759
70286,ROBINSONS IRVING,SR-7,Corinna,ME,44.927854,-69.211094,3.9323
70284,ROBINSON CORINTH IRVING,"I-395 N, EXIT 3",Corinth,ME,44.97698,-69.018069,3.9323
70285,IRVING MAINWAY,SR-16 E,Dover Foxcroft,ME,45.175877,-69.201103,3.8657
66816,CIRCLE K #4707082,"I-95, EXIT 132 & SR-139",Fairfield,ME,44.609075,-69.694844,3.899
9206,CIRCLE K #4707005,US-2 & SR-4,Farmington,ME,44.674915,-70.108574,3.899
70322,INDIAN HILL IRVING,SR 6,Greenville,ME,45.44387,-69.594448,3.8657
66252,CIRCLE K #4707023,US-1A,Holden,ME,44.720476,-68.577013,3.7323
69324,CIRCLE K #4707006,"I-95, EXIT 302 & US-1",Houlton,ME,46.158856,-67.837652,3.899
7354,CIRCLE K #4707065,"I-95, EXIT 2",Kittery,ME,43.125246,-70.753244,3.899
73055,CIRCLE K #4707124,SR-3,Liberty,ME,44.363961,-69.298454,4.099
67265,CIRCLE K #4707048,US-2,Lincoln,ME,45.312288,-68.491433,3.7323
65074,CIRCLE K #4707004,"I-95, EXIT 244 & SR-157",Medway,ME,45.627619,-68.494479,3.5023
9818,CIRCLE K #4707002,"I-95, EXIT 157",Newport,ME,44.834353,-69.251759,3.899
65075,CIRCLE K #4707017,"I-95, EXIT 48",Portland,ME,43.62959,-70.294537,3.7423
67264,CIRCLE K #4707016,US-1,Princeton,ME,45.234175,-67.626352,3.8823
66625,EXIT 43 QUICK STOP,"I-95, EXIT 43",Richmond,ME,44.131159,-69.838766,3.7657
66248,CIRCLE K #4707046,"I-95, EXIT 6",Scarborough,ME,43.605961,-70.286172,3.909
60316,CIRCLE K #4707001,"I-95, EXIT 264 & SR-158",Sherman,ME,45.839655,-68.357198,3.9323
67041,CIRCLE K #4707040,"I-95, EXIT 133 & US-201",Skowhegan,ME,44.740601,-69.728975,3.7257
72373,Rusty Lantern,SR-4,Turner,ME,44.294597,-70.272184,3.899
72256,SHELL,US-1,Warren,ME,44.089151,-69.242546,3.999
72374,Rusty Lantern,SR-26 & SR-219,West Paris,ME,44.321469,-70.570128,3.9657
68093,MARATHON,US-223/CR-52,Adrian,MI,41.902073,-84.064789,3.599
72347,MARATHON,I-94 Exit 121,Albion,MI,42.255323,-84.750159,3.699
64072,EZ MART #110,US-127 & US-127 BUS/SR-46,Alma,MI,43.392123,-84.668382,3.649
52474,PILOT TRAVEL CENTERS #17,"I-94, EXIT 104",Battle Creek,MI,42.339079,-85.170283,3.959
7337,TA BATTLE CREEK,"I-94, EXIT 104",Battle Creek,MI,42.291741,-85.149475,3.979
61028,MARATHON,"US-10, EXIT 137",Bay City,MI,43.64019,-83.969097,3.199
65121,BP TRAVEL CENTER AND TRUCK PLAZA,"I-275, EXIT 20",Belleville,MI,42.156371,-83.47876,4.199
1866,PRI MART FUEL CENTER,"I-94, EXIT 29",Benton Harbor,MI,42.078698,-86.409843,3.499
5691,Pilot Travel Center #666,"I-94, EXIT 30",Benton Harbor,MI,42.082607,-86.401069,3.059
71826,KWIK TRIP #1183,US-2,Bessemer,MI,46.455784,-90.027039,3.139
5700,BEACON & BRIDGE #18,US-131 BUS,Big Rapids,MI,43.68687,-85.464069,3.319
70424,LOVES TRAVEL STOP #743,"I-75, EXIT 144A",Bridgeport,MI,43.340227,-83.831372,3.279
63500,SPEEDWAY #8723,"I-75, EXIT 144B",Bridgeport,MI,43.351528,-83.88423,3.249
105,TA SAGINAW I 75 TRAVEL CENTER,"I-75, EXIT 144-B",Bridgeport,MI,43.345583,-83.850737,3.269
263,CASEYS #3956,I-94 EXIT 16,Bridgman,MI,41.905124,-86.559519,3.559
61038,SPEEDWAY #8753,"I-475, EXIT 4",Burton,MI,43.043603,-83.591668,3.089
1855,EXIT 76 AUTO TRUCK PLAZA,US-131,Byron Center,MI,42.841593,-85.725603,3.499
68072,FAMILY FARE #834 (DISCOUNT AVAILABLE),"US-131, EXIT 175",Byron Center,MI,42.840236,-85.689169,3.739
10157,J AND  H OIL,"US-131, EXIT 72",Byron Center,MI,42.827463,-85.724251,3.499
65084,BEACON & BRIDGE #19,US-131 & SR-115,Cadillac,MI,44.2799,-85.404389,3.239
70255,J&H  FAMILY STORE #152,SR-55,Cadillac,MI,44.241531,-85.469205,3.259
71160,CIRCLE K #4706316,"I-96, EXIT 46  & SR-6, EXIT 15",Caledonia,MI,42.825412,-85.513383,3.639
61030,HAGGERTY JOY MOBIL,I-275,Canton,MI,42.303994,-83.448262,3.699
70174,LOVES TRAVEL STOP #701,"I-69, EXIT 176",Capac,MI,43.024161,-82.949318,3.949
69510,CLARK #3121,SR-46 & SR-24,Caro,MI,43.466587,-83.411914,3.399
65086,FRED MOORE BP,"I-94, EXIT 257",Casco,MI,42.728499,-82.657296,4.099
52363,SPEEDWAY #2376,US-131 & SR-46,Cedar Springs,MI,43.197756,-85.520555,3.899
65088,Circle K #2746528,US-41/SR-28 & SR-95,Champion,MI,46.437402,-87.834595,3.819
61032,MARATHON,US-10/US-127,Clare,MI,43.854275,-84.739066,3.289
71694,J&H Family Store,"I-96, Exit 19",Coopersville,MI,43.029779,-85.929572,3.499
68458,SPEEDWAY #6278,"I-96, EXIT 16",Coopersville,MI,43.08268,-85.976352,3.499
65092,BP,"I-94 & US-12, EXIT 210",Dearborn,MI,42.32534,-83.199996,3.199
65091,WYOMING FUEL PLAZA,"I-94, EXIT 210A",Dearborn,MI,42.28412,-83.199579,3.599
60324,FUEL MART OF AMERICA,"I-75, EXIT 59",Detroit,MI,42.332068,-83.068603,3.499
66614,MARATHON,"I-94, EXIT 212A",Detroit,MI,42.355691,-83.037236,3.699
61034,MOTOR CITY TRUCK STOP,"I-75, EXIT 43",Detroit,MI,42.371589,-83.052397,3.499
52348,SHELL,"I-75, EXIT47 & SR-85",Detroit,MI,42.356684,-83.078203,3.699
72251,SHELL,I-94 & US-12,Detroit,MI,42.36961,-83.046875,3.699
10161,SPEEDWAY #8740,"I-69, EXIT 87",Dewitt,MI,42.868609,-84.616371,3.599
6173,PILOT TRAVEL CENTERS #21,"I-94, EXIT 167",Dexter,MI,42.345861,-83.869763,3.579
52142,PILOT TRAVEL CENTERS #296,"I-94 & BAKER RD, EXIT 167",Dexter,MI,42.323966,-83.909354,3.499
9808,TA ANN ARBOR TRAVEL CENTER,"I-94, EXIT 167",Dexter,MI,42.354727,-83.923451,3.499
66314,PS FOOD MART #1042,"US-23, EXIT 17",Dundee,MI,41.928953,-83.669536,3.429
68813,SPEEDWAY #8741,"I-96, EXIT 86 & SR-100",Eagle,MI,42.849892,-84.783665,3.789
70366,FAST STOP,US-41,Escanaba,MI,45.772248,-87.120726,3.399
61037,HEARTLAND MOBIL,US-23,Fenton,MI,42.797942,-83.71494,3.849
65848,Mobil,I-475,Flint,MI,42.927895,-83.782187,3.199
60328,SPEEDWAY #8748,"I-69, EXIT 6",Flint,MI,42.933191,-83.77727,3.339
70223,SPEEDWAY #8749,"I-75, EXIT 116",Flint,MI,42.938359,-83.783203,3.089
69527,Exxon,"I-96, EXIT 129",Fowlerville,MI,42.673408,-84.064629,3.749
62547,MARATHON,SR-32W,Gaylord,MI,45.005317,-84.663335,3.799
65094,MARATHON,"I-75 & SR-32, EXIT 282",Gaylord,MI,45.029361,-84.694107,3.799
68982,SHELL,US-23,Grand Blanc,MI,42.928398,-83.611613,3.799
70038,SPEEDWAY #1830,US-31,Grand Haven,MI,43.025748,-86.1633,3.899
66294,FLYING J TRAVEL PLAZA #667,"I-69, EXIT 81SB / I-96, EXIT 9",Grand Ledge,MI,42.720762,-84.724953,3.959
64116,GRAND LEDGE,"I-96, EXIT 86",Grand Ledge,MI,42.786101,-84.749452,3.789
70708,LOVES TRAVEL STOP #785,"I-96, EXIT 90",Grand Ledge,MI,42.717769,-84.718062,3.949
72970,PAC PRIDE,"I-96, Exit 26",Grand Rapids,MI,42.970959,-85.642935,3.659
68100,REFINED MARKETERS,"I-96, EXIT 31A/US-131, EXIT 88",Grand Rapids,MI,43.010027,-85.640199,3.739
60329,CHARLIES COUNTRY CORNER,"I-75, EXIT 271",Grayling,MI,44.64579,-84.660461,3.799
72611,Kwik Trip # 1722,SR 35 & SR 553,Gwinn,MI,46.302653,-87.428733,3.819
69362,HART MARATHON,US-31,Hart,MI,43.743404,-86.28919,3.449
70345,LOVES TRAVEL STOP #742,"I-196, EXIT 52",Holland,MI,42.794963,-86.146675,4.089
68892,OLIVE EXXON,US-31,Holland,MI,42.812745,-86.094217,3.799
69565,PILOT #1021,"I-196, EXIT 49",Holland,MI,42.812476,-86.109815,3.999
70409,SPEEDWAY #6512,"I-196, EXIT 49 & SR-40",Holland,MI,42.756683,-86.131543,3.899
6526,TULIP CITY TRUCK STOP,"I-196 & SR-40, EXIT 49",Holland,MI,42.7605,-86.069651,3.739
68095,ALEXS MARKET AND GRILL,"I-75, EXIT 101",Holly,MI,42.776728,-83.60611,4.699
69128,BEACON & BRIDGE #34,"US-127, EXIT 194 & SR-55",Houghton Lake,MI,44.346442,-84.779992,3.399
1773,M-46 AUTO TRUCK PLAZA,"US-131, EXIT 120 & SR-46",Howard City,MI,43.370468,-85.47418,3.099
68895,J & H FAMILY STORE #103,"I-196, EXIT 62",Hudsonville,MI,42.894991,-85.855914,3.399
66320,SPEEDWAY #8772,"I-69, EXIT 168 & SR-53",Imlay City,MI,43.071015,-83.100407,3.779
62560,ONE9 #23,"I-96, EXIT 67",Ionia,MI,42.981748,-85.042473,3.439
72677,KWIK TRIP #1256,SR 2 E,Iron Mountain,MI,45.805079,-88.10018,3.279
71794,KWIK TRIP #1174,US-51 & US-2,Ironwood,MI,46.450161,-90.193424,3.139
65974,BEACON & BRIDGE #13,"US-127, EXIT 117",Ithaca,MI,43.299148,-84.626139,3.649
10168,Express Stop,"I-94, EXIT 145",Jackson,MI,42.272018,-84.383792,3.589
71300,SPEEDWAY #1407,"I-94, EXIT 145",Jackson,MI,42.288666,-84.36989,3.549
61042,CITGO,"US-131, EXIT 44",Kalamazoo,MI,42.313398,-85.564946,3.499
1208,D AVENUE FUEL PLAZA,US-131,Kalamazoo,MI,42.260175,-85.511235,3.099
71267,LOVES TRAVEL STOP #878,"US-131/SR-43, EXIT 44",Kalamazoo,MI,42.294003,-85.522124,3.589
66631,SPEEDWAY #3589,I-96,Lake Odessa,MI,42.766032,-85.149516,3.599
69562,SPEEDWAY #8796,"I-496, EXIT 11",Lansing,MI,42.619718,-84.863409,3.699
67307,CMS FUELING CENTER,I-69 EXIT 153 AT MILE 153,Lapeer,MI,43.095003,-83.334333,3.899
64082,SPEEDWAY #8797,SR-13,Lennon,MI,42.945437,-83.915349,3.379
64494,QUICK FUEL #1704,I-75 EXIT 42 AT MILE 42,Lincoln Park,MI,42.253068,-83.175581,3.619
64495,QUICK FUEL #1702,"I-96, EXIT 173",Livonia,MI,42.363377,-83.353738,3.799
68893,J & H FAMILY STORE,"I-96, EXIT 52 & SR-50",Lowell,MI,42.936957,-85.348849,3.789
66525,BP,"I-76, EXIT 6",Luna Pier,MI,41.807563,-83.403153,3.399
60333,LAKESHORE BP,US-2,Manistique,MI,45.995752,-86.259838,3.499
5730,SCOTTS QUICK STOP,SR-53 & SR-46,Marlette,MI,43.303405,-83.081342,3.399
72640,Kwik Trip # 1721,SR 553 & FM 480,Marquette,MI,46.590779,-87.470474,3.819
5830,115 TRUCKSTOP #5001,"I-94, EXIT 115",Marshall,MI,42.290167,-84.991986,3.429
4981,JOHNNYS MARKET,"I-94, EXIT 110 & US-27",Marshall,MI,42.256833,-84.962147,3.499
66892,LOVES TRAVEL STOP #336,"I-94, EXIT 112",Marshall,MI,42.278974,-84.991414,3.489
65849,PS FOOD MART #1034,"I-94, EXIT 110 & US-27",Marshall,MI,42.272004,-84.983083,3.429
3964,SPEEDWAY #6604,"I-94, EXIT 66",Mattawan,MI,42.213048,-85.779446,3.489
44228,I-69 TRUCKSTOP TRAVEL CENTER,"I-69, EXIT 184 & SR-19",Memphis,MI,42.928499,-82.789996,3.499
60326,SUNRISE CONVENIENCE STORE #29,"I-69, EXIT 184",Memphis,MI,42.940128,-82.791717,3.499
66451,EZ MART #304,M-57,Middleton,MI,43.202342,-84.791536,3.699
70656,LOVES TRAVEL STOP #757,"US-23, EXIT 25",Milan,MI,42.073054,-83.637927,3.489
70281,LOVES TRAVEL STOP #645,"I-75, EXIT 18",Monroe,MI,41.869295,-83.440168,3.239
269,PILOT TRAVEL CENTERS #24,"I-75, EXIT 15",Monroe,MI,41.938068,-83.490829,3.249
5739,PILOT TRAVEL CENTERS #284,"I-75, EXIT 18",Monroe,MI,41.871352,-83.43723,3.249
4762,TA MONROE TRAVEL CENTER,"I-75, EXIT 15",Monroe,MI,41.92476,-83.478484,3.249
52099,BEACON & BRIDGE #7,"I-75, EXIT 126",Mount Morris,MI,43.100441,-83.673545,3.379
71149,KOUNTRY KORNER,SR-20,Mount Pleasant,MI,43.66571,-84.828715,3.619
69046,SPEEDWAY #6303,"I-96, EXIT 4 & US-31",Muskegon,MI,43.216132,-86.246428,3.279
3688,SPEEDWAY #2314,"I-94, EXIT 243 & SR-29",New Baltimore,MI,42.698975,-82.776752,3.559
62550,Sunoco,"I-275, EXIT 11",New Boston,MI,42.137162,-83.3801,3.399
65108,PICKLEMANS ONE STOP-ZEPHYR,ST 28,Newberry,MI,46.342442,-85.496606,3.699
66512,MARATHON #1554,"I-75, EXIT 21",Newport,MI,41.93785,-83.281443,3.299
1873,JDS TRUCKSTOP,"US-12 & US-31, EXIT 3",Niles,MI,41.825318,-86.259363,3.749
64083,BIG DADDYS TRUCKSTOP,US-223 & US-23,Ottawa Lake,MI,41.792613,-83.702719,3.499
63766,PILOT TRAVEL CENTERS #26,"US-23, EXIT 5 & US-223",Ottawa Lake,MI,41.790316,-83.696335,3.579
64084,RPF OIL #92 PARMA TRAVEL CENTER,"I-94, EXIT 128",Parma,MI,42.236589,-84.591939,3.499
1210,ROADHAWK TRAVEL CENTER,"I-94, EXIT 56 & SR-51",Paw Paw,MI,42.259079,-85.871375,3.559
5754,ROAD TRIP OASIS PERRY,"I-69, EXIT 105 & SR-52",Perry,MI,42.823442,-84.251035,3.699
7523,EXPRESS STOP FOOD STORE #4644,"I-75, EXIT 181",Pinconning,MI,43.839441,-84.003984,3.639
5758,SPEEDY Q MARKET #8206,"I-94, EXIT 274",Port Huron,MI,43.016063,-82.484612,3.899
6172,SPEEDWAY #2319,"I-96, EXIT 77",Portland,MI,42.858398,-84.899491,3.549
61057,CIRCLE K #2746537,US-2 & US-41,Rapid River,MI,45.904185,-86.893438,3.319
52541,PANTRY TRUCKSTOP,US-2/US-41,Rapid River,MI,45.880293,-86.911891,3.319
72101,EXXON,US-24,Redford,MI,42.381776,-83.292732,3.699
70155,MARATHON,"US-24, I-96 EXIT 179",Redford,MI,42.404076,-83.294428,4.999
65113,NORTHWIND TRAVEL CENTER,"US-131, EXIT 153 & US-10",Reed City,MI,43.858108,-85.4971,3.499
65083,SUNOCO,"I-75, EXIT 34B",Riverview,MI,42.214115,-83.211962,3.639
68894,ROCKFORD MOBIL MART,"US-131, EXIT 97",Rockford,MI,43.15504,-85.473728,3.299
64085,MADCO TRUCK PLAZA,"I-94, EXIT 200",Romulus,MI,42.223565,-83.418066,3.399
64496,QUICK FUEL #1703,"I-94, EXIT 199-A",Romulus,MI,42.207073,-83.408827,3.519
73129,SHEETZ #837,I-94,Romulus,MI,42.18565,-83.397293,3.099
71261,Una Travel Center,I-94 EXIT 228,Roseville,MI,42.508731,-82.960106,3.899
10172,EXPRESS STOP FOOD STORE #4647,"I-75, EXIT 151 & SR- 81",Saginaw,MI,43.473482,-84.040907,3.399
66405,FLYING J FUEL STOP #668,"I-75, EXIT 151",Saginaw,MI,43.401089,-83.998477,3.289
70572,LOVES TRAVEL STOP #745,I-94,Saint Clair,MI,42.827865,-82.513811,3.949
66507,ST IGNACE TRUCKSTOP,I-75,Saint Ignace,MI,46.032554,-84.734544,3.799
66517,ADMIRAL PETROLEUM #5796,"I-75, EXIT 392",Sault Sainte Marie,MI,46.439693,-84.263595,3.799
66068,HOLIDAY STATIONSTORE #2746262,I-175 EXIT 394,Sault Sainte Marie,MI,46.419507,-84.259638,3.799
5771,DUNES AUTO TRUCK PLAZA,"I-94, EXIT 12",Sawyer,MI,41.912164,-86.601946,3.499
7335,TA SAWYER TRAVEL CENTER,"I-94, EXIT 12",Sawyer,MI,41.873353,-86.585808,3.689
72926,Amoco,US-31 & US-10,Scottville,MI,43.972082,-86.309551,3.359
62559,EXPRESS FOOD DEPOT,"I-94, EXIT 266",Smiths Creek,MI,42.901828,-82.543799,3.629
68378,PILOT TRAVEL CENTERS #596,I-69 EXIT 196,Smiths Creek,MI,42.918917,-82.574847,3.959
67846,CEDAR RIVER PLAZA,SR-35,Stephenson,MI,45.432401,-87.664135,3.419
73094,MARATHON,US-24,Taylor,MI,42.200214,-83.256062,3.499
61063,PS Food Mart,I-69 EXIT 25,Tekonsha,MI,42.049126,-84.975954,3.519
60341,SNAPPY FOOD MART,ST 60,Tekonsha,MI,42.067364,-84.995395,3.589
7327,TA TEKONSHA,"I-69,EXIT 25 & SR-60",Tekonsha,MI,42.065707,-84.984248,3.589
71050,GILL MART CORNER STORE,US-131 & SR-216,Three Rivers,MI,41.992771,-85.624834,3.699
60342,True North #254,US-31 & SR-37,Traverse City,MI,44.672099,-85.694815,3.729
7332,FLYING J #895,"I-75, EXIT 32A",Trenton,MI,42.142366,-83.195859,3.249
64120,HOLIDAY STATIONSTORE #2746185,US-2,Wakefield,MI,46.512263,-89.960279,3.139
70440,MOUND MINI MART,I-696,Warren,MI,42.528956,-82.993443,3.699
64498,QUICK FUEL #1705,SR-53,Warren,MI,42.519573,-82.958823,3.749
64087,SAHARA PETRO,"I-696, EXIT 22",Warren,MI,42.489959,-83.020315,3.699
60344,DORR TRUCK STOP,"US-131, EXIT 68",Wayland,MI,42.629231,-85.598921,3.499
69333,SPEEDWAY #3578,"US-131, EXIT 64",Wayland,MI,42.654575,-85.654521,3.499
63676,CORNER EXPRESS,ST 55,Wellston,MI,44.220149,-85.939429,3.499
66513,SUNRISE STORE,"I-75, EXIT 212",West Branch,MI,44.239508,-84.254247,3.199
72560,AMOCO,US 131 & US 12,White Pigeon,MI,41.763069,-85.635355,3.559
68079,NORTH FORK TRUCK STOP,US-12/CR-103,White Pigeon,MI,41.795563,-85.667356,3.559
63616,SPEEDWAY #8876,"US-23, EXIT 50",Whitmore Lake,MI,42.424553,-83.75044,3.499
63700,WIXOM FUEL STOP,"I-96, EXIT 159",Wixom,MI,42.570811,-83.556974,3.999
65127,PITSTOP MOBIL MART,"I-196, EXIT 72",Wyoming,MI,42.926482,-85.741821,3.549
67924,KUM & GO #0026,"I-90, EXIT 26",Adrian,MN,43.60307,-95.931979,3.1907
60347,KWIK TRIP #875,"I-90, EXIT 157, BRIDGE ST ENTRANCE",Albert Lea,MN,43.667097,-93.403843,3.324
67030,LOVES TRAVEL STOP #337,"I-90 & I-35, EXIT 11",Albert Lea,MN,43.631489,-93.342155,4.089
7326,PETRO STOP #398,"I-35 & I-90, EXIT 11",Albert Lea,MN,43.693666,-93.372386,4.099
3707,SPEEDWAY #4704,"I-90, EXIT 154",Albert Lea,MN,43.69102,-93.341889,3.299
5799,STAPLES OIL,"I-90, EXIT 146",Alden,MN,43.678171,-93.591368,3.299
65129,HOLIDAY STATIONSTORE #2746345,"I-94, EXIT 103/US-52 & SR-29",Alexandria,MN,45.855326,-95.399279,3.499
67414,PILOT TRAVEL CENTERS #590,"I-94, EXIT 100",Alexandria,MN,45.907841,-95.358038,3.4657
73063,HOLIDAY STATIONSTORE #2746223,"I-35, EXIT 135 & US-61",Andover,MN,45.251757,-93.279774,3.499
70608,KWIK TRIP #1017,US-10/SR-47,Anoka,MN,45.281419,-93.429457,3.624
71656,CASEYS #3268,US-59 & SR-119,Appleton,MN,45.176486,-95.985306,3.4457
1217,KWIK TRIP #250,"I-90, EXIT 179",Austin,MN,43.69436,-92.997056,3.374
67271,KWIK TRIP #330,US-169 & SR-25,Belle Plaine,MN,44.590936,-93.723431,3.379
65132,PETES PLACE SOUTH,US-71 & US-2,Bemidji,MN,47.595135,-94.791863,3.4157
4171,PETRO SERVE USA #11,US-2 & US-71,Bemidji,MN,47.591653,-94.8032,3.499
67195,KWIK TRIP #646,US-169 & CR-53,Blue Earth,MN,43.627989,-94.104298,3.324
70182,SHELL,US-169,Blue Earth,MN,43.609719,-94.103061,3.299
69201,CASEYS #3654,SR-210,Brainerd,MN,46.340052,-94.100836,3.4457
69881,KWIK TRIP #458,SR-55,Buffalo,MN,45.197136,-93.893185,3.549
67614,KWIK TRIP #622,US-14 & CR-5,Byron,MN,44.052742,-92.615852,3.574
68861,KWIK TRIP #733,SR-76/SR-44,Caledonia,MN,43.592846,-91.516978,3.4907
71629,KWIK TRIP #1139,SR-95 & SR-65,Cambridge,MN,45.519473,-93.251031,3.399
71674,Kwik Trip #1177,SR-65,Cambridge,MN,45.543418,-93.305461,3.424
70043,KWIK TRIP #571,"I-35, EXIT 235 & SR-210",Carlton,MN,46.674626,-92.506531,3.319
68950,KWIK TRIP #608,US-52 & SR-30,Chatfield,MN,43.86778,-92.189941,3.4823
68925,KWIK TRIP #874,"I-35, EXIT 132 & US-8",Chisago City,MN,45.331368,-92.856632,3.3273
65142,HOLIDAY STATIONSTORE #2746376,"I-35W, EXIT 36 & CR-23",Circle Pines,MN,45.165608,-93.114857,3.549
65135,CIRCLE K #3819,SR-7,Clara City,MN,44.928147,-95.337519,3.3323
6742,Holiday #3810,"I-94/US-52, EXIT 178 & SR-24",Clearwater,MN,45.364282,-94.028801,3.2207
70143,KWIK TRIP #104,"I-94, HWY-24, EXIT 178",Clearwater,MN,45.418452,-94.020602,3.2773
66856,Speedway #4800,"I-94, EXIT 183",Clearwater,MN,45.399005,-94.038525,3.199
69296,KWIK TRIP #234,"I-35, EXIT 239",Cloquet,MN,46.729159,-92.504921,3.319
64126,CASEYS #3471,US-2 & CR-87,Cohasset,MN,47.249989,-93.646629,3.449
71827,KWIK TRIP #1188,US-12,Cokato,MN,45.083953,-94.1946,3.474
71154,KWIK TRIP #489,CR-3,DUNDAS,MN,44.400119,-93.227016,3.499
5669,KWIK TRIP #497,I-90 EXIT 266 & CR-12,Dakota,MN,43.933435,-91.383739,3.474
70644,KWIK TRIP #1031,I-494 EXIT 20,Delano,MN,45.006218,-93.764266,3.524
69570,CENEX CONVENIENCE,SR-34 & CR-21,Detroit Lakes,MN,46.854454,-95.813492,3.499
67311,HOLIDAY STATIONSTORE #2746409,US-53 & CR-13,Duluth,MN,46.750014,-92.098472,3.499
65136,HOLIDAY STATIONSTORE #2746422,"I-35, EXIT 253B",Duluth,MN,46.743967,-92.115508,3.499
71829,KWIK TRIP #1043,US-53/SR-194,Duluth,MN,46.791408,-92.107192,3.499
70302,KWIK TRIP #117,CR-9 & CR-4,Duluth,MN,46.817478,-92.138624,3.499
69234,KWIK TRIP #220,US-53/SR-194,Duluth,MN,46.804978,-92.095048,3.499
69289,KWIK TRIP #224,"I-35, EXIT 254",Duluth,MN,46.799005,-92.104603,3.499
69550,KWIK TRIP #273,"I-35, EXIT 251B & SR-23",Duluth,MN,46.745142,-92.100761,3.499
70552,KWIK TRIP #941,US-2,Duluth,MN,46.805702,-92.131564,3.499
69809,KWIK TRIP #162,"I-94, EXIT 202",Elk River,MN,45.342733,-93.541859,3.2973
69559,CASEYS #3424,"I-35, EXIT 26 & SR-30",Ellendale,MN,43.894168,-93.324807,3.499
67056,Arco,US-2 & US-59,Erskine,MN,47.636583,-96.024077,3.399
67196,KWIK TRIP #753,US-14 & SR-42,Eyota,MN,44.022799,-92.284991,3.6157
67186,KWIK TRIP #424,SR-15 & CR-26,Fairmont,MN,43.656965,-94.488848,3.399
2152,SPEEDWAY #4709,"I-90, EXIT 102",Fairmont,MN,43.640331,-94.469055,3.299
71910,KWIK TRIP #793,"I-35, EXIT 59",Faribault,MN,44.316268,-93.31636,3.424
5860,SPEEDWAY #4610,"I-35, EXIT 59 & SR-21",Faribault,MN,44.298138,-93.296103,3.759
4582,BIG CHIEF TRUCK STOP,"I-94/US-52, EXIT 61 & US-59/CR-82",Fergus Falls,MN,46.288955,-96.091547,3.2357
61076,Holiday StationStore #2746408,"I-35, EXIT 129",Forest Lake,MN,45.274263,-92.999707,3.399
71719,LOVES TRAVEL STOP #832,"I-35, EXIT 129",Forest Lake,MN,45.257518,-92.991603,3.3623
67716,HWY 19 SCALE,"SR-19/I-35, EXIT 66",Gaylord,MN,44.575541,-94.228365,3.4657
70619,KWIK TRIP #1049,US-212 & CR-68,Glencoe,MN,44.816291,-94.133099,3.524
60358,PETRO SERVE USA #54,US-10,Glyndon,MN,46.869503,-96.554984,3.449
68319,HOLIDAY STATIONSTORE #2746484,US-61 & US-10,Hastings,MN,44.692605,-92.859323,3.569
68824,EXPRESSWAY,SR-60 & CR-9,Heron Lake,MN,43.784114,-95.362439,3.299
69546,KWIK TRIP #186,"I-35, EXIT 183",Hinckley,MN,46.008286,-92.9297,3.3523
71873,KWIK TRIP #1182,"I-35E, EXIT 123B",Hugo,MN,45.165984,-92.955322,3.3773
67626,KWIK TRIP #316,SR-15 N/SR-22 E,Hutchinson,MN,44.901039,-94.403877,3.279
72222,RAINY LAKE OIL,CR-332 & CR-24,International Falls,MN,48.630213,-93.428584,3.379
7838,PILOT #581,"US-52/SR-55, & 117TH ST, MM300",Inver Grove Heights,MN,44.833179,-93.046456,3.579
70352,KWIK TRIP #1019,CR-5 & SR-65,Isanti,MN,45.45685,-93.247422,3.474
71948,19 AND 75 FILLING STATION,US-75 & SR-19,Ivanhoe,MN,44.450485,-96.245083,3.394
3794,SPEEDWAY #4701,"I-90, EXIT 73",Jackson,MN,43.629875,-95.001136,3.299
70759,CASEYS #3832,"I-35, EXIT 40A & US-14",Janesville,MN,44.108314,-93.676207,3.5823
65141,KWIK TRIP #619,US-14 & ST-57,Kasson,MN,44.005705,-92.718233,3.549
71393,CASEYS #3303,HWY 15 AND HWY 55,Kimball,MN,45.370629,-94.342542,3.199
67615,KWIK TRIP #844,US-63,Lake City,MN,44.447567,-92.267124,3.549
71077,COMMUNITY CO OPS LAKE PARK,US-10,Lake Park,MN,46.849394,-96.035132,3.509
1879,HOLIDAY STATIONSTORE #3552,"I-35, EXIT 81 & SR-70",Lakeville,MN,44.648323,-93.24922,3.549
64091,Circle K 2746398,US-10 & SR-27,Little Falls,MN,45.960241,-94.400377,3.399
68307,EXPRESSWAY LUVERNE,"I-90, EXIT 12",Luverne,MN,43.660838,-96.201409,3.239
63776,KWIK TRIP #334,US-169/SR-60,Mankato,MN,44.149498,-94.021668,3.549
71566,Mankato Travel Center,US HWY 14 & SR 22,Mankato,MN,44.135776,-93.958252,3.499
5873,SOUTHERN VALLEY COOP,ST 14 BYPASS,Mankato,MN,44.120206,-93.983126,3.499
66608,CASEYS #2650,I-94/US-52 EXIT 135 & CR-173,Melrose,MN,45.62912,-94.791668,3.179
72797,KWIK TRIP #1215,"I-94, EXIT 135",Melrose,MN,45.677575,-94.821364,3.3273
70559,KWIK TRIP #1026,"HWY-23/ HWY-169, EXIT 23",Milaca,MN,45.792451,-93.649089,3.369
73021,Circle K #2746245,I 35W EXIT 6,Minneapolis,MN,45.088494,-93.230679,3.599
68116,Circle K #2746335,"I-35, EXIT 22",Minneapolis,MN,45.043883,-93.273005,3.799
68831,KWIK TRIP #896,SR-65 & CR-J,Minneapolis,MN,45.018813,-93.256447,3.599
65978,KWIK TRIP #623,US-61,Minnesota City,MN,44.062786,-91.776101,3.399
69567,KWIK TRIP #166,"I-35, EXIT 214",Moose Lake,MN,46.4643,-92.723395,3.319
70476,KWIK TRIP #1037,SR-65/23,Mora,MN,45.900316,-93.309146,3.394
4837,SHELL,US-10 & SR-210,Motley,MN,46.29521,-94.561883,3.399
70745,CASEYS #3752,",",Mountain Lake,MN,43.950609,-94.895842,3.4023
71058,KWIK TRIP #1090,SR-19 & SR-21,New Prague,MN,44.511251,-93.599678,3.349
70279,KWIK TRIP #926,SR-19 & SR-21,New Prague,MN,44.57794,-93.574353,3.2907
71340,KWIK TRIP #180,US-14/SR-68,New Ulm,MN,44.289341,-94.462641,3.349
61080,CO-OP SERVICE,US-10 & CR-67,New York Mills,MN,46.574024,-95.426911,3.499
70629,KWIK TRIP #930,"I-35, EXIT 147 & SR-95",North Branch,MN,45.548064,-92.978047,3.4023
70649,KWIK TRIP #931,SR-95,North Branch,MN,45.518846,-93.015945,3.4273
5310,FLYING J #576,"I-35, EXIT 69",Northfield,MN,44.478583,-93.170886,3.859
67185,KWIK TRIP #385,SR-19/SR-3,Northfield,MN,44.485655,-93.17889,3.499
71019,KWIK TRIP #489,SR-3,Northfield,MN,44.446224,-93.189611,3.524
69175,KWIK TRIP #854,US-212 & CR-33,Norwood Young America,MN,44.774023,-93.902806,3.674
69605,CASEYS #3305,SR-23 & SR-47,Ogilvie,MN,45.813549,-93.455503,3.371
70661,CASEYS #3238,US-52 EXIT 64 & CR-12,Oronoco,MN,44.173837,-92.474036,3.5157
71144,CASEYS #3675,US-12 & US-75,Ortonville,MN,45.359806,-96.496749,3.379
63777,KWIK TRIP #403,"I-35, EXIT 45",Owatonna,MN,44.116397,-93.206347,3.499
71372,Simonson Station,US-71 & SR-34,Park Rapids,MN,46.931266,-95.010636,3.599
70163,KWIK TRIP #598,SR-23,Paynesville,MN,45.402571,-94.678184,3.399
3206,PERHAM OASIS,US-10 & SR-78,Perham,MN,46.610314,-95.552224,3.499
1218,CASEYS #3658,SR-210,Pillager,MN,46.38369,-94.520852,3.299
68107,SPEEDWAY #4500,"I-35, EXIT 171/CR-11",Pine City,MN,45.862575,-92.937644,3.549
70727,CASEYS #2998,US-75 & SR-23,Pipestone,MN,43.959045,-96.272835,3.449
69504,KWIK TRIP #245,SR-42,Plainview,MN,44.170131,-92.137694,3.624
70344,KWIK TRIP #928,US-169,Princeton,MN,45.580094,-93.585788,3.399
70743,CASEYS #3659,US-10 & SR-115,Randall,MN,46.069967,-94.495363,3.4857
67275,KWIK TRIP #481,US-61,Red Wing,MN,44.547498,-92.543311,3.324
72687,Kwik Trip #1203,US-71 & Airport Rd,Redwood Falls,MN,44.511132,-95.121308,3.349
70011,KWIK TRIP #279,"US-63, EXIT 59",Rochester,MN,44.03522,-92.498352,3.549
67192,KWIK TRIP #464,US-63,Rochester,MN,44.080907,-92.502299,3.5407
70058,KWIK TRIP #590,CR-4 & CR-22,Rochester,MN,44.076595,-92.459962,3.624
68659,KWIK TRIP #659,"US-52, EXIT 56 & CR-22",Rochester,MN,44.014185,-92.489031,3.549
4445,TA Rogers,"I-94/US-52, EXIT 207 & SR-101",Rogers,MN,45.160905,-93.560392,3.274
68122,CENEX,SR-11/SR-310,Roseau,MN,48.704706,-95.756526,3.499
5901,ROTHSAY TRUCK STOP,"I-94, EXIT 38",Rothsay,MN,46.49392,-96.28049,3.209
70307,KWIK TRIP #592,"I-35, EXIT 159 & CR-1",Rush City,MN,45.661145,-92.967934,3.3773
67193,KWIK TRIP #609,SR-16 & SR-43,Rushford,MN,43.789388,-91.765989,3.499
71198,LOVES TRAVEL STOP #844,"I-90, EXIT 233 & SR-74",Saint Charles,MN,43.976278,-92.027507,3.569
5909,SINCLAIR,"I-90, EXIT 233",Saint Charles,MN,43.988103,-92.063495,3.529
70780,CASEYS #3306,SR-15 & CR-47/CR-136,Saint Cloud,MN,45.568744,-94.216069,3.249
69992,KWIK TRIP #120,SR-15 & CR-4,Saint Cloud,MN,45.577468,-94.193315,3.2773
69797,KWIK TRIP #149,US-10,Saint Cloud,MN,45.51992,-94.167635,3.2107
69784,KWIK TRIP #158,US-10 & SR-23,Saint Cloud,MN,45.522264,-94.188212,3.2773
71608,Loves Travel Stop #842,"I-194, eXIT 164",Saint Cloud,MN,45.567158,-94.174867,3.2907
2167,PILOT TRAVEL CENTERS #134,"I-94, EXIT 171 (CR 75)",Saint Cloud,MN,45.578944,-94.177631,3.2873
64124,Shell,"I-94 & I-75, EXIT 171",Saint Cloud,MN,45.575377,-94.175907,3.3623
52307,CASEYS #3002,SR-60 & SR-30/SR-4,Saint James,MN,44.022214,-94.652341,3.219
70168,KWIK TRIP #575,CR-75,Saint Joseph,MN,45.532629,-94.351603,3.3023
63761,7Fleet #46589,"I-94/US-52, EXIT 205 & SR-241",Saint Michael,MN,45.212951,-93.666889,3.309
67629,KWIK TRIP #681,"I-94, EXIT 205",Saint Michael,MN,45.191785,-93.656866,3.2973
71401,KWIK TRIP #1169,"I-694, EXIT 52B & SR-36",Saint Paul,MN,44.871353,-93.096108,3.5157
63778,KWIK TRIP #662,SR-55/SR-149,Saint Paul,MN,44.933919,-93.084526,3.629
68112,QUICK FUEL #3138,"I-35, EXIT 98/CR-26",Saint Paul,MN,44.8946,-93.107707,3.6173
71726,Kwik Trip #1152,US HWY 169,Saint Peter,MN,44.325838,-93.970159,3.724
5903,Circle K #2746447,I-94/US-52 EXIT 127 & US-71/SR-28,Sauk Centre,MN,45.722189,-94.953019,3.189
7323,TRUCKERS INN,"I-94/US-52, EXIT 127 & US-71",Sauk Centre,MN,45.765066,-94.998815,3.2257
69825,KWIK TRIP #154,MN-15,Sauk Rapids,MN,45.590894,-94.160764,3.3023
70720,SPEEDWAY #4453,SR-23,Sauk Rapids,MN,45.602796,-94.144078,3.189
71666,Circle K#2746513,SR-13/SIOUX TRL,Savage,MN,44.773829,-93.339235,3.799
63376,Circle K #2746246,US-169 & SR-41,Shakopee,MN,44.781729,-93.555814,3.599
5907,SPEEDWAY #4035,CR-101,Shakopee,MN,44.767424,-93.556312,3.599
67302,KUM & GO #0187,"I-90, EXIT 87",Sherburn,MN,43.655991,-94.715146,3.1873
70258,CASEYS #3677,US-59 & SR-30,Slayton,MN,43.994921,-95.769501,3.299
70771,CASEYS #3545,US-14/CR-27,Sleepy Eye,MN,44.250598,-94.692561,3.3323
69549,KWIK TRIP #178,"I-494, EXIT 64B & SR-156",South Saint Paul,MN,44.901603,-93.04522,3.6073
3545,STOCKMENS TRUCK PLAZA,"I-494, EXIT 64A",South Saint Paul,MN,44.870996,-93.022091,3.499
69211,KWIK TRIP #213,"I-35/US-61, EXIT 139 & CR-19",Stacy,MN,45.431728,-92.996614,3.3773
71342,CASEYS #3505,US-212,Stewart,MN,44.753275,-94.415171,3.369
66093,KWIK TRIP #414,"I-90, EXIT 209A & US-63/SR-30",Stewartville,MN,43.831153,-92.473979,3.5573
70033,KWIK TRIP #111,SR-36 & CR-15,Stillwater,MN,45.081263,-92.831153,3.5407
61090,Northdale Oil,US-59 & SR-1,Thief River Falls,MN,48.121871,-96.158308,3.239
52393,CASEYS #3004,SR-15 & CR-52,Truman,MN,43.836632,-94.41578,3.299
69852,KWIK TRIP #141,SR-61,Two Harbors,MN,47.041709,-91.688573,3.499
71937,KWIK TRIP #1173,CR-10,Waconia,MN,44.874887,-93.750696,3.6073
65153,7Fleet #46516,"I-75, EXIT 164",Waite Park,MN,45.518726,-94.194807,3.459
72481,CASEYS #4323,SR-57 & SR-60,Wanamingo,MN,44.339225,-92.842398,3.499
64097,KWIK TRIP #937,US-12,Willmar,MN,45.161674,-95.06405,3.3407
71792,KWIK TRIP #1147,US-71 & SR-60,Windom,MN,43.859302,-95.12416,3.349
6346,SPEEDWAY #4710,US-71/SR-60,Windom,MN,43.871332,-95.173257,3.299
64098,BLUE LINE TRAVEL CENTER,"I-90, EXIT 45",Worthington,MN,43.620211,-95.599014,3.1657
68913,CASEYS #3263,"I-90, EXIT 43 & SR-60",Worthington,MN,43.651478,-95.58529,3.1423
72505,CASEYS #4379,I-59 HWY,Worthington,MN,43.654632,-95.576004,3.1423
61093,CIRCLE K #2746501,"I-90, EXIT 45 & SR-60",Worthington,MN,43.661122,-95.592151,3.1423
70553,KWIK TRIP #1028,US-59,Worthington,MN,43.610827,-95.632764,3.1657
72676,KWIK TRIP #1212,"I 90, EXIT 43",Worthington,MN,43.626607,-95.589612,3.164
67657,KWIK TRIP #463,US-52/SR-60,Zumbrota,MN,44.291722,-92.655178,3.524
769,AYERCO #26,US-61/US-136,Alexandria,MO,40.329794,-91.495251,3.0157
72693,Kum & Go #2404,US 60,Aurora,MO,37.005375,-93.711209,3.119
72531,PETRO-CARD 24 #910040,US-60 BUS,Aurora,MO,36.950594,-93.704517,3.209
5942,EXPRESS MART TRUCK STOP,"I-55, EXIT 185 & US-67/US-61",Barnhart,MO,38.304403,-90.403199,2.9973
71399,Loves Travel Stop  #809,"I-70 & MO Hwy D, Exit 31",Bates City,MO,38.989145,-94.061436,3.2207
4419,CASEYS #3081,"I-35, EXIT 92 & US-136",Bethany,MO,40.280123,-93.989453,3.0607
68559,KUM & GO #0779,"I-35, EXIT 92 & US-136",Bethany,MO,40.222767,-94.033838,2.9557
69477,LOVES TRAVEL STOP #621,US-36 & SR-110,Bevier,MO,39.766031,-92.571763,3.439
61099,LOVES TRAVEL STOP #488,"I-55, EXIT 157 & SR-32",Bloomsdale,MO,38.045685,-90.252866,3.3823
4368,HOODS SERVICE CENTER,"I-44, EXIT 61",Bois D Arc,MO,37.247942,-93.577242,3.074
71771,BREAK TIME #3170,SR-13 & HWY-T,Bolivar,MO,37.58203,-93.410581,3.374
66534,LOVES TRAVEL STOP #347,"I-70, EXIT 101 & SR-5",Boonville,MO,38.923001,-92.742584,3.509
64755,PILOT TRAVEL CENTERS #44,"I-70, EXIT 101",Boonville,MO,38.942969,-92.784942,3.519
1225,AYERCO #35,US-61 & US-61 BUS,Bowling Green,MO,39.364373,-91.167513,3.0157
69788,LOVES TRAVEL STOP #612,"SR-370, EXIT 9 & SR-141",Bridgeton,MO,38.750749,-90.382215,3.1207
64499,QUICK FUEL #2401,"I-71, EXIT 234",Bridgeton,MO,38.745949,-90.426837,3.094
70739,CASEYS #2602,US-36/SR-5 & SR-11,Brookfield,MO,39.784037,-93.058484,3.249
69721,MFA,US-36,Brookfield,MO,39.754029,-93.087966,3.249
71657,CASEYS #2855,US HWY 63,Cabool,MO,37.171313,-92.106435,3.259
6243,GARDEN INN TRAVEL PLAZA,US-60/US-63,Cabool,MO,37.124727,-92.103281,3.299
72530,PETRO-CARD 24 #910140,US-50 BUS,California,MO,38.585981,-92.574266,3.459
71618,Loves Travel Stop #837,"I-35, Exit 52",Cameron,MO,39.693481,-94.215517,3.689
5057,PHILLIPS 66,"I-35, EXIT 54 & I-35 BUS/US-36",Cameron,MO,39.69918,-94.21177,3.099
67434,SHELL FOOD MART,"I-35, EXIT 54",Cameron,MO,39.75347,-94.260663,2.9907
68383,AYERCO 32,US-61 & SR-P,Canton,MO,40.166684,-91.536072,3.0157
3030,Mr Ts Riverside,US-412,Cardwell,MO,36.08182,-90.311202,3.199
60372,FLYING W CONVENIENCE STORE,SR-96,Carthage,MO,37.197356,-94.304022,3.199
70709,VP Racing Fuels,SR-19,Center,MO,39.529353,-91.520651,3.1657
67427,CASEYS #2907,I-57 & I-62,Charleston,MO,36.890688,-89.316713,3.044
60373,FLYING J #571,"I-57, EXIT 12 & US-60",Charleston,MO,36.925588,-89.306936,3.559
6009,CASEYS #2652,US-65 & US-36,Chillicothe,MO,39.787559,-93.545966,3.289
69735,PETRO-CARD 24 #910200,US-65 & BUS US-36,Chillicothe,MO,39.793645,-93.54148,3.289
72543,PETRO CARD 24,SR-18,Clinton,MO,38.393437,-93.76932,3.399
72537,PETRO-CARD 24 #910210,SR-7,Clinton,MO,38.383609,-93.769777,3.399
60374,PILOT TRAVEL CENTERS #385,US-54 & SR-13,Collins,MO,37.906472,-93.667309,3.4957
61102,FAST LANE #54,US-63,Columbia,MO,38.965451,-92.27478,3.2073
5560,MIDWAY TRAVEL PLAZA,I-70 EXIT 121 & US-40,Columbia,MO,38.964997,-92.300996,3.539
591,TA Concordia Travel Plaza,"I-70, EXIT 58 & SR-23",Concordia,MO,38.949984,-93.597463,3.2257
5132,Travel Centers of America,"I-44, EXIT 208 & SR-19",Cuba,MO,38.057873,-91.44054,3.2657
66738,TREX MART #9,I-29,Dearborn,MO,39.5557,-94.787309,2.999
6033,EMERY'S,US-54,Deerfield,MO,37.802546,-94.527482,3.349
72622,Phillips 66,US- 60 & HWY AD,Dexter,MO,36.776735,-89.92855,3.4023
6736,EAGLEVILLE TRAVEL CENTER,"I-35 & ROUTE N, EXIT 106",Eagleville,MO,40.475009,-94.01198,2.9357
68985,LOVES TRAVEL STOP #500,"I-35, EXIT 106",Eagleville,MO,40.473235,-94.034505,3.789
66382,STATELINE CONOCO,"I-35, EXIT 114",Eagleville,MO,40.49658,-93.960297,3.549
61106,TEMP STOP #102,US-54 & SR-52,Eldon,MO,38.314591,-92.605792,3.199
68354,LEERJAK TRAVEL CENTER,US-60,Ellsinore,MO,36.946126,-90.784861,3.409
67651,SIMMONS,US-60/SR-21,Ellsinore,MO,36.923689,-90.785631,3.424
6047,FAST LANE #26,US-61,Eolia,MO,39.274994,-91.013691,3.099
64101,D DIAMOND TRAVEL PLAZA,"I-44, EXIT 82",Fair Grove,MO,37.373519,-93.123846,3.1323
71218,KUM & GO #1435,US-65,Fair Grove,MO,37.394824,-93.130378,3.1557
6562,PILOT #1323,"I-29, EXIT 35",Faucett,MO,39.591687,-94.774601,3.2723
67039,ROAD RANGER #145,"I-44, EXIT 275",Fenton,MO,38.524222,-90.502081,3.359
6502,SQUAW CREEK TRAVEL PLAZA,"I-29, EXIT 79 & US-159",Forest City,MO,39.9876,-95.195041,3.339
52326,MR FUEL #715,"I-70, EXIT 203",Foristell,MO,38.728003,-90.953325,2.9257
6242,TA FORISTELL TRAVEL CENTER,"I-70, EXIT 203",Foristell,MO,38.77469,-90.912943,3.019
68270,MPC #2,US-67 & CR-A,Fredericktown,MO,37.482744,-90.372601,2.9907
6087,BREAK TIME #3173,US-54 & CR-HH,Fulton,MO,38.875296,-91.9598,3.299
72630,PETRO-CARD 24 #910250,US-54 BUS,Fulton,MO,38.829157,-91.985223,3.299
69727,PETRO-CARD 24 #910880,SR-6/13,Gallatin,MO,39.921542,-93.973193,3.299
72528,MFA #910260,SR-87/240,Glasgow,MO,39.264667,-92.805674,3.3965
6165,TEMP STOP #117,I-70 & GRAIN VALLEY RD EXIT 24,Grain Valley,MO,39.053267,-94.2428,2.959
71926,QUIKTRIP #186,SR-150,Grandview,MO,38.845742,-94.518228,3.199
70491,MFA OIL PETRO CARD 24,US-36,Hamilton,MO,39.768582,-94.00139,3.2407
67118,ABELS QUIK SHOP #20,US-36 & CR-437,Hannibal,MO,39.72348,-91.377347,3.0657
6068,AYERCO #24,US-61 & CR MM,Hannibal,MO,39.709774,-91.352593,3.099
71595,Hucks Market #100,US-36,Hannibal,MO,39.72615,-91.361635,3.1323
70069,CASEYS #3486,"I-49, EXIT 159",Harrisonville,MO,38.634822,-94.341513,3.229
69787,LOVES TRAVEL STOP #616,"I-49, EXIT 158",Harrisonville,MO,38.663051,-94.297959,3.429
69940,SAPP BROS TRAVEL CENTER,"I-49, EXIT 157",Harrisonville,MO,38.674073,-94.361005,3.4023
63596,PILOT TRAVEL CENTERS #442,"I-55, EXIT 19",Hayti,MO,36.204105,-89.742781,3.2557
72199,MPC #99A,I-270 Exit 22B,Hazelwood,MO,38.819219,-90.33406,3.059
72701,Loves Travel Stop #887,I-55 EXIT 178,Herculaneum,MO,38.234459,-90.350168,3.1557
10181,QUIKTRIP #611,I-55 EXIT 178,Herculaneum,MO,38.288906,-90.369492,2.9907
63768,PILOT TRAVEL CENTERS #443,"I-70, EXIT 49",Higginsville,MO,39.089158,-93.73002,3.2357
6083,BP,"I-35, EXIT 33",Holt,MO,39.463086,-94.357884,3.049
65165,AMERIMART # 11,US-61,Jackson,MO,37.378356,-89.613771,3.299
70014,PETRO-CARD 24 #919141,SR-179,Jamestown,MO,38.777575,-92.515315,3.479
70209,PUMP N PETES #42,"I-49, EXIT 66 & CR-K",Jasper,MO,37.333182,-94.33382,3.199
72738,BREAK TIME #3172,US-50/US-63,Jefferson City,MO,38.581633,-92.134971,3.3357
70719,FAST LANE #31,"I-70, EXIT 183",Jonesburg,MO,38.910833,-91.341384,3.299
70706,BIG APPLE TRAVEL CENTER,I-44/US-71,Joplin,MO,37.064692,-94.521854,3.2123
68133,CASEYS #4256,US-71/SR-175,Joplin,MO,37.122805,-94.533552,3.069
68630,DOWNSTREAM Q STORE,US-166/US-400,Joplin,MO,37.081833,-94.510232,3.199
52564,FLYING J TRAVEL PLAZA #669,"I-44, EXIT 11A & US-71/SR-249 & SR-FF",Joplin,MO,37.067357,-94.479206,3.4123
70704,KUM & GO #0702,"I-44, EXIT 6 & SR-86",Joplin,MO,37.061275,-94.478708,3.009
64481,LOVES TRAVEL STOP #282,"I-44, EXIT 4 & SR-43",Joplin,MO,37.109287,-94.474262,3.3973
52456,PILOT TRAVEL CENTERS #317,"I-44, EXIT 4 (ST 435)",Joplin,MO,37.121247,-94.466587,3.4123
1670,Petro Stopping Center #54,"I-44, EXIT 4 & SR-3",Joplin,MO,37.100591,-94.49684,3.449
70738,QUIKTRIP #7061,I-49 EXIT 39A,Joplin,MO,37.110303,-94.468373,3.0223
64106,RAPID ROBERTS #122,SR-43,Joplin,MO,37.062389,-94.537887,2.899
72497,ROAD RANGER #290,"I-44, Exit 13",Joplin,MO,37.060231,-94.469358,3.2123
52531,FLYING J FUEL STOP #768,"I-435, EXIT 57",Kansas City,MO,39.154677,-94.595567,3.3823
61110,HB OF RANDOLPH,"I-435, EXIT 55B & SR-210",Kansas City,MO,39.118136,-94.587308,3.149
71221,LOVES TRAVEL STOP #786,I-435 EXIT 55,Kansas City,MO,39.1295,-94.601207,3.389
63801,PILOT #1126,"I-435, EXIT 55 & SR-210",Kansas City,MO,39.180479,-94.56669,3.3823
64500,QUICK FUEL #2402,"I-435, EXIT 57",Kansas City,MO,39.128685,-94.583714,3.2923
68685,QUICK FUEL #2403,"I-29/I-35/SR-71, EXIT 5B",Kansas City,MO,39.134392,-94.561727,3.344
70617,QUIKTRIP #224,"I-435, EXIT 57",Kansas City,MO,39.116921,-94.553137,3.099
60382,WINDSTARS #5101,"I-435, EXIT 57",Kansas City,MO,39.146001,-94.601684,3.099
61642,PILOT TRAVEL CENTERS #252,"I-35, EXIT 26",Kearney,MO,39.383085,-94.393997,3.699
72526,PETRO-CARD 24 #911251,US-169,King City,MO,40.091704,-94.484648,3.299
7299,GASPERS - FAST LANE,"I-70, EXIT 148 & US-54",Kingdom City,MO,38.930153,-91.931064,2.959
9423,PETRO STOPPING CENTER #318,"I-70, EXIT 148",Kingdom City,MO,38.99134,-91.95507,3.0573
64675,Petro Mart #45,"I-70/US-40, EXIT 148 & US-54",Kingdom City,MO,38.927716,-91.984688,2.939
68596,FLASH MARKET SHELL,US-63,Koshkonong,MO,36.596314,-91.606787,3.499
72522,MFA #910591,US-63,La Plata,MO,39.997282,-92.492549,3.339
60379,FAST LANE #50,US-54/SR-19,Laddonia,MO,39.245341,-91.616048,3.1573
3284,CASEYS #4390,"I-49/US-71, EXIT 77 & US-160",Lamar,MO,37.548891,-94.373528,3.199
1234,Lamar Travel Plaza,US-71 & US-160,Lamar,MO,37.496895,-94.311073,3.199
60380,AMOCO,US-63/US-136,Lancaster,MO,40.523286,-92.495868,3.249
61111,Caseys #4540,"I-35, EXIT 40 & SR-116",Lathrop,MO,39.542368,-94.288267,3.0757
7300,B AND D AUTO TRUCK PLAZA,"I-44, EXIT 127",Lebanon,MO,37.702944,-92.650292,3.099
70135,KUM & GO #1455,"I-44, EXIT 130",Lebanon,MO,37.691974,-92.664431,3.0923
72521,PETRO-CARD 24 #910410,I-44/US-66,Lebanon,MO,37.646247,-92.621233,3.099
72612,PETRO-CARD 24 #910411,I-44 & SR-32,Lebanon,MO,37.658948,-92.61761,3.099
63773,QUIKTRIP #179,ST 152,Liberty,MO,39.259114,-94.391261,2.999
72540,MFA #910441,US-54,Louisiana,MO,39.415847,-91.034314,3.049
67398,CASEYS #3998,SR-13 & HWY-C,Lowry City,MO,38.104568,-93.700073,3.249
70733,CASEYS #1607,US-63,Macon,MO,39.722885,-92.436716,3.2907
68981,PETRO-CARD 24 #910450,US-63 & US-36,Macon,MO,39.783232,-92.455201,3.239
72606,PETRO-CARD 24 #910474,US-65,Malta Bend,MO,39.157109,-93.389988,3.439
65171,SIGNAL FOOD STORE #110,US-60 & SR-5,Mansfield,MO,37.095268,-92.608364,3.0257
5522,ONE9 #301,"I-55,  EXIT 40",Marston,MO,36.490008,-89.62965,3.109
70074,CASEYS #3430,US-71 & US-136/SR-46,Maryville,MO,40.365912,-94.85788,3.1373
6296,GRAY TRUCK STOP,US-71/US-136,Maryville,MO,40.38143,-94.903039,3.2657
72625,PETRO-CARD 24,SR-46 & US-71,Maryville,MO,40.362076,-94.877989,3.129
52514,FLYING J TRAVEL PLAZA #671,"I-55, EXIT 58",Matthews,MO,36.720826,-89.633901,3.239
66313,LOVES TRAVEL STOP #313,"I-55, EXIT 58  & SR-80",Matthews,MO,36.683713,-89.633025,3.2773
71491,SPEEDWAY #1520,"I-55, EXIT 58 & SR-80",Matthews,MO,36.737261,-89.596858,3.189
7293,TA Matthews Travel Center,"I-55, EXIT 58 & SR-80",Matthews,MO,36.723634,-89.59881,3.2057
72515,PETRO-CARD 24 #910520,US-54BUS,Mexico,MO,39.202588,-91.872507,3.229
72536,MFA 910281,SR-5,Milan,MO,40.214694,-93.117169,3.299
71957,B&M Quickstop,SR-8,Mineral Point,MO,37.893618,-90.725128,3.699
61115,BREAK TIME #3071,US-24 & US-63,Moberly,MO,39.394845,-92.421423,3.469
71091,BREAK TIME #3163,US-63 & CR-M,Moberly,MO,39.451848,-92.428316,3.4623
3946,Fast Lane,US-24 & US-63,Moberly,MO,39.456322,-92.473183,3.469
72529,PETRO-CARD 24 #910530,US-24,Moberly,MO,39.409943,-92.408777,3.419
5234,SINCLAIR,SR-37,Monett,MO,36.910146,-93.936792,3.2907
71239,CASEYS #3926,"I-29, EXIT 84 & SR-118",Mound City,MO,40.118124,-95.237587,3.1573
72534,Petro-Card 24 #911290,US-59,Mound City,MO,40.141843,-95.184701,3.149
5044,TA MOUNT VERNON TRAVEL CENTER,"I-44, EXIT 46 & SR-39/SR265",Mount Vernon,MO,37.129285,-93.785453,3.409
72480,TA Mt Vernon,I-44,Mount Vernon,MO,37.137273,-93.780989,3.404
64474,SIGNAL FOOD STORE #108,US-60,Mountain View,MO,36.957441,-91.744797,3.0323
72305,THE ANCHOR,US-60 & CR-3500,Mountain View,MO,37.022901,-91.74161,3.0323
5249,Taylor's Stateline Travel Center,US-67 & SR-278,Neelyville,MO,36.537173,-90.471946,2.999
71255,Fuel N Treat,"I-70/US-40, EXIT 84 & CR-J",Nelson,MO,39.048465,-93.063469,3.284
67890,KUM & GO #0449,US-60/US-71,Neosho,MO,36.834334,-94.355983,3.0557
2864,KUM & GO #0493,I-49 BUS/SR-59,Neosho,MO,36.833819,-94.365698,3.059
69438,LOVES TRAVEL STOP #585,"I-49/US-71, EXIT 27 & SR-86",Neosho,MO,36.837614,-94.419069,3.3973
3148,YESWAY #1038,US-60 & SR-86,Neosho,MO,36.869771,-94.414312,3.059
69731,PETRO-CARD 24 #910561,"I-49, EXIT 102A",Nevada,MO,37.875549,-94.345662,3.349
6167,PILOT TRAVEL CENTERS #167,US-71,Nevada,MO,37.87869,-94.345713,3.4957
60383,CASEYS #4399,"I-70, EXIT 175",New Florence,MO,38.934522,-91.473756,2.949
70790,LOVES TRAVEL STOP #788,"I-70, EXIT 175",New Florence,MO,38.926994,-91.515516,3.1223
69877,LOVES TRAVEL STOP #669,US-61 & SR-19,New London,MO,39.609086,-91.363132,3.2357
52438,NEW MADRID,"I-55, EXIT 52/SR-P",New Madrid,MO,36.635899,-89.532371,3.269
71800,Stuckeys Travel Plaza,"I-44, EXIT 179",Newburg,MO,37.906136,-91.900862,2.9723
5569,TA EXPRESS NORWOOD #0450,US-60,Norwood,MO,37.086879,-92.405978,3.449
63379,Petro Stopping Center #460,"I-70, EXIT 28",Oak Grove,MO,39.033325,-94.112795,3.2123
52528,QUIKTRIP #150,"I-70, EXIT 28",Oak Grove,MO,38.980256,-94.173925,2.959
7291,TA OAK GROVE TRAVEL CENTER,"I-70, EXIT 28",Oak Grove,MO,38.979977,-94.126006,3.2223
72629,MFA #910600,SR-28,Owensville,MO,38.368965,-91.510227,3.299
6188,SIGNAL FOOD STORE #112,US-65 & SR-J,Ozark,MO,36.989141,-93.229027,2.999
67051,PILOT TRAVEL CENTERS #208,"I-44, EXIT 257",Pacific,MO,38.472441,-90.7827,3.324
1236,AYERCO #44,US-36 & US-24,Palmyra,MO,39.788124,-91.552385,3.0157
66031,WILCO FAST BREAK,US-61/US-24,Palmyra,MO,39.788532,-91.558264,3.119
66635,C  BARN,US-67,Park Hills,MO,37.857142,-90.516582,3.049
52552,FLYING J TRAVEL PLAZA #672,"I-49/US-71, EXIT167 & CR-J",Peculiar,MO,38.755754,-94.478013,3.4223
61118,MIDWEST PETROLEUM #21,"I-55, EXIT 129",Perryville,MO,37.704251,-89.906556,2.9907
66353,MOTOMART #3361,"I-55, EXIT 129",Perryville,MO,37.68891,-89.852203,2.989
72608,Petro-Card 24 #910640,US-61,Perryville,MO,37.750954,-89.901449,3.099
5024,I 55 MOTOR PLAZA,"I-55,  EXIT 180",Pevely,MO,38.284245,-90.387755,2.9907
6212,MR FUEL,"I-55, EXIT 180",Pevely,MO,38.259948,-90.400295,3.0157
6222,QUIKTRIP #236,"I-29/US-71, EXIT 18 & SR-92",Platte City,MO,39.368611,-94.761598,2.999
72325,TREX MART #17,I-29 & SR-371,Platte City,MO,39.365647,-94.796014,2.999
66074,HEARTLAND XPRESS,US-67 & SR-M,Poplar Bluff,MO,36.779013,-90.449357,3.199
72546,MFA OIL #2028,SR-53,Poplar Bluff,MO,36.744038,-90.405592,3.2323
69913,ROSS FUEL CENTER,US-60/US-67,Poplar Bluff,MO,36.768968,-90.456488,3.4907
69751,MFA,CR-37,Purdy,MO,36.790843,-93.922133,3.349
69729,MFA OIL,US-63 & HWY E,Queen City,MO,40.392597,-92.581914,3.249
72538,Petro-Card 24 #910670,SR-51,Qulin,MO,36.575071,-90.268609,3.199
65177,KUM & GO #0497,US-60/SR-413 & CR-M,Republic,MO,37.152342,-93.477475,3.079
69915,PETES #16,"I-49/US-71, EXIT 120 & CR-B",Rich Hill,MO,38.083929,-94.39684,3.149
6232,OASIS TRUCK STOP,"I-44 & SR-133, MM 145",Richland,MO,37.864116,-92.390058,3.324
65178,WILD BILLS TRAVEL CENTER,US-65 & SR-14,Ridgedale,MO,36.499613,-93.277748,3.199
458,HAPPY HILLS GAS & COFFEE,I-29 EXIT 110,Rock Port,MO,40.40964,-95.513882,3.399
5050,ROCK PORT TRUCK PLAZA,"I-29 & US-136, EXIT 110",Rock Port,MO,40.416322,-95.52935,3.099
5131,TRAILS END TRUCK STOP,"I-29, EXIT 110 & US-136",Rock Port,MO,40.453738,-95.515616,3.4057
68151,KUM & GO #0498,SR-125,Rogersville,MO,37.108011,-93.098532,3.0523
66937,LOVES TRAVEL STOP #341,"I-44, EXIT 189",Rolla,MO,37.978765,-91.78946,3.3007
71647,QUIKTRIP #667,I-44 Exit 189,Rolla,MO,37.948087,-91.763187,2.9823
72197,MOTOMART #3369,SR-370 E,Saint Charles,MO,38.797749,-90.540868,3.0423
71864,MPC #30,"I-44, Exit 195",Saint James,MO,37.992298,-91.619285,2.9857
6258,CASEYS #6342,"I-29, EXIT 144 & US-169",Saint Joseph,MO,39.787936,-94.779925,3.169
68129,CULVERS HAWKINS,"US-59/I-29, EXIT 43",Saint Joseph,MO,39.788463,-94.766438,3.199
9763,DELUXE TRUCK STOP,SR-759,Saint Joseph,MO,39.782578,-94.767362,3.149
66114,LOVES TRAVEL STOP #235,"I-29 & US-169, EXIT 44",Saint Joseph,MO,39.75355,-94.788032,3.3323
3605,SPEEDYS #6,"I-35, EXIT 33",Saint Joseph,MO,39.801007,-94.819585,3.169
68347,ENERGY EXPRESS TRAVEL CENTER,I-70 EXIT 247,Saint Louis,MO,38.680581,-90.327825,2.909
69029,LOVES TRAVEL STOP #461,"I-70, EXIT 246A",Saint Louis,MO,38.636392,-90.306723,3.114
65162,Petro Mart #15,I-270 EXIT 33,Saint Louis,MO,38.657853,-90.347907,2.904
2231,QUIKTRIP #605,"I-270, EXIT 33",Saint Louis,MO,38.650927,-90.342093,2.899
72920,Circle K #4701686,"I-70, Exit 224 & SR-370",Saint Peters,MO,38.78421,-90.612489,3.0507
6307,QUIKTRIP #608,"I-70, MID RIVERS MALL",Saint Peters,MO,38.761598,-90.642966,2.904
66318,ROAD RANGER #242,"I-44, EXIT 163",Saint Robert,MO,37.864339,-92.119953,3.264
72616,PETRO-CARD 24 #910700,SR-32,Sainte Genevieve,MO,37.889936,-90.203681,3.099
70076,PETRO-CARD 24 #910681,SR-32,Salem,MO,37.647493,-91.56323,3.099
72972,LOVES TRAVEL STOP #886,I-44 EXIT 29,Sarcoxie,MO,37.053227,-94.145567,3.4007
65180,TREX MART #11,"I-29, EXIT 65 & US-59",Savannah,MO,39.913439,-94.792592,2.999
67312,RHODES 101 STOP #790,"I-55, EXIT 91",Scott City,MO,37.237074,-89.486054,3.424
71371,BREAK TIME #3167,US-65 & HWY-HH,Sedalia,MO,38.725773,-93.261768,3.294
69732,PETRO-CARD 24 #911043,US-65,Sedalia,MO,38.722158,-93.269466,3.249
1240,TEMP STOP #103,US-65,Sedalia,MO,38.719728,-93.254092,3.199
71256,SIGNAL FOOD STORE #120,US-60,Seymour,MO,37.14024,-92.756514,3.0257
72542,MFA #910731,SR-15,Shelbina,MO,39.70271,-92.026977,2.999
68420,SHELBINA Phillips 66,US-36 & SR-15,Shelbina,MO,39.703775,-92.052846,3.099
4395,BREAK TIME #3147,"I-55, EXIT 67 & US-62",Sikeston,MO,36.877472,-89.612221,3.499
69668,LOVES TRAVEL STOP #643,"I-55/57, EXIT 66A & US-60",Sikeston,MO,36.855329,-89.563966,3.549
71933,RHODES CONVENIENCE STORES,US-62,Sikeston,MO,36.890461,-89.576015,3.3507
72621,PETRO-CARD 24 #1047,SR-240,Slater,MO,39.208478,-93.027489,3.459
69792,FLYING J #1061,"I-44, EXIT 72",Springfield,MO,37.2581,-93.322309,3.3823
72691,KUM & GO #2402,US 60,Springfield,MO,37.27315,-93.318264,3.1757
67138,Kum N Go #0561,US-65 & SR-744,Springfield,MO,37.230319,-93.333943,2.899
64112,RAPID ROBERTS #123,"I-44, EXIT 80",Springfield,MO,37.24086,-93.317319,2.899
66643,DEERFIELD TRAVEL CENTER,"I-55, EXIT 8",Steele,MO,36.089152,-89.813111,2.9757
71570,STEELE 66 TRUCK PLAZA,Hwy O & CR-425,Steele,MO,36.110115,-89.832715,3.399
67724,LOVES TRAVEL STOP #458,"I-44, EXIT 88",Strafford,MO,37.274289,-93.082092,3.3723
71444,One9 #1318,"I-44, Exit 88",Strafford,MO,37.286646,-93.116817,2.9857
7289,TA STRAFFORD,"I-44, EXIT 88 & SR-125",Strafford,MO,37.297667,-93.131361,3.3657
72921,CIRCLE K #4701677,"I-44, Exit 226",Sullivan,MO,38.242406,-91.165057,3.324
52625,FLYING J TRAVEL PLAZA #673,"I-44, EXIT 226 & SR-85",Sullivan,MO,38.208253,-91.12898,3.324
72541,MFA 911021,US-136,Tarkio,MO,40.467138,-95.379543,3.329
6315,AYERCO #25,US-24,Taylor,MO,39.887276,-91.541605,3.0157
5079,FASTLANE TAYLOR 63,US-61 & SR-6,Taylor,MO,39.894319,-91.532779,3.0157
72514,Petro-Card 24 #910722,SR-6,Trenton,MO,40.050192,-93.572603,3.149
68738,CASEYS #2316,US-136/SR-5 & SR-5,Unionville,MO,40.468685,-92.99074,3.214
7718,MR FUEL #717,"I-44, EXIT 251",Villa Ridge,MO,38.481984,-90.91983,3.0157
70441,BREAK TIME #3165,US-50 & SR-13,Warrensburg,MO,38.789061,-93.757516,3.2923
72520,PETRO-CARD 24 #910160,US-50,Warrensburg,MO,38.743239,-93.716066,3.299
7719,FLYING J TRAVEL PLAZA #674,"I-70, EXIT 188",Warrenton,MO,38.786866,-91.134593,3.1157
66968,FLYING J TRAVEL PLAZA #675,US-136 & SR-27,Wayland,MO,40.404189,-91.563695,3.3057
71219,KUM & GO #1568,"I-44, EXIT 156",Waynesville,MO,37.738095,-92.191258,3.099
69626,CASEYS #2860,US-160 & FM-6070,West Plains,MO,36.72309,-91.909627,3.419
1247,SNAPPY MART #11,US-63 & SR-14,West Plains,MO,36.690293,-91.89625,3.299
70583,LOVES TRAVEL STOP #783,US-60 & US-63,Willow Springs,MO,36.983611,-91.957461,3.419
72523,Petro-Card 24 #910820,US-60BUS,Willow Springs,MO,37.029745,-91.980121,3.399
72633,Petro-Card 24 #910830,SR-52,Windsor,MO,38.539946,-93.51739,3.499
5056,TREX MART #16,"I-35, EXIT, 61 & US-69",Winston,MO,39.821969,-94.18375,3.119
6356,CIRCLE K #2721536,ST 6 EAST,Batesville,MS,34.323841,-89.946653,3.2407
10184,CIRCLE K #2721544,"I-55, EXIT 243 & US-278/SR-6",Batesville,MS,34.295317,-89.904355,3.309
67321,LOVES TRAVEL STOP #388,"I-55, EXIT 246 & SR-35",Batesville,MS,34.346953,-89.926361,3.4607
1602,CIRCLE K #2723387,US-98,Beaumont,MS,31.167274,-88.939265,3.5657
5163,Blue Sky #733,"US-78, EXIT 81 & SR-178",Belden,MS,34.323599,-88.833675,2.939
66425,CLARK OIL #31,"I-10, EXIT 44",Biloxi,MS,30.367984,-88.874078,2.849
63787,LOVES TRAVEL STOP #402,"I-10, EXIT 44",Biloxi,MS,30.368529,-88.907545,3.449
72923,76,US-84,Brookhaven,MS,31.548563,-90.469367,3.149
67806,84 QUICK STOP,I-84,Brookhaven,MS,31.609001,-90.476727,3.149
67772,STEVES SHELL,"I-55, EXIT 42",Brookhaven,MS,31.623138,-90.422292,3.199
67738,SUPER JACK TRUCK STOP,US-84,Brookhaven,MS,31.549035,-90.46466,3.1157
72162,Krazy K's,US-45,Buckatunna,MS,31.524028,-88.495056,3.149
72100,Exxon,"I-22/US-78, Exit 10 &  SR-178",Byhalia,MS,34.895697,-89.650941,3.199
65188,GAS MART,"US-78, EXIT 14 & SR-309",Byhalia,MS,34.847119,-89.696509,2.9723
72978,SHELL SERVICE STATION,SR-302,Byhalia,MS,34.909771,-89.656875,3.099
72578,QUIKTRIP #7247,"I-55, EXIT 85",Byram,MS,32.172144,-90.294408,2.9157
64482,LOVES TRAVEL STOP #208,"I-55, EXIT 119 & SR-22",Canton,MS,32.60525,-90.026308,3.489
72559,SUN TRAVEL CENTER,I-55 EXIT 114A,Canton,MS,32.62488,-90.006263,3.499
72433,RENFROE STORE,SR-25,Carthage,MS,32.78753,-89.563727,4.099
72863,Double Quick #92,US-61,Cleveland,MS,33.713171,-90.745153,3.1823
72077,COLDWATER TRAVEL CENTER,I-55 & SR-306,Coldwater,MS,34.660818,-90.008802,3.099
65192,CIRCLE K #2723396,US-49,Collins,MS,31.673053,-89.557114,3.879
65194,CIRCLE K #2723401,US-98 BYP/SR-44 & SR-13,Columbia,MS,31.247372,-89.82724,3.3323
69263,LOVES TRAVEL STOP #564,US-82 & SR-50 & SR-12,Columbus,MS,33.449862,-88.479389,3.249
67932,SPRINT MART #4144,US-82/US-45/SR-12 & SR-182,Columbus,MS,33.390525,-88.479968,3.0157
71177,COMO TRAVEL CENTER,"I-55, EXIT 257 & SR-310",Como,MS,34.512834,-89.92254,3.079
64132,45 TRUCKSTOP,US-45,Corinth,MS,34.844417,-88.625809,3.089
1251,MAPCO #3009,US-72,Corinth,MS,34.862161,-88.562452,3.154
52103,SPRINT MART #27,US-45 & US-72,Corinth,MS,34.854632,-88.579161,3.0557
72115,FRIENDSHIP FOOD & FUEL,SR-15 & CR-244,Ecru,MS,34.325834,-88.999517,3.799
65197,SINGH PETRO,US-11,Ellisville,MS,31.567442,-89.234947,3.059
72303,TEXACO #378602,I-59 Exit 85 & SR-590,Ellisville,MS,31.582326,-89.231359,3.199
65198,CIRCLE K #2723437,US-49,Florence,MS,32.163518,-90.152304,2.8957
72184,MACS 33,US-49,Florence,MS,32.180246,-90.165557,2.899
63620,LOVES TRAVEL STOP #420,"I-20, EXIT 47",Flowood,MS,32.366612,-90.076896,3.149
72428,QUIKTRIP #7249,US 80 E,Flowood,MS,32.331809,-90.129868,2.9157
66183,CHEVRON CURB STORE,SR-35 & SR-21,Forest,MS,32.366335,-89.430367,3.569
1256,DOUBLE QUICK #89,US-82/US-278,Greenville,MS,33.416051,-91.06447,3.2557
69255,THE LANDING,US-82,Greenwood,MS,33.534112,-90.20549,3.199
72200,Swift Mart,I-55/SR-7 & US-51,Grenada,MS,33.76241,-89.826932,3.3657
68148,CIRCLE K #2723389,US-49,Gulfport,MS,30.411662,-89.128155,2.944
6401,CIRCLE K #2723457,"I-10, EXIT 34-B",Gulfport,MS,30.386858,-89.131717,2.989
52403,FLYING J TRAVEL PLAZA #676,"I-10, EXIT 31",Gulfport,MS,30.352754,-89.07511,3.1457
69832,LOVES TRAVEL STOP #595,"I-10, EXIT 28 & SR-49",Gulfport,MS,30.376046,-89.112013,3.144
72698,QUIKTRIP #7242,"I-10, EXIT 31",Gulfport,MS,30.421625,-89.066681,2.9157
72054,CHEVRON,US-45,Guntown,MS,34.441214,-88.699941,3.299
5111,CIRCLE K #2723385,"I-59, EXIT 67 & US-49/SR-42",Hattiesburg,MS,31.2873,-89.316672,3.149
52439,CIRCLE K #2723395,US-11,Hattiesburg,MS,31.347716,-89.287247,3.199
1832,CORNER FUEL CENTER,US-49,Hattiesburg,MS,31.334761,-89.279946,3.299
72083,DANDY DANS,US-49/SR-42,Hattiesburg,MS,31.335391,-89.335963,3.0657
70251,Marathon,SR-42 & US-49,Hattiesburg,MS,31.287455,-89.290765,3.0323
4063,STUCKEY'S,"I-59, EXIT 67 & US-49",Hattiesburg,MS,31.344176,-89.320215,2.999
61145,TEXACO,US-49 & US-98,Hattiesburg,MS,31.303023,-89.286963,3.199
66787,TEXACO,"I-59, EXIT 67B",Hattiesburg,MS,31.326174,-89.313565,3.0657
61146,STUCKEYS EXPRESS #619,"I-59, EXIT 113 & SR-528",Heidelberg,MS,31.866567,-88.975053,3.499
71284,Loves Travel Stop #889,"I-22, Exit 30",Holly Springs,MS,34.766575,-89.428781,3.3157
68179,WEST PAK A POK,SR-8,Houston,MS,33.890492,-88.937366,3.399
69187,LOVES TRAVEL STOP #559,US-82 & US-49,Indianola,MS,33.441012,-90.646618,3.3157
63751,PETRO STOPPING CENTER #328,"I-20 & I-55, EXIT 45",Jackson,MS,32.282199,-90.202262,3.109
63600,PILOT TRAVEL CENTERS #77,"I-55 /I-20, EXIT 45",Jackson,MS,32.257568,-90.152109,3.149
66083,KANGAROO CROSSING,SR-35,Kosciusko,MS,33.004615,-89.600662,3.199
69817,LOVES TRAVEL STOP #639,"I-20, EXIT 96",Lake,MS,32.356658,-89.363049,3.1623
61149,CEFCO #501,US-45,Lauderdale,MS,32.488705,-88.514755,2.899
6448,CIRCLE K #2723392,"I-59, EXIT 97 & US-84",Laurel,MS,31.743407,-89.139688,2.9523
5064,CLARK OIL #44,"I-59, EXIT 97",Laurel,MS,31.705764,-89.157395,2.879
6442,CLARK OIL #49,US-84,Laurel,MS,31.719832,-89.161695,2.999
52667,EXPRESS LANE TRAVEL CENTER,"I-20, EXIT 100 & US-80",Lawrence,MS,32.310559,-89.294541,3.299
69122,DOUBLE QUICK #61,US-82,Leland,MS,33.385308,-90.875217,3.299
65935,MAIN ST JUNCTION,SR-14 & SR-15,Louisville,MS,33.115636,-89.027575,3.099
64139,4 MILE TRUCKSTOP,US-98 & HOLT RD,Lucedale,MS,30.85034,-88.613239,3.399
72575,Loves Travel Stop #864,US-98,Lucedale,MS,30.900547,-88.660991,3.449
66361,SHADY NOOK,US-61/US-49,Lyon,MS,34.215663,-90.532266,3.999
70443,GLUCKSTADT FLEETWAY,"I-55, EXIT 112",Madison,MS,32.45341,-90.11147,3.199
70002,LOVES TRAVEL STOP #699,US-49,Magee,MS,31.833625,-89.724895,3.6073
65204,SHELL GAS MART,US-82,Mathiston,MS,33.57976,-89.1274,3.3657
72038,CHEVRON,I-55 & SR-570,McComb,MS,31.138095,-90.369825,3.2823
67255,LOVES TRAVEL STOP #393,"I-55, EXIT 13",Mccomb,MS,31.152906,-90.409416,3.239
67757,KEITH'S SUPERSTORE,"I-59, I-20, EXIT 160",Meridian,MS,32.337789,-88.689458,3.049
64558,MR FUEL #1203,"I-20, EXIT 129",Meridian,MS,32.34382,-88.628516,2.8123
66959,PILOT TRAVEL CENTERS #388,"I-20 & I-59, EXIT 151",Meridian,MS,32.358854,-88.666159,2.979
3349,QUEEN CITY TRUCK STOP,"I-20 & I-59, EXIT150",Meridian,MS,32.387206,-88.660506,2.939
7314,TA MERIDIAN TRAVEL CENTER,"I-20 & I-59, EXIT 160",Meridian,MS,32.318627,-88.621027,2.9123
68799,SHELL FOOD MART # 25,"I-20, EXIT 77 & SR-13",Morton,MS,32.427659,-89.582027,3.199
68624,PILOT #586,"I-10, EXIT 69 & SR-63",Moss Point,MS,30.540781,-88.47473,3.459
67763,SHELL,US-72,Mount Pleasant,MS,34.928177,-89.531563,3.399
10192,INTERSTATE STATION #8,"I-55, EXIT 78",Natchez,MS,31.545179,-91.376314,3.399
68828,CIRCLE K #2721540,US-78 & SR-15,New Albany,MS,34.515967,-89.026361,3.759
63627,PILOT TRAVEL CENTERS #174,I-78 & SR-15,New Albany,MS,34.475097,-88.978875,3.859
68147,Regal Truck Stop,SR 30,New Albany,MS,34.455451,-88.986738,3.249
65213,CIRCLE K #2723390,US-98,New Augusta,MS,31.232894,-89.005468,3.199
65212,Taters #2,US-98 & SR-29,New Augusta,MS,31.227551,-89.026637,3.3157
65214,NEWTON CROSSING,"I-20, EXIT 109 & SR-15",Newton,MS,32.349589,-89.221643,3.249
67860,SHELL,"I-55, EXIT 227 & SR-32",Oakland,MS,34.102246,-89.873851,2.999
216,CIRCLE K #2721593,"I-10, EXIT 50",Ocean Springs,MS,30.447167,-88.748274,3.4157
67872,SMOKIES,US-45,Okolona,MS,33.962679,-88.724299,3.099
71970,BLUE BIRD 3 EXPRESS,"US-78, EXIT 1",Olive Branch,MS,34.966457,-89.851194,3.199
63661,FLYING J TRAVEL PLAZA #677,"US-78, EXIT 6",Olive Branch,MS,34.950097,-89.876188,3.2857
72653,Quiktrip #7153,US-78 & EXIT #4,Olive Branch,MS,34.941586,-89.824958,2.9157
72226,REBEL GAS MART,SR-7,Oxford,MS,34.324372,-89.456596,3.049
68178,CIRCLE K #2723748,"I-20, EXIT 48",Pearl,MS,32.259503,-90.119914,3.389
52513,FLYING J TRAVEL PLAZA #678,"I-20 & I-55, EXIT 47",Pearl,MS,32.285997,-90.123714,3.149
60392,Kangaroo Crossing #1107,"I-20, EXIT 68 & SR-43",Pelahatchie,MS,32.318168,-89.759264,3.199
65216,STUCKEYS EXPRESS,US-43S,Pelahatchie,MS,32.322395,-89.808884,3.199
72757,Loves Travel Stop #860,I-59 EXIT 1,Picayune,MS,30.558132,-89.715038,3.1557
9783,KANGAROO CROSSING #1101,"I-55, EXIT 144",Pickens,MS,32.859786,-89.938446,3.099
69462,LOVES TRAVEL STOP #619,"I-59, EXIT 29 & SR-26",Poplarville,MS,30.852387,-89.568337,3.1757
72853,QUARLES #54520,SR-589,Purvis,MS,31.126356,-89.476204,2.979
1265,JOE JOES TRAVEL CENTER,US-78 & RED BANKS RD S,Red Banks,MS,34.905019,-89.572926,2.9723
72227,RED BANKS VALERO,I-22 & SR-178,Red Banks,MS,34.932347,-89.598253,2.999
6492,FLICKS,US-49,Richland,MS,32.228706,-90.195476,2.999
73095,Quiktrip #7250,US 49,Richland,MS,32.224992,-90.132352,2.9157
52104,BLUE SKY #734,SR-1,Saltillo,MS,34.399396,-88.707313,3.0823
71247,LOVES TRAVEL STOP #848,"I-59, Exit 104",Sandersville,MS,31.790663,-89.049908,3.1623
72060,CHEVRON FOOD MART #20,US-45 & SR-16,Scooba,MS,32.872431,-88.518044,3.199
71223,SCOOBA JUNCTION,US-45 & SR-16,Scooba,MS,32.806111,-88.470531,3.2157
66848,CIRCLE K #2723695,"I-55, EXIT 265",Senatobia,MS,34.603454,-89.881423,3.199
52387,MARATHON,"I-55, EXIT 265 & SR-4",Senatobia,MS,34.617043,-89.866165,3.199
72924,SHERMAN TRAVEL CENTER,SR-9,Senatobia,MS,34.637549,-89.880018,3.029
72261,SHELL,US-45 & CR-520,Shannon,MS,34.148954,-88.753919,3.199
71680,Alexs Shelby Truck Stop,US HWY 278 & SR 32,Shelby,MS,33.95736,-90.723323,3.199
66822,WILD BILL'S,I-78,Sherman,MS,34.329131,-88.838457,2.919
65221,CEFCO #544,"I-55/US-51, EXIT 81",Terry,MS,32.086837,-90.292326,2.899
7310,AAA HOSPITALITY,"I-55, EXIT 220",Tillatoba,MS,33.983552,-89.864942,2.784
72619,MARTYVILLE MARATHON,SR-25,Tishomingo,MS,34.644595,-88.202545,3.279
474,KEWANEE 1 STOP,"I-20, EXIT 169 & US-80",Toomsuba,MS,32.4542,-88.513967,3.299
66911,LOVES TRAVEL STOP #343,"I-20 & I-59, EXIT 165",Toomsuba,MS,32.434342,-88.492124,3.009
71953,ALEX'S TRUCK STOP,US-61,Tunica,MS,34.714658,-90.40699,3.299
71634,76,"US HWY 278, US HWY 45",Tupelo,MS,34.281773,-88.753142,3.149
67322,LOVES TRAVEL STOP #398,"US-78, EXIT 81 & SR-178",Tupelo,MS,34.225045,-88.751945,3.8823
66767,SPRINT MART #49,"I-22/US-78, EXIT 87 & SR-811",Tupelo,MS,34.25043,-88.754486,2.9923
67832,Sprint Mart #45,US-278/US-45,Tupelo,MS,34.261083,-88.71198,3.189
52313,CIRCLE K #2723445,"I-20, EXIT 5A & US-61/SR-27",Vicksburg,MS,32.354665,-90.84523,2.959
70642,LOVES TRAVEL STOP #776,"I-20, EXIT 15",Vicksburg,MS,32.363358,-90.850786,3.549
61168,Blue Sky #717,US-72 & SR-15,Walnut,MS,34.936224,-88.877203,3.099
70710,LOVES TRAVEL STOP #799,US-72 & SR-15,Walnut,MS,34.916942,-88.928895,3.559
65223,SHELL EXPRESS MART,SR-7 & SR-315,Water Valley,MS,34.165055,-89.670976,3.0657
525,FASTBREAK,US-45 ALT,West Point,MS,33.60305,-88.621392,3.059
69989,LOVES TRAVEL STOP #677,US-45A,West Point,MS,33.638338,-88.624477,3.259
61171,CHEVRON CURB STORE,US-49 & SR-26,Wiggins,MS,30.858543,-89.103089,3.499
65225,CIRCLE K #2723402,US-49,Wiggins,MS,30.851477,-89.095552,3.509
63694,PILOT TRAVEL CENTERS #261,"I-55, EXIT 186",Winona,MS,33.477409,-89.714842,3.499
69188,PILOT TRAVEL CENTER #1013-TOWN PUMP,"I-90, EXIT 298",Belgrade,MT,45.745855,-111.172967,3.6307
72462,Story Belgrade Cardlock,"I-90, EXIT 298",Belgrade,MT,45.812118,-111.144088,3.699
72607,TOWN PUMP FOOD STORE #6300,I-90 & US-191,Big Timber,MT,45.867338,-109.966701,3.539
62710,TOWN PUMP FOOD STORE #922,"I-90, EXIT 370 &SR-10",Big Timber,MT,45.82809,-109.95083,3.479
73053,Circle K #2746108,"I-90/US-212, EXIT 447",Billings,MT,45.800157,-108.496933,3.579
52106,FLYING J TRAVEL PLAZA #923 -TOWN PUMP,"I-90, EXIT 455",Billings,MT,45.772645,-108.529884,3.5807
66878,PILOT TRAVEL CENTER #915- TOWN PUMP,"I-90, EXIT 455",Billings,MT,45.804444,-108.533492,3.5807
4996,ZIP TRIP #54,"I-90, EXIT 452",Billings,MT,45.740638,-108.47136,3.5907
6518,TOWN PUMP FOOD STORE #310,"I-15, EXIT 164",Boulder,MT,46.216837,-112.104755,3.559
1579,FLYING J TRAVEL PLAZA #924- TOWN PUMP,"I-15, EXIT 122 & I-90 MM220",Butte,MT,45.994417,-112.574687,3.5657
52423,PILOT TRAVEL CENTER #908- TOWN PUMP,"I-15 & I-90, EXIT 122",Butte,MT,45.987315,-112.618391,3.5657
61176,TOWN PUMP FOOD STORE #8947,US-2,Chinook,MT,48.586586,-109.186956,3.629
67272,PILOT TRAVEL CENTER #922- TOWN PUMP,US-2 & SR-40,Columbia Falls,MT,48.372777,-114.181016,3.649
3745,PILOT TRAVEL CENTER #906-TOWN PUMP,"I-90, EXIT 408 & SR-78",Columbus,MT,45.639987,-109.250335,3.5807
10047,TOWN PUMP FOOD STORE #8929,"I-15, EXIT 339",Conrad,MT,48.152944,-111.924225,3.599
3888,Fics Plaza,"I-90, EXIT 184",Deer Lodge,MT,46.358953,-112.751308,3.519
52529,BIG SKY TRUCK STOP,"I-15, EXIT 56 N",Dillon,MT,45.210117,-112.618105,3.689
69960,PILOT CENTER #1014- TOWN PUMP,"I-94, EXIT 213 & SR-16",Glendive,MT,47.080667,-104.762012,3.419
7721,TRAIL STAR TRUCK STOP,"ST 16, EXIT 213",Glendive,MT,47.100048,-104.740235,3.459
67621,FLYING J TRAVEL PLAZA #925- TOWN PUMP,"I-15, EXIT 277",Great Falls,MT,47.517659,-111.253541,3.6357
71482,LOVES TRAVEL STOP #789,"I-15, Exit 277",Great Falls,MT,47.507988,-111.285823,3.7723
257,PILOT TRAVEL CENTER #917- TOWN PUMP,I-15 & 31ST STREET EXIT 277,Great Falls,MT,47.491146,-111.262123,3.6357
69987,LOVES TRAVEL STOP #679,"I-90, EXIT 495 & SR-47",Hardin,MT,45.762229,-107.629429,3.704
72867,Maverik #731,I-15 EXIT 190,Helena,MT,46.591414,-112.013873,3.549
7288,TA LAUREL,"I-90, EXIT 437",Laurel,MT,45.702271,-108.801603,3.6123
61182,TOWN PUMP FOOD STORE #3000,US-87,Lewistown,MT,47.021997,-109.389146,3.599
60398,TOWN PUMP FOOD STORE #610,"I-90, EXIT 333",Livingston,MT,45.678636,-110.546697,3.644
6567,YELLOWSTONE TRUCK SHOP,"I-90, EXIT 330",Livingston,MT,45.67834,-110.542874,3.649
66877,PILOT TRAVEL CENTER #916- TOWN PUMP,US-93 & US-12,Lolo,MT,46.746608,-114.071498,3.609
69815,CENEX ZIP TRIP #75,"I-94/US-12, EXIT 138 & US-59",Miles City,MT,46.407687,-105.858705,3.4973
52675,PILOT TRAVEL CENTER #907- TOWN PUMP,"I-94, EXIT 138",Miles City,MT,46.377688,-105.814894,3.499
66323,PILOT TRAVEL CENTERS #905- TOWN PUMP,"I-90, EXIT 109",Milltown,MT,46.878986,-113.840927,3.609
67612,FLYING J TRAVEL PLAZA #914- TOWN PUMP,"I-90, EXIT 96 & US-93/SR-200",Missoula,MT,46.852953,-114.064374,3.609
70580,LOVES TRAVEL STOP #753,I-90 EXIT 96 & SR-474,Missoula,MT,46.824404,-114.006486,3.674
7284,MURALTS TRUCK PLAZA,"I-90, EXIT 96 & US-93/SR-200",Missoula,MT,46.860883,-114.054473,3.609
7286,TA MISSOULA,"I-90, EXIT 96 & US-93",Missoula,MT,46.868036,-113.991422,3.699
489,EDDIES CORNER,US-87 & US-191,Moore,MT,47.014233,-109.729027,3.749
6527,ZIP TRIP #50,"I-90, EXIT 426",Park City,MT,45.652046,-108.945361,3.584
60400,CAN AM C STORE,SR-16,Plentywood,MT,48.788422,-104.590377,3.499
6578,PILOT TRAVEL CENTER #909- TOWN PUMP,"I-15 & US-2, EXIT 363",Shelby,MT,48.501667,-111.801734,3.6357
69176,FLYING J TRAVEL PLAZA #1015- TOWN PUMP,SR-200/SR-16 & CR-123,Sidney,MT,47.733826,-104.137832,3.384
66420,PILOT TRAVEL CENTER #911,I-90 EXIT 47,Superior,MT,47.156718,-114.885785,3.559
4856,PILOT TRAVEL CENTER #910- TOWN PUMP,"I-90, EXIT 274 & US-287",Three Forks,MT,45.872761,-111.558778,3.5973
6588,TOWN PUMP FOOD STORE #4300,"I-90, EXIT 249",Whitehall,MT,45.899732,-112.102407,3.659
68541,DUCK THRU #3,SR-11 & SR-561,Ahoskie,NC,36.282387,-76.973071,3.5623
70949,QUARLES #4805,US-1 EXIT 95,Apex,NC,35.697254,-78.846313,3.999
72230,REFUEL #1116,US-64,Apex,NC,35.729787,-78.82755,3.799
67094,SPEEDWAY #7943,US-64/SR-49 & US-220,Asheboro,NC,35.760729,-79.814197,3.5423
69301,SPEEDWAY #6969,US-264 & SR-99,Belhaven,NC,35.426548,-76.606918,3.1973
65234,COUNTRY MART,US-13/SR-11,Bethel,NC,35.799896,-77.364758,3.0073
72402,HAN DEE HUGOS #5,SR-410 & SR-211,Bladenboro,NC,34.53536,-78.812172,3.2057
68936,AMOCO,US-421/SR-11 & SR-53,Burgaw,NC,34.584911,-77.95388,3.599
5254,TA CANDLER TRAVEL CENTER,"I-40, EXIT 37",Candler,NC,35.505691,-82.67843,3.799
66177,PILOT #6978,"I-74/I-73/US-220, EXIT 44 & SR-211",Candor,NC,35.262086,-79.748907,3.999
6608,7-ELEVEN #35560,SR-16,Charlotte,NC,35.270322,-80.794621,3.999
66920,7-ELEVEN #35562,"I-85, EXIT 32",Charlotte,NC,35.253373,-80.804849,3.379
3692,CHARLOTTE TRAVEL PLAZA,"I-77,  EXIT 16B",Charlotte,NC,35.284519,-80.784475,3.5323
70380,LOVES TRAVEL STOP #714,"I-85, EXIT 29",Charlotte,NC,35.226105,-80.789213,3.5223
2956,PILOT TRAVEL CENTERS #275,"I-85, EXIT 39 I-77, EXIT 13",Charlotte,NC,35.229714,-80.766348,3.5523
64656,QUICK FUEL #2601,SR-27,Charlotte,NC,35.289093,-80.826777,3.5123
64501,QUICK FUEL #2602,"I-85, EXIT 40",Charlotte,NC,35.220007,-80.77897,3.3957
71435,QUIKTRIP #1036,I-85 Exit 40,Charlotte,NC,35.276175,-80.816446,3.304
71129,Queens Market,"I-85, EXIT 41 & SR-2480",Charlotte,NC,35.241045,-80.77504,3.499
67095,SPEEDWAY #8297,US-17 & US-17 BYP,Chocowinity,NC,35.446969,-77.059515,3.1323
61195,MINUTEMAN FOOD MART #06,SR-24,Clinton,NC,35.005634,-78.342132,3.649
68332,CIRCLE K #2701526,"I-40, EXIT 208",Colfax,NC,36.139125,-79.987738,2.9573
68642,EXXON SANDY RIDGE MART,"I-40/US-421, EXIT 208",Colfax,NC,36.137079,-79.98995,3.099
63512,SPEEDWAY #7929,"I-40, EXIT 208",Colfax,NC,36.087923,-79.99651,2.854
72091,DUCK THRU FOOD STORE #54,US-64,Columbia,NC,35.877136,-76.271771,3.523
52608,PILOT #7971,"I-40, EXIT 133",Conover,NC,35.720029,-81.212939,3.699
64155,SPEEDWAY #8228,"I-85, EXIT 191 & SR-56",Creedmoor,NC,36.152489,-78.661048,3.999
4442,Minuteman Food Mart #58,US-74/US-76,Delco,NC,34.252457,-78.23307,3.5073
69230,JOES KWIK MARTS #6013,SR-16 & SR-73,Denver,NC,35.491872,-80.953658,3.189
66261,CIRCLE K #2723123,"I-95, EXIT 71",Dunn,NC,35.336939,-78.64582,3.1423
1671,LOVES TRAVEL STOP #412,"I-95, EXIT 77",Dunn,NC,35.294143,-78.637546,3.699
5227,PILOT TRAVEL CENTERS #900,"I-95, EXIT 75",Dunn,NC,35.342817,-78.595998,3.709
64153,SPEEDWAY #6972,US-70,Durham,NC,36.020935,-78.860063,3.799
65983,SPEEDWAY #6967,"US-17, EXIT 227 & SR-32",Edenton,NC,36.099861,-76.635301,3.287
68361,DUCK THRU FOOD STORE #34,US-158 & US-17,Elizabeth City,NC,36.255238,-76.242128,3.499
67242,SPEEDWAY #6940,"I-77, EXIT 85 & SR-268",Elkin,NC,36.254779,-80.868453,2.859
68311,SUN DO KWIK SHOP,SR-242,Evergreen,NC,34.385251,-78.897514,3.159
69041,SPEEDWAY #7960,US-258/US-13,Farmville,NC,35.559983,-77.543299,2.899
73056,CIRCLE K #2723033,"I-295, EXIT 21A & I-95",Fayetteville,NC,35.092396,-78.880339,3.279
70967,QUARLES #4823,I-95,Fayetteville,NC,35.035515,-78.859633,3.799
67096,SPEEDWAY #6997,I-95/US-301,Fayetteville,NC,35.072354,-78.86927,3.3957
73090,Quiktrip #1148,I-26 EXIT 53,Flat Rock,NC,35.29085,-82.366051,2.849
71601,Circle K #2723479,"I-40, EXIT 306B & US-70",Garner,NC,35.674446,-78.627119,3.369
70954,QUARLES #4811,SR-50/US-70,Garner,NC,35.713896,-78.572681,3.599
71973,SHEETZ #703,I-40 & US-70,Garner,NC,35.658005,-78.613266,2.859
61205,SPEEDWAY #6961,"I-40, EXIT 303",Garner,NC,35.645625,-78.569161,2.9207
67248,SPEEDWAY #6962,"I-40, EXIT 303",Garner,NC,35.675933,-78.594304,2.9207
64156,SPEEDWAY #6985,"I-40, EXIT 312 & SR-42",Garner,NC,35.687292,-78.581965,3.499
72908,QUIKTRIP #1042,"I-85, EXIT 17B & US-321",Gastonia,NC,35.21352,-81.237516,3.264
71136,CIRCLE K #2706788,"I-795, EXIT 22 & US-70, EXIT 356",Goldsboro,NC,35.368865,-78.110811,3.3923
65241,CIRCLE K #2723474,US-70,Goldsboro,NC,35.346494,-78.113671,3.5407
69319,SPEEDWAY #8190,US-117/13 BYP S,Goldsboro,NC,35.40287,-78.095041,3.599
72073,CIRCLE K #2723791,I-85 & SR-54,Graham,NC,36.066383,-79.403356,3.609
69300,SPEEDWAY #8262,SR-306 & SR-55,Grantsboro,NC,35.041418,-76.850267,3.4407
71619,7-ELEVEN # 41365,"I-840/I-785, EXIT 18 & US-70",Greensboro,NC,36.107118,-79.757689,3.199
67835,CIRCLE K #2723782,"I-40, EXIT 38 & US-421",Greensboro,NC,36.068732,-79.751057,3.0823
70948,QUARLES #4804,I-40 EXIT 211,Greensboro,NC,36.033253,-79.791742,3.649
70969,QUARLES #4824,I-40 EXIT 210,Greensboro,NC,36.049695,-79.764776,3.699
61210,SHEETZ #548,US-29,Greensboro,NC,36.040689,-79.792176,2.859
71836,DUCK THRU FOOD STORE #59,US 13 EXIT 119,Greenville,NC,35.575604,-77.354422,3.499
71981,SHEETZ #488,US-13 & US-264,Greenville,NC,35.599593,-77.402167,2.899
67727,SPEEDWAY #7907,US-264 & SR-33,Greenville,NC,35.550903,-77.379358,2.944
67726,SPEEDWAY #7909,"US-264, EXIT 73",Greenville,NC,35.565208,-77.377803,3.1323
66529,7-ELEVEN #36076,"I-77, EXIT 73 & US-421",Hamptonville,NC,36.160224,-80.803525,2.899
68606,SAMS MART #95,SR-49,Harrisburg,NC,35.347334,-80.663074,3.799
6628,FLYING J TRAVEL PLAZA #682,"I-85, EXIT 150",Haw River,NC,36.118793,-79.392378,3.9423
63498,PILOT #6955,I-40/I-85 EXIT 150,Haw River,NC,36.128587,-79.326561,3.959
66720,MOUNTAIN ENERGY #126,"I-26, EXIT 13",Hendersonville,NC,35.354826,-82.486028,2.8457
73112,SHEETZ #831,I-26 EXIT 44 & US 25,Hendersonville,NC,35.34436,-82.53812,2.859
68900,DUCK THRU #41,US-17/SR-37,Hertford,NC,36.21285,-76.473795,3.599
72444,SHEETZ #597,I-40 Exit 126,Hickory,NC,35.774109,-81.298526,2.859
66272,MOOSETRACKS #752,"I-85, EXIT 113",High Point,NC,35.944384,-79.971951,3.114
70973,QUARLES #4826,US HWY 29/70,High Point,NC,35.966738,-79.965806,3.6657
68929,SPEEDWAY #6953,"I-74/US-311, EXIT 65",High Point,NC,35.946269,-79.966109,3.529
66564,SPEEDWAY #6954,US-70,High Point,NC,35.917465,-79.969167,3.049
70784,CIRCLE K #2723046,"I-95, EXIT 41 & SR-59/CR2252",Hope Mills,NC,34.939293,-78.919502,2.909
72519,CIRCLE K #2723050,SR-59,Hope Mills,NC,34.919437,-78.959111,2.909
72975,SHEETZ #804,"I-95, Exit 41",Hope Mills,NC,34.954544,-78.942945,2.859
67246,SPEEDWAY #7941,US-17 & SR-24,Jacksonville,NC,34.761152,-77.450677,3.3257
67643,QUALITY MART #62,I-77 EXIT 82,Jonesville,NC,36.260014,-80.801757,2.859
3475,PILOT TRAVEL CENTERS #56,"I-85, EXIT 63",Kannapolis,NC,35.482008,-80.608276,3.499
69955,QUIKTRIP #1044,"I-85, EXIT 63 & SR-2180",Kannapolis,NC,35.526639,-80.627637,3.154
20000,BIG BOYS TRUCK STOP,"I-95, EXIT 105",Kenly,NC,35.633038,-78.143074,3.299
71161,CIRCLE K #2720931,"I-95, EXIT 107 & US-301",Kenly,NC,35.606439,-78.125645,3.149
66914,FLYING J TRAVEL PLAZA #683,"I-95, EXIT 106",Kenly,NC,35.588714,-78.101718,3.709
5183,PETRO STOPPING CENTER #74,I-95 & EXIT 106,Kenly,NC,35.645116,-78.122322,3.709
52441,PILOT #6990,"I-95, EXIT 106",Kenly,NC,35.60125,-78.152456,3.709
70950,QUARLES #4807,I-40 EXIT 203,Kernersville,NC,36.080681,-80.098688,3.199
70976,QUARLES #4827,I-40 EXIT 203,Kernersville,NC,36.102179,-80.101939,3.199
68875,SHEETZ #512,"I-40, EXIT 203 & SR-66",Kernersville,NC,36.095203,-80.071472,2.844
63734,CIRCLE K #2723472,US-70 & SR-58,Kinston,NC,35.246304,-77.576439,3.319
67097,SPEEDWAY #8298,SR-11/SR-55,Kinston,NC,35.252644,-77.546102,3.353
72190,Minuteman Food Mart #37,US-74,Leland,NC,34.240148,-78.062329,3.389
67771,DUCK THRU FOOD STORE #26,"I-95, EXIT 154 & SR-308 & SR-11/SR-42",Lewiston Woodville,NC,36.103205,-77.162694,3.399
73064,7-ELEVEN #42315,"I-85, Exit 88",Lexington,NC,35.860011,-80.295084,3.399
66670,SPEEDWAY #7930,"I-40, 1126 N MAIN ST",Lillington,NC,35.316387,-78.904936,3.759
5780,BILLS TRUCKSTOP,"I-85, EXIT 86",Linwood,NC,35.787359,-80.355435,3.449
65246,DOBBS PLACE,"I-95, EXIT 17",Lumberton,NC,34.60152,-78.970657,3.159
66229,LOVES TRAVEL STOP #308,"I-40, EXIT 86 & SR-226",Marion,NC,35.655426,-82.05387,3.739
64477,PILOT #1063,"I-40, EXIT 81",Marion,NC,35.712195,-82.014125,3.759
72278,SUN DO,I-74 Exit 197,Maxton,NC,34.742712,-79.290511,3.439
64655,ONE9 #7937,"I-85/I-40, EXIT 132",Mc Leansville,NC,36.092198,-79.637398,3.399
1304,LOVES TRAVEL STOP #667,"I-85, EXIT 152",Mebane,NC,36.136392,-79.269003,3.9473
63796,PETRO STOPPING CENTER #329,"I-40/I-85, EXIT 157",Mebane,NC,36.101448,-79.297992,3.999
52633,PILOT TRAVEL CENTERS #57,"I-40 & I-85, EXIT 152",Mebane,NC,36.113945,-79.236095,3.959
67101,SPEEDWAY #7974,US-601 & SR-24/SR-27,Midland,NC,35.247032,-80.563486,3.429
6663,TA of Mocksville,"I-40, EXIT 170 & US-601",Mocksville,NC,35.908004,-80.524022,3.699
64163,FILL GOOD BP #15,US-74,Monroe,NC,35.055084,-80.532147,3.399
65250,CIRCLE K #2723473,US-70,Morehead City,NC,34.758079,-76.766757,3.649
71060,CIRCLE K #2701537,"I-77, EXIT 100 & SR-89",Mount Airy,NC,36.46722,-80.618218,2.859
5529,FLYING J #549,"I-77, EXIT 100 & 101",Mount Airy,NC,36.471803,-80.595457,3.599
72706,Sheetz #790,I-77 EXIT 100,Mount Airy,NC,36.517613,-80.575999,2.859
65251,SPEEDWAY #8277,US-17 & SR-43,New Bern,NC,35.123779,-77.007659,3.2657
69245,SPEEDWAY #7946,SR-24,Newport,NC,34.792515,-76.894221,3.699
70028,LOVES TRAVEL STOP #697,"US-321, EXIT 37",Newton,NC,35.643293,-81.242732,3.689
65252,SPEEDWAY #6964,SR-125 & SR-11/SR-42,Oak City,NC,35.930786,-77.297092,3.1973
71630,CIRCLE K #2701524,"US-52, Exit 134 & SR-268",Pilot Mountain,NC,36.415415,-80.492839,3.429
72092,DUCK THRU FOOD STORE #57,SR-42/SR-43,Pinetops,NC,35.812082,-77.664849,3.574
52644,ONE9 #058,"I-95, EXIT 180 & SR-48",Pleasant Hill,NC,36.538555,-77.485698,3.399
67092,SPEEDWAY #8288,US-64 & SR-149,Plymouth,NC,35.855113,-76.759853,3.2073
72210,CITGO,US-70,Princeton,NC,35.433771,-78.199156,3.699
67091,SPEEDWAY #7903,SR-211,Raeford,NC,35.027094,-79.227284,3.699
72403,HAN DEE HUGOS #67,US-70,Raleigh,NC,35.808392,-78.62648,3.999
70952,QUARLES #4810,I-540 EXIT 4A,Raleigh,NC,35.734779,-78.623701,3.709
70965,QUARLES #4822,US-401,Raleigh,NC,35.763203,-78.612749,3.709
70977,QUARLES #4828,I-440 EXIT 13B,Raleigh,NC,35.747003,-78.635382,3.709
70978,QUARLES #4829,I-40 EXIT 298A,Raleigh,NC,35.767893,-78.635085,3.599
70979,QUARLES #4830,I-540 EXIT 3,Raleigh,NC,35.809971,-78.633983,3.719
70341,LOVES TRAVEL STOP #741,US-29,Reidsville,NC,36.353385,-79.683382,3.999
69064,DUCK THRU #7,US-258,Rich Square,NC,36.311606,-77.306928,3.699
68835,SPEEDWAY #7954,US-258/SR-24,Richlands,NC,34.87548,-77.62111,3.324
72956,Handee Hugos #1,SR-87,Riegelwood,NC,34.36287,-78.253498,3.4973
70984,QUARLES #4831,US-64 EXIT 470,Rocky Mount,NC,35.927822,-77.795677,3.409
67729,SPEEDWAY #6981,US-301 BYP,Rocky Mount,NC,35.94187,-77.729967,3.4323
68271,PHOENIX #308,ST 210,Rocky Point,NC,34.463358,-77.961539,3.619
67087,SPEEDWAY #8189,"I-40, EXIT 408 & SR-210 & US-117",Rocky Point,NC,34.397649,-77.937151,3.6057
72968,LOVES TRAVEL STOP #883,US-52 EXIT 120,Rural Hall,NC,36.23017,-80.320811,3.5773
64201,POCO SHOP #2,"I-95, EXIT 31",Saint Pauls,NC,34.767082,-78.938588,3.799
71517,7-ELEVEN #41905,I-85 & CR-2120,Salisbury,NC,35.612478,-80.503378,3.749
7198,LOVES TRAVEL STOP #507,"I-85, EXIT 71",Salisbury,NC,35.676258,-80.495361,3.5107
52107,PILOT #7983,"I-85,  EXIT 71",Salisbury,NC,35.629595,-80.474501,3.499
73131,Sheetz #838,"I-85, Exit 71",Salisbury,NC,35.613983,-80.472849,2.859
7196,SALUDA TRUCK PLAZA,"I-26, EXIT 28",Saluda,NC,35.220352,-82.295607,3.099
1315,CIRCLE K #2720218,US-421 BUS & US-15/US-501/US-1,Sanford,NC,35.504939,-79.202473,3.0823
70181,CIRCLE K #2723778,US-501 & SR-78/CR-1303,Sanford,NC,35.49836,-79.138329,3.049
67841,CIRCLE K #2723844,US-15/US-501/US-1,Sanford,NC,35.50123,-79.178329,3.049
69486,DUCK THRU FOOD STORE #42,SR-186 & SR-305,Seaboard,NC,36.517835,-77.436978,3.299
70963,QUARLES #4817,"US-70, EXIT 333",Selma,NC,35.562308,-78.258536,3.799
64528,Raceway #7007,SR-74 & SR-180,Shelby,NC,35.305032,-81.528521,3.249
69037,CIRCLE K #2723192,US-64 & US-421,Siler City,NC,35.755294,-79.457819,2.949
71769,DUCK THRU FOOD STORE #60,US HWY 64,Spring Hope,NC,35.915344,-78.118551,3.469
72902,CIRCLE K #2704593,SR-24 &  SR-690,Spring Lake,NC,35.154525,-79.016577,3.079
65868,7-ELEVEN #36073,"I-77, EXIT 54 & US-21",Statesville,NC,35.825429,-80.851213,2.879
71668,7-ELEVEN #41572,I-77 & US-70,Statesville,NC,35.83801,-80.896275,2.859
72114,Gas  House,"I-77, Exit 49B",Statesville,NC,35.866626,-80.920751,3.424
70220,LOVES TRAVEL STOP #497,"I-40, EXIT 154 & US-64",Statesville,NC,35.904815,-80.886896,3.689
69964,SHEETZ #621,"I-77 & US-70, Exit 49A",Statesville,NC,35.901709,-80.917293,2.849
72937,CIRCLE K #2723997,SR024,Stedman,NC,35.038309,-78.692926,3.399
67754,Refuel #185,US-220,Stokesdale,NC,36.222759,-79.957632,3.699
67820,CIRCLE K #2723487,US-17 & SR-211,Supply,NC,34.029918,-78.312293,3.289
67086,SPEEDWAY #7945,SR-24,Swansboro,NC,34.715478,-77.130429,3.699
72425,MINUTEMAN FOOD MART #18,SR-87,Tar Heel,NC,34.733678,-78.793255,4.619
20003,PILOT #7976,"I-77, EXIT 42",Troutman,NC,35.725817,-80.860149,3.659
61254,7-ELEVEN #36075,"I-77, EXIT 65 & SR-901",Union Grove,NC,36.029635,-80.891148,2.859
67728,SPEEDWAY #7905,SR-43 & SR-118,Vanceboro,NC,35.332864,-77.170588,3.3757
64170,LUCKY 7,"I-95, EXIT 61",Wade,NC,35.197499,-78.728192,2.999
68643,SHELL,"I-95, EXIT 58 & US-13",Wade,NC,35.145495,-78.694082,3.199
66763,SPEEDWAY #7998,US-52 & US-74,Wadesboro,NC,35.005604,-80.03433,3.6457
66250,SPEEDWAY #6973,US-1,Wake Forest,NC,36.016215,-78.566868,2.949
64171,CIRCLE K #2723130,"I-40, EXIT 364",Warsaw,NC,35.014858,-78.024054,2.8757
66176,PILOT #6996,"I-40, EXIT 364",Warsaw,NC,34.989367,-78.012497,3.4723
5667,PILOT TRAVEL CENTERS #393,"I-40, EXIT 24 & SR-209",Waynesville,NC,35.556082,-82.984316,3.759
67782,SAMS MART #45,"I-40, EXIT 24 & SR-209",Waynesville,NC,35.53575,-83.011432,3.599
68602,NEW DIXIE MART #19,"I-95, EXIT150",Whitakers,NC,36.062969,-77.681693,3.339
60416,MINUTEMAN FOOD MART #20,US-74 & US-76,Whiteville,NC,34.344675,-78.74217,3.4607
9712,TA GREENSBORO TRAVEL CENTER,"I-40 & I-85, EXIT 138 & SR-61",Whitsett,NC,36.033854,-79.595696,3.9973
69299,SPEEDWAY #7912,US-421/SR-16,Wilkesboro,NC,36.110751,-81.192581,3.134
67103,SPEEDWAY #8225,US-13/US-17 & US-64,Williamston,NC,35.816245,-77.089516,3.849
68524,Coastal Fuel,US-421,Wilmington,NC,34.224097,-77.920055,3.399
70956,QUARLES #4813,SR-133,Wilmington,NC,34.212976,-77.918361,3.779
70959,QUARLES #4814,US-117,Wilmington,NC,34.190269,-77.975963,3.799
70961,QUARLES #4815,"I-140, EXIT 14",Wilmington,NC,34.239938,-77.916019,3.799
1325,SCOTCHMAN #3303,US-421 & US-74,Wilmington,NC,34.263332,-77.970415,3.629
65267,CIRCLE K #2720939,"I-795/US-264, EXIT 43A & US-301",Wilson,NC,35.751008,-77.893693,3.049
63388,CIRCLE K #2723471,"I-95, EXIT 121",Wilson,NC,35.725635,-77.922033,3.199
66370,SPEEDWAY #6979,US-301,Wilson,NC,35.728231,-77.887507,3.129
1326,SPEEDWAY #7949,US-301/US-264 ALT & CR-1674,Wilson,NC,35.764003,-77.941463,3.199
72257,DUCK THRU #55,US-13BYP & SR-308,Windsor,NC,35.977832,-76.897924,3.239
72400,HAN DEE HUGOS #21,US-17 & SR-87,Winnabow,NC,34.167253,-78.056202,3.4123
72938,CIRCLE K #2723205,I-285 & CR-1642,Winston Salem,NC,36.113745,-80.231121,3.5207
70985,QUARLES #4832,I-40 EXIT 189,Winston Salem,NC,36.076784,-80.201522,3.5723
65268,SPEEDWAY #6931,"I-40, EXIT 195 & SR-109",Winston Salem,NC,36.08712,-80.206389,3.609
66416,DUCK THRU FOOD STORE #18,US-13,Winton,NC,36.347639,-76.932756,3.5623
70986,QUARLES #4833,US-1,Youngsville,NC,36.006992,-78.444876,3.699
69252,SPEEDWAY #6977,SR-96,Youngsville,NC,36.017829,-78.444288,2.9523
68957,TA EXPRESS #6259,US-85/SR-200,Alexander,ND,47.760259,-103.61756,3.5257
4742,FLYING J TRAVEL PLAZA #684,"I-94, EXIT 1 & SR-16",Beach,ND,46.966093,-103.955331,3.9657
65270,INTERSTATE CENEX,"I-94, EXIT 1 & SR-16",Beach,ND,46.934304,-104.01348,3.499
52585,SUPERPUMPER #22,"I-94, EXIT 42",Belfield,ND,46.783216,-103.12922,3.529
52344,STAMART 1224,"I-94, EXIT 166",Bismarck,ND,46.801535,-100.767555,3.6157
67698,FRONTIER TRAVEL CENTER,US-12 & US-85,Bowman,ND,46.209716,-103.394464,3.5323
72108,FARMERS UNION OIL OF CARPIO,US-52 & SR-28,Carpio,ND,48.466211,-101.72492,3.384
52603,CASEYS #3364,US-281 & SR-200,Carrington,ND,47.459365,-98.88284,3.439
67701,MARATHON,"I-94, EXIT 331",Casselton,ND,46.911694,-97.177728,3.3157
72025,CENEX,US-2,Devils Lake,ND,48.097685,-98.851575,3.2407
61266,CENEX CONVENIENCE STORE,US-2 & SR-19,Devils Lake,ND,48.14573,-98.864994,3.249
68741,COUNTY LINE TRUCK STOP,SR-22,Dickinson,ND,46.833131,-102.723648,3.5323
4301,TIGER DISCOUNT TRUCKSTOP,"I-94, EXIT 64 & I-94 BUS",Dickinson,ND,46.817773,-102.734983,3.5157
71481,Loves Travel Stop #843,"I-29, Exit 187",Drayton,ND,48.638053,-97.225659,3.5657
6462,ARCO #471770,US-281 & SR-5,Dunseith,ND,48.879692,-100.036973,3.499
2910,FLYING J TRAVEL PLAZA #685,"I-29 & I- 94, EXIT 349",Fargo,ND,46.945985,-96.827792,3.569
67357,LOVES TRAVEL STOP #353,"I-29, EXIT 62",Fargo,ND,46.948218,-96.818822,3.5257
6716,MARATHON,"I-29/US-81, EXIT 65 & I-94 BUS/US-10",Fargo,ND,46.932365,-96.816335,3.449
52477,PETRO FARGO #361,"I-94, EXIT 348",Fargo,ND,46.933484,-96.80388,3.499
6721,STAMART 1222,"I-29, EXIT 64",Fargo,ND,46.929706,-96.856419,3.3857
72028,CENEX,US-52 & SR-15,Fessenden,ND,47.614286,-99.620738,3.531
61269,FLYING J #489,"I-29, EXIT 138",Grand Forks,ND,47.886311,-97.027347,3.6157
65273,SIMONSON TRAVEL CENTER,"I-29, EXIT 141 & US-2",Grand Forks,ND,47.940655,-97.006538,3.539
6725,TA EXPRESS GRAND FORKS #948,"I-29, EXIT 141 & US-2",Grand Forks,ND,47.880722,-97.039953,3.539
69021,SWEET CRUDE TRAVEL CENTER,HWY 85 & SR 200,Grassy Butte,ND,47.423321,-103.293915,3.6407
73067,J STARR,I-29 EXIT 8,Hankinson,ND,46.051861,-96.895963,3.499
72031,CENEX HARWOOD,"I-29/US-81, EXIT 72",Harwood,ND,46.989586,-97.00168,3.359
7189,S and R Truck Plaza,"I-94, EXIT 260",Jamestown,ND,46.923555,-98.719631,3.5857
2963,SUPERPUMPER #26,"I-94, EXIT 258 & US-281",Jamestown,ND,46.92971,-98.766356,3.629
20006,CENEX C STORE,US-52,Kenmare,ND,48.697156,-102.060344,3.4673
71564,GRAB N GO,SR-200 & SR-22,Killdeer,ND,47.378466,-102.758057,3.549
72620,CENEX,US-2,Leeds,ND,48.29222,-99.459441,3.249
5606,FLYING J #511,"I-94, EXIT 147",Mandan,ND,46.809955,-100.937714,3.9523
72476,Mandan Cardlock (Bulk Plant),"I-94, EXIT 153",Mandan,ND,46.809756,-100.883793,3.599
6744,FLYING J #550,US-2/US-52,Minot,ND,48.214463,-101.310596,3.9357
6219,SCHATZ CROSSROADS,US-2 /US-52,Minot,ND,48.264429,-101.326164,3.549
68644,SUPERPUMPER #32,US-2,Minot,ND,48.25114,-101.326707,3.599
70233,RUDS,SR-31 & I-94 EXIT 127,New Salem,ND,46.835442,-101.392888,3.499
69480,VAN HOOK TRAVEL CENTER,US-23,New Town,ND,48.010291,-102.484948,3.5623
70445,CASEYS #3514,SR-1,Oakes,ND,46.133119,-98.1938,3.3823
478,GASTRAK OF PEMBINA,"I-29, EXIT 215",Pembina,ND,48.826754,-97.294116,3.299
72026,CENEX,"I-94, EXIT 84 & SR-8",Richardton,ND,46.875318,-102.310785,3.509
65274,CENEX C STORE,US-2 & SR-3,Rugby,ND,48.226112,-99.955258,3.399
72024,CENEX,US-2,Stanley,ND,48.31879,-102.418696,3.5823
69079,Circle K #2746432,SR-2,Stanley,ND,48.319164,-102.425246,3.549
2929,TA EXPRESS STEELE,"I-94, EXIT 200 & SR- 3",Steele,ND,46.873199,-99.957315,3.599
56,TOPS TRUCK STOP,"I-94, EXIT 182 & US-83",Sterling,ND,46.868066,-100.258549,3.5157
72029,CENEX,SR-40,Tioga,ND,48.351127,-102.926494,3.5757
7190,Tower Travel Center,"I-94, EXIT 307",Tower City,ND,46.891701,-97.671707,3.5157
71170,LOVES TRAVEL STOP #849,"I-94, EXIT 292 & CR-21",Valley City,ND,46.939793,-98.034034,3.969
61271,MARATHON,"I-94, EXIT 292",Valley City,ND,46.949115,-98.004294,3.499
71257,FARMERS UNION SOUTHERN VALLEY,US-75 & SR-210,Wahpeton,ND,46.264385,-96.625902,3.499
72948,CIRCLE K #2746514,SR-23,Watford City,ND,47.77651,-103.228561,3.599
65915,Marathon,"I-94/US-52, EXIT 346 & CR-17",West Fargo,ND,46.876232,-96.930511,3.029
62753,PETRO SERVE USA,US-10,West Fargo,ND,46.858911,-96.932813,3.029
69894,Circle K #2746446,US-2,Williston,ND,48.1985,-103.671575,4.0423
68663,LOVES TRAVEL STOP #474,US-85/US-2 & CR-6,Williston,ND,48.252514,-103.620304,3.519
68656,TA Express Williston,US-2 & US-85,Williston,ND,48.232615,-103.634736,3.4473
68062,FARMERS UNION OIL,US-83,Wilton,ND,47.135696,-100.804562,3.899
7264,TA GRAND ISLAND WEST TRAVEL CENTER,"I-80, EXIT 305",Alda,NE,40.864406,-98.496163,3.169
69800,MAVERIK COUNTRY STORE #502,US-385 & SR-2,Alliance,NE,42.098057,-102.889126,3.259
442,WESTERN COOP,US-385 & SR-2,Alliance,NE,42.080579,-102.877512,3.324
60420,PUMP & PANTRY #35,US-183,Alma,NE,40.157649,-99.322327,3.459
70746,CASEYS #3085,US-34 & SR-14,Aurora,NE,40.86239,-98.056689,3.099
66236,LOVES TRAVEL STOP #309,"I-80, EXIT 332 & SR-14",Aurora,NE,40.819401,-98.019652,3.289
63738,U STOP 33,US-77,Beatrice,NE,40.254954,-96.736766,3.399
69380,CASEYS #2967,SR-43 & SR-2,Bennet,NE,40.674233,-96.471881,3.229
20009,BIG SPRINGS TRUCK AND TRAVEL,"I-80, EXIT 107",Big Springs,NE,41.076634,-102.10525,3.074
7263,FLYING J #904,"I-80, EXIT 107",Big Springs,NE,41.092464,-102.107801,3.4823
72675,Maverik Country Store #715,I-80 EXIT 107,Big Springs,NE,41.076276,-102.06704,3.1007
68868,PUMP & PANTRY #14,SR-92/SR-2,Broken Bow,NE,41.42229,-99.641412,3.299
72329,TROTTERS,SR-2,Broken Bow,NE,41.45093,-99.615757,3.299
72360,PUMP & PANTRY #22,SR-91 & SR-11,Burwell,NE,41.837406,-99.12767,3.299
68869,PUMP & PANTRY #4,SR-2 & SR-11,Cairo,NE,40.997604,-98.623784,3.3273
70792,ANEW TRAVEL CENTER,US-6/34 & CR-410,Cambridge,NE,40.294293,-100.191317,3.364
66241,PUMP & PANTRY #29,US-30,Central City,NE,41.090224,-98.027731,3.3373
68073,BIG BATS 2,US-20,Chadron,NE,42.85842,-102.990052,3.699
63583,CUBBYS #110,"I-80, EXIT 353",Columbus,NE,41.450109,-97.364671,3.179
5579,SAPP BROS TRAVEL CENTER,US-30,Columbus,NE,41.413792,-97.40458,3.219
63582,T BONE TRUCK STOP,US-30,Columbus,NE,41.44607,-97.356589,3.099
67683,CASEYS #2734,"I-80, EXIT 222",Cozad,NE,40.876053,-99.961111,3.0323
72728,CASEYS #4304,FM 103 & Belten Dr,Crete,NE,40.638071,-96.995163,3.4573
72362,PUMP & PANTRY #18,US-281 & CR-11,Doniphan,NE,40.78751,-98.37342,3.3073
71146,CASEYS #2968,US-34,Eagle,NE,40.78785,-96.438903,3.239
68068,ELGIN ONE STOP,SR-14 & SR-70,Elgin,NE,41.94318,-98.091263,3.1373
72740,Caseys #4303,"I-80, EXIT 257 & US-183",Elm Creek,NE,40.711434,-99.339731,3.0323
6093,ONE9 #901,"I-80 & US-183, EXIT 257",Elm Creek,NE,40.699809,-99.396722,2.9657
6097,SAPP BROS TRAVEL CENTER,"I-80, EXIT 263",Elm Creek,NE,40.692203,-99.368478,3.1873
68671,CASEYS #2969,US-81 & RD F,Fairmont,NE,40.61643,-97.55462,3.2823
71787,PUMP & PANTRY #55,US-159 & US-73,Falls City,NE,40.076129,-95.61483,3.239
69701,PUMP & PANTRY #48,US-30 & SR-25,Fremont,NE,41.461573,-96.514962,3.319
6693,SAPP BROS TRAVEL CENTER,US-77,Fremont,NE,41.415455,-96.46153,3.3457
72551,Good 2 Go,US-81,Geneva,NE,40.51389,-97.57412,3.3657
71662,PUMP & PANTRY #33,SR-22/39,Genoa,NE,41.452344,-97.766247,3.289
70782,CASEYS #3465,"I-80, EXIT 285 & US-30",Gibbon,NE,40.765468,-98.845777,3.049
71228,SHELL,"I-80, EXIT 279 & SR-10",Gibbon,NE,40.705579,-98.82788,3.299
62768,PUMP & PANTRY #34,US-20 & SR-27,Gordon,NE,42.81137,-102.244886,3.449
151,CUBBYS #2101,"I-80, EXIT 211 & SR-47",Gothenburg,NE,40.929614,-100.177939,3.1323
65914,CASEYS #2732,US-30 & US-284/SR-2,Grand Island,NE,40.897304,-98.358968,3.149
72901,FATDOGS GRAND ISLAND TRAVEL CENTER,I-80 & HWY 281,Grand Island,NE,40.882773,-98.360221,2.979
7269,GRAND ISLAND TRAVEL CENTER,"I-80, EXIT 312 & US-281/US-34",Grand Island,NE,40.946362,-98.307921,3.2657
72363,PUMP & PANTRY #1,US-30,Grand Island,NE,40.957688,-98.322879,3.3073
1333,PUMP & PANTRY #15,US-30,Grand Island,NE,40.890572,-98.346335,3.3073
68067,PUMP & PANTRY #2,US-30 & US-281,Grand Island,NE,40.885719,-98.329023,3.3073
64172,CUBBYS #108,"I-80, EXIT 420 & SR-63",Greenwood,NE,40.932788,-96.456499,3.399
71887,SHELL,I-80 & SR-63,Greenwood,NE,40.983353,-96.410776,3.399
20012,FLYING J TRAVEL PLAZA #686,"I-80, EXIT 432",Gretna,NE,41.107779,-96.274661,3.2823
69840,KUM & GO #0370,"I-80, EXIT 439 & SR-370",Gretna,NE,41.167179,-96.277739,2.9207
6811,PUMP & PANTRY #24,US-6/CR-74,Hastings,NE,40.604831,-98.403391,3.399
65282,HEBRON SINCLAIR,US-81,Hebron,NE,40.206169,-97.6198,3.284
52548,Henderson Fuel Mart,"I-80, EXIT 342",Henderson,NE,40.808274,-97.811677,2.899
7265,Fast Stop Travel Centers #1151,"I-80, EXIT 164 & CR-56C",Hershey,NE,41.200317,-101.018847,3.499
66242,PUMP & PANTRY #23,"US-34, EXIT 4TH AVE",Holdrege,NE,40.454842,-99.395109,3.449
68915,PUMP & PANTRY #53,US-20,Jackson,NE,42.470701,-96.577388,3.4123
65283,CUBBYS #2107,US-20/SR-15,Laurel,NE,42.431587,-97.051512,3.139
65284,Caseys #4526,"I-80, EXIT 237",Lexington,NE,40.754471,-99.766092,3.0573
72599,FATDOGS LEXINGTON,US-283,Lexington,NE,40.794284,-99.755526,2.979
6845,NEBRASKALAND TIRE SHOP,"I-80, EXIT 237 & US-283",Lexington,NE,40.800694,-99.780518,2.999
70314,CASEYS #2721,US-34,Lincoln,NE,40.847788,-96.792731,3.3365
72909,FAT DOGS LINCOLN TC,"I-80, EXIT 399",Lincoln,NE,40.847176,-96.806596,3.099
64173,SAPP BROS TRAVEL CENTER,"I-80, EXIT 405",Lincoln,NE,40.830504,-96.812407,3.3657
67391,SHOEMAKERS SHELL TRAVEL CENTER,I-80 EXIT 395 AT MILE 395,Lincoln,NE,40.882491,-96.792959,3.349
72615,U STOP #4,US-6,Lincoln,NE,40.854546,-96.861425,3.399
72974,USTOP 34,US-77,Lincoln,NE,40.873369,-96.810987,3.499
70265,Speedee Mart # 2875,I-80 & CR-238,Milford,NE,40.748521,-97.085559,3.4323
20011,CUBBYS #111,US-81,Norfolk,NE,42.04976,-97.412278,3.209
69875,LOVES TRAVEL STOP #680,US-81,Norfolk,NE,42.065445,-97.38489,3.3157
6859,PRIME STOP,US-81,Norfolk,NE,42.035383,-97.411864,3.229
71103,FAT DOGS NORTH PLATTE SOUTH,"I-80, EXIT 177 & US-83",North Platte,NE,41.118086,-100.800327,3.074
63391,FLYING J TRAVEL PLAZA #687,"I-80, EXIT 179",North Platte,NE,41.166293,-100.800424,3.449
67284,LOVES TRAVEL STOP #390,"I-80, EXIT 179",North Platte,NE,41.118092,-100.748183,3.4557
72361,PUMP & PANTRY #39,I-80 Exit 179 & SR-56G,North Platte,NE,41.147161,-100.809367,3.1157
69085,FATDOGS OGALLALA,"US-80, EXIT 126 & US-26/SR-61",Ogallala,NE,41.132464,-101.735536,3.014
323,SAPP BROS TRAVEL CENTER,"I-80, EXIT 126",Ogallala,NE,41.089058,-101.676372,3.4657
7267,TA OGALLALA TRAVEL CENTER,"I-80, EXIT 126",Ogallala,NE,41.125382,-101.682753,3.4657
71200,LOVES TRAVEL STOP #730,"I-80, EXIT 440 & SR-50",Omaha,NE,41.291578,-95.916453,3.2807
70467,QUIKTRIP #598,"I-80, EXIT 439, SR-370",Omaha,NE,41.292043,-95.97467,2.9273
7268,SAPP BROS TRAVEL CENTER,"I-80, EXIT 440 & SR-50, EXIT 440",Omaha,NE,41.242659,-95.921194,3.2807
67792,CUBBYS #113,US-20/US-275,Oneill,NE,42.474558,-98.631696,3.2257
67734,TROTTER TRUCK PLAZA,ST 11,Ord,NE,41.590046,-98.921281,3.299
65287,AM ENERGY,"I-80, EXIT 248",Overton,NE,40.782271,-99.509634,2.899
70016,CASEYS #2743,SR-43/SR-2 & SR-66A,Palmyra,NE,40.711227,-96.363133,3.199
70271,CASEYS #1160,US-20,Plainview,NE,42.316757,-97.782654,3.229
65289,SHOEMAKERS SOUTH,US-77,Roca,NE,40.691435,-96.608689,3.349
67323,PUMP & PANTRY #13,US-281/SR-92,Saint Paul,NE,41.242958,-98.409365,3.3073
70668,LOVES TRAVEL STOP #784,US-30 & CR-9,Schuyler,NE,41.473766,-97.086839,3.2823
65290,ESSENTIAL FUEL #3,ST 71,Scottsbluff,NE,41.865123,-103.669,3.599
70870,ESSENTIAL FUELS,US-26,Scottsbluff,NE,41.858474,-103.683978,3.599
70760,CASEYS #2730,US-34 & SR-15,Seward,NE,40.918211,-97.106478,3.369
69611,CUBBYS #2104,CR-131,Shelby,NE,41.172534,-97.431273,3.399
69710,LOVES TRAVEL STOP #625,"I-80, EXIT 59 & SR-17J",Sidney,NE,41.222381,-103.017895,3.4723
71983,MAVERIK COUNTRY STORE #702,I-80 Exit 59,Sidney,NE,41.196951,-103.00546,3.1123
599,Sapp Bros Travel Center,"I-80, EXIT 59 & SR-17J",Sidney,NE,41.257997,-102.989566,3.5007
6037,CRYSTAL OIL,"I-129/US-20/US-75,  EXIT 2",South Sioux City,NE,42.464896,-96.448389,3.549
69715,CASEYS #2712,SR-8/SR-14,Superior,NE,40.021363,-98.108841,3.3623
65292,CUBBYS #117,SR-2 & SR-50,Syracuse,NE,40.65684,-96.147699,3.319
69886,LOVES TRAVEL STOP #676,SR-50,Syracuse,NE,40.676176,-96.15278,3.444
73017,U Stop #36,US 136 & SR 50,Tecumseh,NE,40.408363,-96.171835,3.399
65293,TRAILS WEST SINCLAIR,US-34 & SR-25,Trenton,NE,40.19963,-100.98544,3.499
6897,Speedee Mart #2890,US-20 & US-83,Valentine,NE,42.836472,-100.623304,3.329
69615,LOVES TRAVEL STOP #631,US-275/SR-64,Valley,NE,41.358229,-96.330556,3.3457
68368,AKAL TRAVEL CENTER,I-80 EX 360,Waco,NE,40.916017,-97.473726,2.799
71388,CASEYS #3850,US HWY 77,Wahoo,NE,41.237704,-96.621778,3.174
65294,PRIME STOP,ST 35,Wayne,NE,42.212304,-96.996271,3.244
67732,Quik Pik,US-275 & SR-9,West Point,NE,41.843115,-96.726755,3.2157
6901,PRIME STOP,US-275,Wisner,NE,41.973956,-96.879887,3.259
9160,PILOT TRAVEL CENTERS #912,"I-80, EXIT 300 & SR-40D",Wood River,NE,40.779158,-98.622127,3.2823
9747,GOOD TO GO TRAVEL CENTER,"I-80, EXIT 353 & US-81",York,NE,40.828665,-97.614136,3.3173
52634,PETRO STOPPING CENTER #362,"I-80, EXIT 353",York,NE,40.871789,-97.577451,3.299
7722,SAPP BROS TRAVEL CENTER,"I-80, EXIT 353 & US-81",York,NE,40.901991,-97.587952,3.324
68091,ALLTOWN MARKETS,"SR-101, EXIT 2",Auburn,NH,43.006295,-71.327752,3.799
70648,BARRINGTON APPLEGREEN,SR-125 & SR-9,Barrington,NH,43.165976,-71.055059,3.899
63680,ALLTOWN MARKETS-FLYING J #896,I-93 EXIT 11 & SR 3A,Bow,NH,43.104607,-71.510556,4.099
65296,CIRCLE K #4707214,"I-93, EXIT 12S & I-89 & SR-3A",Bow,NH,43.107342,-71.57002,4.199
67437,CANDIA FIRST STOP,"SR-101, EXIT 3",Candia,NH,43.098117,-71.322263,3.899
69524,CONCORD XTRAMART,"I-93, EXIT 17 & US-4",Concord,NH,43.252579,-71.560016,3.659
20014,SIMONS EXIT 16,"I-89, EXIT 16",Enfield,NH,43.60213,-72.150445,3.499
66249,CIRCLE K #4707206,SR-125,Epping,NH,43.007852,-71.104794,3.7673
65299,EPPING FUELING CENTER,SR-27 & SR-125,Epping,NH,43.062096,-71.067441,4.029
66255,CIRCLE K #4707217,US-2 & SR-16,Gorham,NH,44.426429,-71.175764,3.7507
3330,TA # 211 GREENLAND TRAVEL CENTER,"I-95, EXIT 3A & US-101",Greenland,NH,43.003175,-70.8368,3.759
70189,HUDSON IRVING 24,SR-3A,Hudson,NH,42.778649,-71.400591,3.799
602,JIFFY MART EXIT 18 TRUCK STOP,"I-89/SR-120, EXIT 18 & SR-120",Lebanon,NH,43.645676,-72.231962,3.599
66607,7-ELEVEN #37392,"I-93, EXIT 5",Londonderry,NH,42.880977,-71.412428,3.799
64167,NORTH LONDONDERRY SUNOCO,"I-93, EXIT 5",Londonderry,NH,42.887197,-71.356602,3.939
60426,BONS BONS MOBIL,US-3,Merrimack,NH,42.891377,-71.542705,3.699
66258,CIRCLE K #4707208,"I-93, EXIT 23",New Hampton,NH,43.595269,-71.624751,3.659
62774,MR MIKES MINI MART,SR-9,Northwood,NH,43.174272,-71.192064,3.599
6915,FLITE LINE SUNOCO,"I-95, EXIT 3",Portsmouth,NH,43.058593,-70.793528,3.6957
66905,CIRCLE K #4707212,SR-27,Raymond,NH,43.023042,-71.186891,3.759
70876,JIFFY MART,SR-123/SR-12,Walpole,NH,43.082528,-72.387244,3.6857
66902,CIRCLE K #4707239,SR-103,Warner,NH,43.274454,-71.860419,3.9323
61291,FLEMING OIL FOOD MART,ST 9,West Chesterfield,NH,42.906083,-72.535554,3.899
69318,FUEL ONE,US-9 & SR-35,Avenel,NJ,40.621552,-74.257591,3.3723
60248,METRO,"I-95, EXIT 12",Avenel,NJ,40.61378,-74.305932,3.299
9403,PILOT TRAVEL CENTERS #280,"I-78, EXIT 7 & SR-173",Bloomsbury,NJ,40.651078,-75.09295,3.809
7234,TA BLOOMSBURY TRAVEL CENTER,"I-78/US-22, EXIT 7 & SR-173",Bloomsbury,NJ,40.621383,-75.11256,3.7907
1340,BORDENTOWN VALERO,"NJ TNPK, EXIT 7 & US-206",Bordentown,NJ,40.161384,-74.718106,3.499
52679,LOVES TRAVEL STOP #404,"I-295, EXIT 56 & I-95, EXIT 7",Bordentown,NJ,40.180315,-74.740609,3.979
4881,PETRO STOPPING CENTER #14,"I-295, EXIT 56",Bordentown,NJ,40.168303,-74.724298,4.029
71971,BOUND BROOK BP,I-287 Exit 13B & SR-28,Bound Brook,NJ,40.604473,-74.553503,3.249
69954,Exxon,"I-80, EXIT 27A & US-46",Budd Lake,NJ,40.875242,-74.724459,3.119
68114,BP,US-130,Burlington,NJ,40.075059,-74.843884,3.1457
52461,FLORENCE VALERO,US-130,Burlington,NJ,40.065208,-74.862815,3.1357
61308,CARLSTADT VALERO,SR-120,Carlstadt,NJ,40.807343,-74.083342,3.199
68102,SUNOCO,ST 17,Carlstadt,NJ,40.808139,-74.075569,3.1623
67428,CONOCO,"I-95, EXIT 12",Carteret,NJ,40.577113,-74.197701,3.499
72424,MIDDLESEX FOOD STORE,CR-604,Carteret,NJ,40.621151,-74.220659,3.5157
61301,SUNOCO- WALT WHITMAN PLAZA #7007,"NJTP,MILE POST 30",Cherry Hill,NJ,39.912682,-74.996605,3.899
65319,PHILLIPS 66,US-30,Clementon,NJ,39.803786,-74.997423,3.199
65863,VALERO,SR-31,Clinton,NJ,40.659166,-74.912051,3.359
35,ACI TRUCK STOP,US-46,Columbia,NJ,40.932554,-75.092616,3.079
52669,COLUMBIA TRUCK STOP,US-46,Columbia,NJ,40.945916,-75.080972,3.079
72195,MOBIL,US-46,Columbia,NJ,40.951634,-75.071094,3.079
7237,TA COLUMBIA TRAVEL CENTER,"I-80, EXIT 4 & SR-94",Columbia,NJ,40.903677,-75.019118,4.099
61304,A Plus MOLLY PITCHER PLAZA #7011,MILE POST 71.7 NJ TURNPIKE SO,Cranbury,NJ,40.277388,-74.485341,3.909
61305,BP,US-130,Cranbury,NJ,40.303066,-74.485414,3.1457
67918,DELAWARE TRUCK STOP,"I-80, EXIT 4C/US-46",Delaware,NJ,40.856258,-75.096167,3.079
64181,SUNOCO- JOYCE KILMER PLAZA #7012,"NJTP,EXIT 8A",East Brunswick,NJ,40.467936,-74.392247,3.899
65308,SUNOCO,SR-17,East Rutherford,NJ,40.819849,-74.098737,3.1923
65310,Edison Fuel Stop,US-1,Edison,NJ,40.495573,-74.418725,3.159
66131,SPEEDWAY #3446,"I-95, EXIT 10 & SR-440",Edison,NJ,40.487842,-74.43156,3.5857
52322,BOLLA MARKET,"I-95, EXIT 13",Elizabeth,NJ,40.660933,-74.189665,3.099
67706,SPEEDWAY #3495,US-1/9,Elizabeth,NJ,40.635595,-74.192808,3.599
68574,SPRING STREET SERVICE STATION,US-1/US-9,Elizabeth,NJ,40.667053,-74.220182,3.099
60250,ELIZABETH TRUCK STOP,"I-95, EXIT 13A & SR-81",Elizabethport,NJ,40.618201,-74.210656,3.399
1342,Delta,"I-80, EXIT 47B",Fairfield,NJ,40.890697,-74.295086,3.2023
61312,BLUE STAR,US-202 & SR-31,Flemington,NJ,40.528679,-74.853029,3.399
73015,76,US 40,Franklinville,NJ,39.585206,-75.069553,3.169
66532,PETRO PLAZA,"I-78, EXIT 17",Hampton,NJ,40.637766,-74.983349,3.2657
7240,Pilot Travel Centers #190,"I-78, EXIT 12 & US-22",Hampton,NJ,40.687479,-74.968024,3.809
72163,KWIK FILL,US-206,Hillsborough,NJ,40.486549,-74.590458,3.399
66113,7-ELEVEN #39467,"I-95, EXIT 16E",Jersey City,NJ,40.722338,-74.071589,3.259
72087,DELTA,US-9,Jersey City,NJ,40.695538,-74.043019,3.239
66622,DUNCAN TRUCK STOP,"I-95, EXIT 15",Jersey City,NJ,40.761358,-74.076363,3.409
61292,ENRITE,"I-95, EXIT 14A",Jersey City,NJ,40.74356,-74.115123,3.349
72533,Fuel 4,US-9,Jersey City,NJ,40.763356,-74.081673,3.239
66099,NEW JERSEY TRUCK STOP DIESEL ONLY,"I-95, EXIT 15E & US-9/US-1",Kearny,NJ,40.750028,-74.141478,3.759
5285,TULLO TRUCK STOP,"I-95, EXIT 15E & US-1/US-9",Kearny,NJ,40.754838,-74.17412,3.799
70567,LEDGEWOOD BP,I-80/SR-46,Ledgewood,NJ,40.871807,-74.67188,3.299
65320,PILOT #891,"I-80, EXIT 27B",Ledgewood,NJ,40.894962,-74.665483,4.099
67774,7-ELEVEN #39329,I-278/US-1,Linden,NJ,40.610375,-74.280793,3.3757
60434,ENRITE,US-9,Linden,NJ,40.62927,-74.216538,3.3423
67707,SPEEDWAY #3503,"I-95, EXIT 13 & I-278/US-1/US-9",Linden,NJ,40.621254,-74.291157,3.429
5006,SUNOCO,US-1/US-9,Linden,NJ,40.635965,-74.258583,3.799
9973,BOLLA MARKET,"I-287, EXIT 66",Mahwah,NJ,41.101886,-74.161402,3.5323
6954,BOLLA MARKET #198,SR-17MAHWA,Mahwah,NJ,41.11228,-74.212037,3.5857
1344,BOLLA TRUCK STOP #193,US-202 & SR-17,Mahwah,NJ,41.072516,-74.179973,3.5323
67085,PILOT TRAVEL CENTERS #210,"I-287, EXIT 66 & SR-17",Mahwah,NJ,41.052573,-74.165118,3.899
66741,DEANS LANE VALERO,I-295,Monmouth Junction,NJ,40.422032,-74.54939,3.1457
67429,7-ELEVEN #40396,"NJTP, EXIT 8A",Monroe Township,NJ,40.315497,-74.414611,3.559
6963,Atlantis Fresh Market #553,"I-84, EXIT 1",Montague,NJ,41.336383,-74.723861,3.509
60256,BOLLA MARKET,"I-84, EXIT 1",Montague,NJ,41.320063,-74.735602,3.519
67333,PILOT #880,"I-84, EXIT 1",Montague,NJ,41.281346,-74.784218,3.999
5935,WESTHAMPTON VALERO,I-295 EXIT 47A,Mount Holly,NJ,40.047002,-74.753768,3.329
61326,SUNOCO JAMES F COOPER PLAZA- #7008,MILEPOST 39 NJ TURNPIKE N,Mount Laurel,NJ,39.985026,-74.912935,3.959
70087,PILOT EXPRESS  #1098,"I-95, EXIT 14",Newark,NJ,40.706111,-74.248151,3.999
52323,POWER,"I-78, EXIT 58 & SR-9/SR-1",Newark,NJ,40.757118,-74.188744,4.299
72224,RAYMOND TRUCK STOP,US-1/US-9,Newark,NJ,40.754024,-74.243031,3.259
65338,SWIFT FUEL STOP,"I-78, EXIT 13",Newark,NJ,40.775159,-74.204478,3.879
69969,USA GAS,SR-47,Newfield,NJ,39.574191,-75.040529,3.169
65328,THIND TRAVEL PLAZA,SR-20,North Bergen,NJ,40.82207,-74.026484,3.259
67705,CITGO,US-1,North Brunswick,NJ,40.459333,-74.505391,3.1857
69215,GASWAY,US-1,North Brunswick,NJ,40.486847,-74.46452,3.159
61328,KW RASTALL OIL,US-130,North Brunswick,NJ,40.416818,-74.506347,3.199
65345,SOUTH BRUNSWICK VALERO,US-130,North Brunswick,NJ,40.452995,-74.496308,3.1657
61333,46 GAS AND TRUCK STOP,US-46,Palisades Park,NJ,40.836048,-74.034274,3.2357
62790,7-ELEVEN #40084,US-46/US-1/US-9,Palisades Park,NJ,40.855725,-74.011032,3.099
67637,Power Gas & Truck Stop,US-1/US-9/US-46 & SR-5,Palisades Park,NJ,40.828834,-73.965245,3.219
3907,SUNOCO,US-46 & SR-93,Palisades Park,NJ,40.881878,-74.00187,3.279
1348,GLOBAL,SR-73,Palmyra,NJ,39.984078,-75.008997,3.359
7239,TA PAULSBORO TRAVELCENTER,"I-295, EXIT 18A",Paulsboro,NJ,39.861577,-75.191274,3.999
66742,DEEP WATER TRUCK STOP,"I-295, EXIT 2C",Penns Grove,NJ,39.736128,-75.472716,3.279
63625,FLYING J TRAVEL PLAZA #688,"I-295, DEEP WATER STREET",Penns Grove,NJ,39.732307,-75.423731,3.989
67910,G FUEL,US-40 & SR-140,Penns Grove,NJ,39.708246,-75.426927,3.399
2629,PILOT TRAVEL CENTERS #253,"I-295 & NJ TRNPK,  EXIT 2B",Penns Grove,NJ,39.715639,-75.453177,3.989
20019,SUNOCO,"I-295, EXIT 2C & SR-140",Penns Grove,NJ,39.664149,-75.461435,3.459
68972,SUNOCO CLARA BARTON PLAZA #7005,NJTP MM 5 SB,Penns Grove,NJ,39.66826,-75.446584,3.899
61337,SUNOCO- JOHN FENWICK PLAZA #7006,"NJTP, MM 5",Penns Grove,NJ,39.685177,-75.422842,3.909
65332,BETTY ROSS TRUCK STOP /BP,US-130 & SR-73,Pennsauken,NJ,39.934878,-75.039537,3.329
69088,SPEEDWAY #3478,US-9 & SR-184,Perth Amboy,NJ,40.49417,-74.272064,3.419
65335,CONOCO,US-22,Phillipsburg,NJ,40.700944,-75.131311,3.359
61339,FUEL ONE,"I-78, EXIT 3 & US-22",Phillipsburg,NJ,40.683146,-75.13656,3.359
65334,SUNOCO,US 22 WEST,Phillipsburg,NJ,40.669101,-75.169111,3.329
66070,TAURO,"SR-78, EXIT 3",Phillipsburg,NJ,40.673469,-75.182,3.3423
65314,Union 76,"I-55, EXIT 50A",Richwood,NJ,39.73559,-75.179359,3.399
72524,QuickChek #189,US-46,Ridgefield,NJ,40.811831,-73.976409,3.2523
64182,SUNOCO- VINCE LOMBARDI SERVICE AREA #7017,"NJ TURNPIKE, EXIT 18",Ridgefield,NJ,40.810994,-74.016242,3.899
65339,US GAS & DIESEL,US-46,Ridgefield,NJ,40.797891,-73.967332,3.229
66365,LIBERTY,US-202,Ringoes,NJ,40.480531,-74.815632,3.399
70225,Union 76 Pilot,US-130,Riverton,NJ,39.974006,-75.006814,3.999
68444,Sunoco,US-30,Roebling,NJ,40.120657,-74.762609,3.159
68520,SPEED GAS,SR-56,Rosenhayn,NJ,39.451359,-75.146436,3.459
61346,SUNOCO- ALEXANDER HAMILTON PLAZA #7016,NEW JERSEY TURNPIKE SOUTH MILEPOST 111.6,Secaucus,NJ,40.801135,-74.083494,3.899
62800,A ONE TRUCK STOP,US-9,South Amboy,NJ,40.464667,-74.297652,3.499
65343,ENRITE,"I-287, EXIT 4",South Plainfield,NJ,40.62275,-74.38533,3.999
64210,FUEL 1,"I-287, EXIT 4",South Plainfield,NJ,40.615445,-74.433174,4.799
672,CROWN POINT TRUCK STOP,"I-295/US-130,EXIT 22",Thorofare,NJ,39.876923,-75.214603,3.549
64206,SUNOCO WOODROW WILSON PLAZA #7010,"NJTP, EXIT 7",Trenton,NJ,40.278624,-74.723717,3.899
65315,SUNOCO- RICHARD STOCKTON PLAZA #7009,NJ TURNPIKE MILE POST 58.7,Trenton,NJ,40.295551,-74.713872,3.899
70415,GARDEN TRUCK STOP,SR-55 /EXIT 35,Vineland,NJ,39.518058,-75.021216,3.999
65350,Phillips 66,"I-295, EXIT 1",Vineland,NJ,39.478404,-75.029357,3.359
65351,RIGGINS TRUCK PLAZA,"I-55, EXIT 26",Vineland,NJ,39.474189,-75.045754,3.269
65353,SUNOCO- GROVER CLEVELAND TRAVEL PLAZA #7014,"NORTH NJ TNPK, EXIT 11",Woodbridge,NJ,40.574827,-74.29407,3.899
64183,SUNOCO- THOMAS EDISON PLAZA #7013,"NJTP, EXIT 11",Woodbridge,NJ,40.592436,-74.28318,3.899
71605,Allsups Convenience Store #2377,US-70 & US-54,Alamogordo,NM,32.870906,-105.987054,3.0623
61357,KENT KWIK #501,US-70 & US-54,Alamogordo,NM,32.908682,-105.960952,2.9823
72739,MAVERIK #712,US 70 & US 54,Alamogordo,NM,32.897391,-105.949394,3.0557
52553,FLYING J TRAVEL PLAZA #689,"I-40, EXIT 153",Albuquerque,NM,35.191951,-106.648624,3.549
2922,LOVES TRAVEL STOP #210,"I-40, EXIT 158",Albuquerque,NM,35.23865,-106.632187,3.5207
69560,LOVES TRAVEL STOP #614,"I-40, EXIT 149",Albuquerque,NM,35.205314,-106.676845,3.5207
70879,MAVERIK COUNTRY STORE #611,I-40 EXIT 154,Albuquerque,NM,35.215401,-106.67593,3.194
7228,MAVERIK COUNTRY STORE #638,"I-40, EXIT 159D & I-25/US-85, EXIT 227",Albuquerque,NM,35.218121,-106.659288,3.2073
71063,MAVERIK COUNTRY STORE #639,"I-40, EXIT 153",Albuquerque,NM,35.23159,-106.614688,3.1973
71264,MAVERIK COUNTRY STORE #649,I-25/US-85 EXIT 220 & SR-500,Albuquerque,NM,35.171649,-106.659085,3.2057
71536,PILOT TRAVEL CENTERS  #1106,"I-25/US-85, EXIT 215 & SR-47",Albuquerque,NM,35.195999,-106.680917,3.5657
66237,ROUTE 66 TRAVEL CENTER,"I-40, EXIT 140",Albuquerque,NM,35.227716,-106.662572,3.359
7231,TA ALBUQUERQUE TRAVEL CENTER,"I-25, EXIT 227 OR 225",Albuquerque,NM,35.171061,-106.631983,3.5873
65361,BLACK MESA TRAVEL CENTER,"I-25, EXIT 252",Algodones,NM,35.391018,-106.321637,3.269
71352,ALLSUPS CONVENIENCE STORE #2223,US-285 & SR-357,Artesia,NM,32.878232,-104.372247,3.399
68742,ARTESIA #401,SR-82 & SR-285,Artesia,NM,32.80008,-104.393204,3.439
67884,ROADRUNNER FUELS,US-550/SR-544,Aztec,NM,36.829905,-108.041345,3.7757
70190,LOVES TRAVEL STOP #726,I-25 EXIT 191,Belen,NM,34.670383,-106.715615,3.5223
69119,CIRCLE K #2741217,"I-24, EXIT 242 & US-550/SR-24",Bernalillo,NM,35.356624,-106.53233,3.5257
71471,ALLSUPS CONVENIENCE STORE #2269,SR-524 & CR-658,Carlsbad,NM,32.398552,-104.202707,3.249
71358,ALLSUPS CONVENIENCE STORE #2285,US-285 & US-62,Carlsbad,NM,32.392201,-104.205775,3.194
71716,Allsups #2404,US-62,Carlsbad,NM,32.419454,-104.218594,3.194
64211,PILOT #490/WESTERN PETROLEUM,US-180,Carlsbad,NM,32.447669,-104.224851,3.729
70695,ALLSUPS CONVENIENCE STORE #2132,US-54 & US-380,Carrizozo,NM,33.654846,-105.886133,3.2823
65989,DANCING EAGLE,"I-40, EXIT 108",Casa Blanca,NM,35.041092,-107.500994,3.359
63795,LOVES COUNTRY STORE #022,US-412,Clayton,NM,36.46819,-103.207735,3.414
71577,TOOT N TOTUM #130,US-87 & Dorsey Rd,Clayton,NM,36.435202,-103.227009,3.199
71995,Chevron,"I-40, EXIT 218 & US-285",Clines Corners,NM,35.033483,-105.680411,3.4157
7225,LOVES TRAVEL STOP #329,US-60,Clovis,NM,34.389982,-103.192302,4.089
70079,PILOT #1118,US-60,Clovis,NM,34.373469,-103.194786,4.079
69425,5R TRAVEL CENTER,"I-10, US HWY 180, EXIT 82A",Deming,NM,32.221961,-107.729205,3.049
72493,Chiricahua Apache Plaza,I-10 EXIT 102,Deming,NM,32.2367,-107.737827,3.0373
7230,DEMING TRUCK STOP,"I-10, EXIT 81",Deming,NM,32.217453,-107.762459,2.899
71121,HAT CREEK TRAVEL,"I-10/US-70, EXIT 82A & US-180",Deming,NM,32.237493,-107.728033,2.919
6840,PETRO DEMING,"I-10, EXIT 68",Deming,NM,32.230126,-107.770435,3.3857
73075,ALLSUPS CONVENIENCE STORE #2470,SR 18,Eunice,NM,32.445095,-103.121221,3.099
70405,LOVES TRAVEL STOP #760,SR-18 & SR-234,Eunice,NM,32.458536,-103.125273,3.329
72821,QUARLES #54231,CR-23 & CR-33,Eunice,NM,32.457098,-103.164772,3.699
7045,BUBBLE CITY TRUCK STOP,US-64,Farmington,NM,36.733633,-108.179498,3.7057
61364,HUNTINGTON BROADWAY CONOCO,US-64 BUS,Farmington,NM,36.711514,-108.189016,3.799
73057,CIRCLE K #2703586,US-550 & SR-516,Flora Vista,NM,36.788457,-108.071555,3.719
6218,LOVES TRAVEL STOP #215,"I-40, EXIT 16 & US-40 BUS/US-66",Gallup,NM,35.506706,-108.767909,3.4373
71370,MAVERIK COUNTRY STORE #645,"I-40, Exit 16",Gallup,NM,35.478755,-108.722504,3.159
66678,NKS ROYAL TRUCKSTOP,"I-40, EXIT 16",Gallup,NM,35.498929,-108.718211,3.119
72747,One9 #1358,"I-40,  EXIT 16",Gallup,NM,35.496371,-108.76908,3.2457
7229,TA GALLUP TRAVEL CENTER,"I-40, EXIT 16 & HWY 66",Gallup,NM,35.514333,-108.727597,3.4323
71560,CIRCLE K #2709675,"I-25, EXIT 41 & SR-543/SR-26",Hatch,NM,32.644271,-107.148121,3.799
71454,ALLSUPS CONVENIENCE STORE #2036,SR-18,Hobbs,NM,32.697093,-103.17546,3.399
71462,ALLSUPS CONVENIENCE STORE #2138,CR-61,Hobbs,NM,32.752395,-103.116146,3.3823
71348,ALLSUPS CONVENIENCE STORE #2142,US-62/US-180,Hobbs,NM,32.710054,-103.175176,3.3823
70485,ALLSUPS CONVENIENCE STORE #2145,SR-132,Hobbs,NM,32.737208,-103.142345,3.3823
71463,ALLSUPS CONVENIENCE STORE #2146,SR-18,Hobbs,NM,32.754269,-103.136643,3.2123
69133,PILOT TRAVEL CENTERS #557,US-180 & US-62,Hobbs,NM,32.731781,-103.172406,3.729
72831,QUARLES #54262,CR-64,Hobbs,NM,32.705346,-103.158388,3.699
72839,QUARLES #54293,CR-64,Hobbs,NM,32.732637,-103.122475,3.699
66773,STRIPES 7FLEET #42475,US-62,Hobbs,NM,32.704275,-103.121433,3.459
71332,ALLSUPS CONVENIENCE STORE #2308,SR-128 & SR-18,Jal,NM,32.084519,-103.226515,3.129
70309,PILOT #1165,SR-18 & SR-128,Jal,NM,32.145922,-103.206665,3.3657
1596,FLYING J #305,"I-40, EXIT 39",Jamestown,NM,35.498442,-108.176318,3.4423
20024,LOVES TRAVEL STOP #259,"I-10 & AIRPORT RD, EXIT 132",Las Cruces,NM,32.272587,-106.750799,3.214
1632,PILOT TRAVEL CENTERS #266,"I-10, EXIT 139 & SR-292",Las Cruces,NM,32.306614,-106.788762,3.1907
7226,TA LAS CRUCES TRAVEL CENTER,"I-10, EXIT 139",Las Cruces,NM,32.254616,-106.753588,3.1407
70236,LOVES TRAVEL STOP #733,"I-25, EXIT 347",Las Vegas,NM,35.609594,-105.245612,3.489
73043,MAVERIK #740,"I-25, EXIT 347",Las Vegas,NM,35.631955,-105.252154,3.1623
64187,SPEEDWAY #9117,"I-25, EXIT 339",Las Vegas,NM,35.555678,-105.200626,3.1857
65359,ROAD RUNNER TRAVEL CENTER,"I-25, EXIT 156",Lemitar,NM,34.141032,-106.89548,3.299
70698,ALLSUPS CONVENIENCE STORE #2038,US-54,Logan,NM,35.360335,-103.477824,3.199
63613,FLYING J TRAVEL PLAZA #690,"I-10/US-70, EXIT 24",Lordsburg,NM,32.31844,-108.68327,3.439
52659,LOVES TRAVEL STOP #276,"I-10, EXIT 20",Lordsburg,NM,32.351895,-108.699653,3.4573
63597,PILOT TRAVEL CENTERS #163,"I-10, EXIT 24",Lordsburg,NM,32.296401,-108.736555,3.439
71450,MAVERIK COUNTRY STORE #664,I-25 EXIT 203,Los Lunas,NM,34.767377,-106.699669,3.2023
70446,ALLSUPS CONVENIENCE STORE #2220,US-285,Loving,NM,32.278931,-104.100553,3.599
72837,QUARLES #54284,US-285,Loving,NM,32.258641,-104.118712,3.799
70484,ALLSUPS CONVENIENCE STORE #2117,SR-18 & CR-97,Lovington,NM,32.919611,-103.362971,3.104
73042,MAVERIK #728,Hwy 483,Lovington,NM,32.932583,-103.335101,3.094
71353,ALLSUPS CONVENIENCE STORE #2246,US-84 & SR-268,Melrose,NM,34.438497,-103.65818,3.8123
1356,LOVES TRAVEL STOP #257,"I-40 & HORIZON, EXIT 79",Milan,NM,35.129935,-107.856854,3.5907
6293,PETRO STOPPING CENTER #313,"I-40, EXIT 79",Milan,NM,35.188536,-107.862038,3.5707
7080,ONE9 #1422,"I-40, EXIT 197",Moriarty,NM,34.968697,-106.040521,3.1157
68928,PILOT TRAVEL CENTER #475,"I-40, EXIT 196 & SR-41",Moriarty,NM,34.982432,-106.046039,3.244
4417,TA MORIARITY TRAVEL CENTER,"I-40, EXIT 194",Moriarty,NM,34.977188,-106.047673,3.2173
72999,Aeg Petroleum,US-70 & SR-467,Portales,NM,34.148481,-103.376278,3.6857
64523,SKY CITY TRAVEL CENTER,"I-40, EXIT 102 NORTH",Pueblo Of Acoma,NM,34.875565,-107.560537,3.2807
68140,CROSSROADS RATON TRUCK STOP,"I-25/US-85, EXIT 451 & US-87",Raton,NM,36.86537,-104.418008,3.499
6001,ALLSUPS #2392,US-70 & US-285,Roswell,NM,33.658554,-104.374876,3.199
71453,ALLSUPS CONVENIENCE STORE #2025,US-285,Roswell,NM,33.624202,-104.377453,3.2857
72485,ALLSUPS CONVENIENCE STORE #2160,US 70,Roswell,NM,33.645707,-104.372246,3.2557
65360,Roswell #60,US-285,Roswell,NM,33.659097,-104.367296,3.3657
66693,Allsup Marketplace #2400,"I-40, EXIT 356",San Jon,NM,35.106432,-103.321983,3.059
67362,TA Glenrio,"I-40, Exit 369 & SR-392",San Jon,NM,35.14478,-103.314836,3.899
69884,AKAL TRAVEL CENTER,"I-40, EXIT 267 & SR-379",Santa Rosa,NM,34.876151,-104.574396,2.879
63602,LOVES TRAVEL STOP #285,I-40 EXIT 277,Santa Rosa,NM,34.851844,-104.584086,3.474
69745,PILOT #1070,"I-40/US-54, EXIT 277 & US-84",Santa Rosa,NM,34.851964,-104.62312,3.4623
7222,TA SANTA ROSA TRAVEL CENTER,"I-40/US-54, EXIT 277 & US-84",Santa Rosa,NM,34.844781,-104.611153,3.4523
71514,LOVES TRAVEL STOP #817,SR-136,Santa Teresa,NM,31.836594,-106.715489,3.2623
71590,TA SPRINGER,I-25 EXIT 419,Springer,NM,36.3562,-104.568784,3.529
64215,STRIPES 7FLEET #42588,US-380 & SR-206,Tatum,NM,33.292794,-103.31408,3.6623
7871,STRIPES 7FLEET #42454,"US-60, US-70 & US-84",Texico,NM,34.357901,-103.073187,3.829
71596,ALLSUPS #2379,US-70/US-380,Tinnie,NM,33.352748,-105.212685,3.359
71456,ALLSUPS CONVENIENCE STORE #2058,"I-40, Exit 332 & SR-209",Tucumcari,NM,35.174077,-103.723103,3.355
64189,CIRCLE K #2708931,"I-10, EXIT 155",Tucumcari,NM,35.147861,-103.750459,3.259
64122,FLYING J TRAVEL PLAZA #691,"I-40, EXIT 333",Tucumcari,NM,35.176509,-103.742338,3.899
20027,LOVES TRAVEL STOP #262,"I-40, EXIT 333",Tucumcari,NM,35.153892,-103.701576,3.889
68273,CHISUM TRAVEL CENTER,US-70/US-54,Tularosa,NM,33.059961,-106.017605,2.999
7227,NATIONAL TRUCK STOP,"I-10, VADO EXIT 155",Vado,NM,32.101841,-106.623737,2.999
68511,PWI #675,I-10/US-85/US-180 EXIT 155 & SR-227,Vado,NM,32.08073,-106.630004,2.949
71134,ALLSUPS CONVENIENCE STORE #2376,US-54/US-285 & US-60,Vaughn,NM,34.642289,-105.206431,3.499
6387,FLYING J FRANCHISE #966,"I-80, EXIT 229",Battle Mountain,NV,40.640201,-116.934291,3.7923
71535,GOLDEN GATE BATTLE MOUNTAIN,"I-80, EXIT 233",Battle Mountain,NV,40.647027,-116.93719,3.339
68976,MAVERIK COUNTRY STORE #453,"I-80, EXIT 223 & SR-305",Battle Mountain,NV,40.658408,-116.926144,3.389
7873,One9 #387,"I-80, EXIT 280 & SR- 278",Carlin,NV,40.684645,-116.100356,3.439
70859,FLYERS #732,I-580 & US-50,Carson City,NV,39.021652,-119.783309,3.699
70855,FLYERS #761,"I-580, EXIT 5",Carson City,NV,39.020772,-119.811699,3.699
70442,GOLDEN GATE PETRO,I-580 & US-50,Carson City,NV,39.040887,-119.845028,3.599
69801,MAVERIK COUNTRY STORE #409,"I-580, EXIT 41 & SR-531",Carson City,NV,39.076272,-119.82608,3.589
71033,MAVERIK COUNTRY STORE #560,I-580 & US-50,Carson City,NV,39.036935,-119.779019,3.589
71042,SINCLAIR,I-580/US-395 EXIT 6,Carson City,NV,39.034684,-119.787276,3.599
70860,FLYERS #726,"I-80, EXIT 303",Elko,NV,40.889458,-115.564966,3.629
70301,GOLDEN GATE TRUCKSTOP,I-80 & SR-535,Elko,NV,40.905312,-115.514262,3.599
69990,LOVES TRAVEL STOP #691,US-50/93 & US-6,Ely,NV,39.216393,-114.915035,3.649
68165,GOLDEN GATE Fallon,US-50,Fallon,NV,39.454561,-118.787226,3.549
71032,MAVERIK COUNTRY STORE #416,US-50 & US-95,Fallon,NV,39.472256,-118.790819,3.5257
62824,FLYING J TRAVEL PLAZA #1005,"I-80, EXIT 48",Fernley,NV,39.590967,-119.270658,3.9157
66179,LOVES TRAVEL STOP #246,I-80 EXIT 46,Fernley,NV,39.568159,-119.203807,3.9157
52427,PILOT TRAVEL CENTERS #340,"I-80, EXIT 46",Fernley,NV,39.619722,-119.256728,3.9157
69991,WA SHE SHU TRAVEL PLAZA,US-395,Gardnerville,NV,38.839111,-119.643361,3.699
65365,CHEVRON #381125,US-95,Hawthorne,NV,38.557654,-118.639448,4.079
69311,GOLDEN GATE TRUCKSTOP HAWTHORNE,US-95/SR-362,Hawthorne,NV,38.502765,-118.676215,4.079
73028,PETRO HENDERSON #968,"I-11, EXIT 15A",Henderson,NV,36.018785,-114.96238,3.639
70229,TA EXPRESS HENDERSON #969,I-11 EXIT 15A,Henderson,NV,35.989719,-114.964391,3.639
9746,TA MILL CITY TRAVEL CENTER,"I-80, EXIT 151",Imlay,NV,40.548437,-118.046803,3.794
72984,TERRIBLE HERBST #341,US-95,Indian Springs,NV,36.558575,-115.706251,3.899
72649,Love's Travel Stop #891,US 93,Jackpot,NV,41.870066,-114.703622,3.6273
4211,FLYING J #513,"I-15, EXIT 1",Jean,NV,35.735119,-115.548371,3.7323
7132,Terrible Herbst dba/One9 #1395,"I-15, EXIT 12",Jean,NV,35.756464,-115.534235,3.459
67296,LOVES TRAVEL STOP #340,"I-15, EXIT 64 & US-93",Las Vegas,NV,36.141185,-115.147047,3.689
71449,MAVERIK COUNTRY STORE #628,I-15 & CR-215,Las Vegas,NV,36.132732,-115.128687,3.3557
64571,PETRO STOPPING CENTER #331,"I-15, EXIT 54",Las Vegas,NV,36.194152,-115.156689,3.734
7244,TA LAS VEGAS TRAVEL CENTER,"I-15, EXIT 33",Las Vegas,NV,36.17175,-115.084617,3.7357
7248,WILD WILD WEST TRAVEL PLAZA,"I-15, EXIT 37",Las Vegas,NV,36.207427,-115.108693,3.7673
3585,CHEVRON,"I-80, EXIT 129",Lovelock,NV,40.192829,-118.459229,3.499
68423,GOLDEN GATE TRUCKSTOP,"I-80, EXIT 106 & SR-398",Lovelock,NV,40.181405,-118.47986,3.649
72950,Conoco,US-95,MC DERMITT,NV,41.991277,-117.660079,4.299
70292,FLYING J #1171,I-15,Mesquite,NV,36.817691,-114.068779,3.7057
70241,MAVERIK COUNTRY STORE #460,SR-88,Minden,NV,39.051503,-119.729418,3.5257
66584,MOAPA PAIUTE TRAVEL CENTER,"I-15, EXIT 75",Moapa,NV,36.705748,-114.665345,3.3323
72550,TERRIBLE HERBST #388,I-15 Exit 91,Moapa,NV,36.690683,-114.676731,3.549
20028,MORTONS TRUCK STOP,"I-15, EXIT 46",North Las Vegas,NV,36.194647,-115.142713,3.399
72965,Maverik #674,"I-15, Exit 45",North Las Vegas,NV,36.188522,-115.121202,3.2823
52463,PILOT TRAVEL CENTERS #341,"I-15, EXIT 48",North Las Vegas,NV,36.239088,-115.137916,3.6957
70864,FLYERS #747,"I-580/US-395, EXIT 29 & SR-659",Reno,NV,39.505246,-119.803181,4.054
70833,FLYERS #764,SR-667,Reno,NV,39.514968,-119.801822,4.0523
68169,GOLDEN GATE GOLDEN VALLEY,"US-395, EXIT 73",Reno,NV,39.53397,-119.847408,3.949
69095,JACKSONS FOOD STORE #23,"SR-395, EXIT 78",Reno,NV,39.503902,-119.822774,3.999
66103,TERRIBLE HERBST #243,I-95 & SR-164,Searchlight,NV,35.548667,-114.891822,3.8323
70845,FLYERS #759,"I-80, EXIT 19",Sparks,NV,39.551996,-119.78457,4.0507
70832,FLYERS #766,SR-648,Sparks,NV,39.55293,-119.757701,4.059
70831,FLYERS #768,"I-80, EXIT 19 & SR-659",Sparks,NV,39.546994,-119.729008,4.0523
67158,GOLDEN GATE AUTO TRUCK PLAZA,"I-80 , EXIT 32",Sparks,NV,39.53799,-119.770435,3.539
70208,GOLDEN GATE PETRO,SR-648,Sparks,NV,39.513138,-119.764542,3.9857
72202,MUSTANG MARKET,I-80 Exit 73,Sparks,NV,39.578589,-119.786573,4.199
72584,ONE9 #1359,"I-80, EXIT 30",Sparks,NV,39.584434,-119.791063,3.549
2891,PETRO STOPPING CENTER #338,"I-80, EXIT 21",Sparks,NV,39.535137,-119.768935,3.949
6857,TA SPARKS TRAVEL CENTER,"I-80, EXIT 19 & SR-659",Sparks,NV,39.526697,-119.742013,3.899
72642,LOVES TRAVEL STOP #857,US-95 & US-6,Tonopah,NV,38.093831,-117.208134,3.7157
66274,FLYING J TRAVEL PLAZA #692,"I-80, EXIT 352 & US-93",Wells,NV,41.141222,-115.003551,3.709
69863,GOLDEN GATE,I-80 EXIT 352A & US-93,Wells,NV,41.115326,-114.977068,3.4157
67133,LOVES TRAVEL STOP #365,I-80 EXIT 352,Wells,NV,41.125849,-114.926734,3.7157
72590,MAVERIK #716,I-80 & SR-351,Wells,NV,41.102097,-114.959483,3.3923
52404,PETRO WELLS,"I-80, EXIT 352",Wells,NV,41.093101,-114.933587,3.7323
71624,MAVERIK COUNTRY STORE #681,"I-80, Exit 410",West Wendover,NV,40.724327,-114.05934,3.3857
63729,PILOT TRAVEL CENTERS #147,"I-80, EXIT 410",West Wendover,NV,40.722352,-114.107911,3.709
20031,FLYING J TRAVEL PLAZA #770,"I-80, EXIT 176",Winnemucca,NV,40.995041,-117.707861,3.7773
71168,LOVES TRAVEL STOP #797,"I-80, EXIT 176",Winnemucca,NV,40.986797,-117.763718,3.744
70586,MAVERIK COUNTRY STORE #610,I-80,Winnemucca,NV,40.982438,-117.748559,3.389
67137,PILOT TRAVEL CENTERS #485,"I-80, EXIT 173",Winnemucca,NV,40.957011,-117.732364,3.7707
71534,GOLDEN GATE - YERINGTON,SR-339 & US-95 ALT,Yerington,NV,38.993812,-119.183791,3.7157
71206,JACKSONS FOOD STORES #138,US-95/SR-339 & SR-208,Yerington,NV,38.962475,-119.187041,3.679
3728,PLAZA 23 TRUCK STOP,"I-787, EXIT 2",Albany,NY,42.613713,-73.753274,3.799
71935,SPEEDWAY #1695,I-87 EXIT 23,Albany,NY,42.657825,-73.718262,3.849
7173,SPEEDWAY #9954,"SR-17, EXIT 66",Apalachin,NY,42.067883,-76.164078,3.999
70019,QUICKLEES #1,"I-390, EXIT 9 & SR-15",Avon,NY,42.942582,-77.75285,3.999
20033,LOVES TRAVEL STOP #772,"I-86 & SR-17, EXIT 37",Bath,NY,42.371844,-77.335182,4.489
66995,PILOT TRAVEL CENTERS #322,"I-86, EXIT 37",Bath,NY,42.382863,-77.271622,4.499
4655,QUICKLEES TRAVEL CENTER,"I-86, EXIT 30 & CR-20",Belmont,NY,42.194018,-77.991239,3.999
4654,7-ELEVEN #35087,"I-490, EXIT 2 & SR-33 & SR-19",Bergen,NY,43.067342,-77.97405,4.029
63727,LOVES TRAVEL STOP #403,"I-81, EXIT 3",Binghamton,NY,42.18089,-75.846955,3.679
358,TA BINGHAMTON TRAVELCENTER,"I-81N, EXIT 2W & I-81S, EXIT 3",Binghamton,NY,42.113152,-75.887621,3.689
70448,CIRCLE K #4707623,"I-81, EXIT 31",Brewerton,NY,43.193434,-76.152856,4.089
72282,SUNOCO,I-278 Exit 48,Bronx,NY,40.839955,-73.910544,4.539
68542,EXCELL FUELS,SR-5,Buffalo,NY,42.932184,-78.86254,3.999
7179,JIMS TRUCK PLAZA,"I-90, EXIT 52E",Buffalo,NY,42.899007,-78.866371,3.659
69218,DANDY MINI MART #58,"I-86, EXIT 41 & US-17/15",Campbell,NY,42.253679,-77.190884,3.899
69670,LOVES TRAVEL STOP #611,"I-90, EXIT B3 & SR-22",Canaan,NY,42.393129,-73.407204,3.979
7212,ONVO TRAVEL PLAZA,"I-90 & RTE 22, EXIT B-3",Canaan,NY,42.434484,-73.385199,3.399
66238,BETTY BEAVERS TRUCKSTOP,"I- 90, EXIT 29",Canajoharie,NY,42.837703,-74.613122,3.599
72763,FASTRAC MARKET #500270,SR-5/SR-13,Canastota,NY,43.054153,-75.774568,4.349
68174,MIRABITO #42,"I-81, EXIT 7",Castle Creek,NY,42.28834,-75.877575,3.999
67057,PILOT TRAVEL CENTERS #146,"I-90, EXIT 12",Castleton On Hudson,NY,42.504862,-73.679431,3.999
64216,DANDY MINI MART #31,SR-13 & SR-224,Cayuta,NY,42.253373,-76.678566,4.399
3326,MIRABITO #61,"I-81, EXIT 32",Central Square,NY,43.328741,-76.190182,4.299
71969,BORDERVIEW GROCERY,US-11 & CR-19,Champlain,NY,44.985454,-73.419024,3.799
65373,CHAMPLAIN PETERBILT FUEL MART,"I-87, EXIT 43",Champlain,NY,44.973429,-73.420439,3.799
67294,MAPLEFIELDS,"I-87, EXIT 42/SR-11",Champlain,NY,44.985399,-73.454131,3.799
3118,MOBIL,"I-87, EXIT 42 & US-11",Champlain,NY,44.970495,-73.41186,3.799
69182,XtraMart #1513,"I-87, EXIT 10 & US-9",Clifton Park,NY,42.870609,-73.751377,3.899
70483,BOLLA MARKET,SR-27 & CR-47,Copiague,NY,40.641627,-73.435468,3.399
63409,FLYING J TRAVEL PLAZA #693,"I-90, EXIT 48A; PEMBROKE, NY",Corfu,NY,42.983984,-78.37446,3.889
71494,SPEEDWAY/7FLEET #7008,"I-90, EXIT 48A & SR-77",Corfu,NY,42.943433,-78.393835,3.889
4223,TA PEMBROKE TRAVEL CENTER,"I-90, EXIT 48A",Corfu,NY,42.944163,-78.384236,3.829
9971,TA DANSVILLE TRAVEL CENTER,"I-390 & COMMERCE, EXIT 5",Dansville,NY,42.586379,-77.734437,4.499
66948,CIRCLE K #4707618,"I-481, EXIT 8 & CR-82",East Syracuse,NY,43.04806,-76.088239,3.799
71163,DANDY MINI MART #68,"I-86/SR-17, EXIT 51A & CR-64",Elmira,NY,42.079351,-76.828631,3.899
52112,SROKAS SERVICE CENTER,SR-149,Fort Ann,NY,43.389243,-73.462752,3.799
7282,ALLTOWN FRESH,"I-87, EXIT 17N & US-9",Fort Edward,NY,43.270291,-73.544777,3.759
1669,BETTY BEAVERS TRUCKSTOP,"I-90, EXIT 28",Fultonville,NY,42.897122,-74.339999,3.149
4568,ONVO TRAVEL PLAZA,"I-90, EXIT 28",Fultonville,NY,42.870397,-74.395591,3.159
71562,PILOT #1317,I-90 EXIT 28,Fultonville,NY,42.866529,-74.340706,3.999
7215,TA FULTONVILLE TRAVEL CENTER,"I-90, EXIT 28",Fultonville,NY,42.871672,-74.397114,4.039
62850,GANSEVOORT MINI MART,"I-87, EXIT 17",Gansevoort,NY,43.178151,-73.692727,3.759
368,WILTON TRAVEL PLAZA,"I-87, EXIT 16",Gansevoort,NY,43.201567,-73.735029,3.749
7220,CUMBERLAND FARMS #001662,US-9W/SR-32,Glenmont,NY,42.560994,-73.776657,3.749
65377,PETROL 9 W,US-9W,Glenmont,NY,42.560493,-73.756233,3.699
65379,MIRABITO #74,"SR-79 N/I-88E, EXIT 6",Harpursville,NY,42.183796,-75.662851,4.659
66184,HENRIETTA TRUCK STOP,"I-390, EXIT 12 & I-90, EXIT 46",Henrietta,NY,43.014547,-77.601505,3.899
3702,BEARS DEN TRADING POST #101,ST 37 11 MI E OF MASSENA,Hogansburg,NY,45.019531,-74.691339,3.649
68692,DANDY MINI MART #57,SR-14,Horseheads,NY,42.143875,-76.856948,3.899
71080,BIG INDIAN SMOKE SHOP,I-90 & US-20,Irving,NY,42.613431,-79.095981,2.929
1560,CATTREZ,US-20 & SR-5,Irving,NY,42.547971,-79.022963,2.899
65381,NATIVE PRIDE,"I-90, EXIT 58 & US-20",Irving,NY,42.592714,-79.054984,2.899
7213,SENECA ONE STOP,"I-90, EXIT 58",Irving,NY,42.535152,-79.083113,2.899
70407,BOLLA MARKET,"I-495, EXIT 57",Islandia,NY,40.768543,-73.16996,3.539
66565,KWIK FILL #395,"I-86, EXIT 12",Jamestown,NY,42.126789,-79.269929,4.469
71330,JORDAN MINI MART,SR- 31 & CR-59,Jordan,NY,43.087769,-76.420673,3.799
69581,BYRNE DAIRY #22,"I-81, EXIT 15 & US-20",La Fayette,NY,42.929394,-76.105608,4.299
68821,Joe's Kwik Mart #473,CR-139,Lancaster,NY,42.881264,-78.699404,3.659
6760,BETTY BEAVERS TRUCKSTOP,"I-87, EXIT 32",Lewis,NY,44.32163,-73.558724,3.619
65383,M AND M ALLEGANY JUNCTION,"I-86/SR-17, EXIT 23 & US-219/US-219 BUS",Limestone,NY,42.06519,-78.621548,3.129
69770,SASSYS TRUCK STOP,"I-86, EXIT 23 & US-219",Limestone,NY,42.039777,-78.656835,3.159
71942,BYRNE DAIRY #135,I-81 & SR-481,Liverpool,NY,43.118703,-76.147564,4.199
71855,BYRNE DAIRY #136,I-90 Exit 37,Liverpool,NY,43.138089,-76.17819,3.659
52587,PILOT TRAVEL CENTERS #380,"I-81, EXIT 25 & I-90, EXIT 36",Liverpool,NY,43.083339,-76.181089,4.159
71586,ALLTOWN FRESH,US-9 & SR-23,Livingston,NY,42.143223,-73.729061,3.659
1599,ONVO TRAVEL PLAZA,"I-81, EXIT 10",Mc Graw,NY,42.626577,-76.062508,3.439
62841,SPEEDWAY #9912,"I-81, EXIT 10",Mc Graw,NY,42.572633,-76.085643,4.309
70408,BOLLA MARKET,"I-495, EXIT 64",Medford,NY,40.789588,-72.95585,3.539
68167,CIRCLE K #4707628,SR-90 & SR-5,Montezuma,NY,43.033396,-76.731929,3.999
614,TA MAYBROOK TRAVEL CENTER,"I-84, EXIT 5",Montgomery,NY,41.497873,-74.246666,4.359
70447,84 QUIK STOP,"I-84, EXIT 3 & US-6",New Hampton,NY,41.370844,-74.441319,3.459
66278,PILOT TRAVEL CENTERS #394,"I-84, EXIT 6",Newburgh,NY,41.571378,-74.056694,4.359
72792,QUICKLEES,"I-190, EXIT 23",Niagara Falls,NY,43.128807,-79.052482,3.999
64195,DANDY MINI MART #14,"I-86, EXIT 62",Nichols,NY,42.043996,-76.328314,3.439
7216,ONVO TRAVEL PLAZA - LOUNSBERRY,"SR-17, EXIT 63",Nichols,NY,42.037923,-76.337737,3.399
52325,MIRABITO #69,"I-88, EXIT 15 & SR-23",Oneonta,NY,42.484129,-75.087765,3.999
67121,BETTY BEAVERS TRUCKSTOP,"I-88, EXIT 12 & CR-48",Otego,NY,42.411366,-75.199647,3.819
65386,MIRABITO #73,"I-88, EXIT 12",Otego,NY,42.377244,-75.224606,3.999
70723,SPEEDWAY #9932,I-99 EXIT 8 & SR-417,Painted Post,NY,42.179303,-77.149717,4.099
9724,One9 #1339,"I-81,  EXIT 34",Parish,NY,43.437087,-76.092913,3.799
65387,MAPLEFIELDS,SR-22 & SR-442,Peru,NY,44.576943,-73.544936,3.799
7197,7-ELEVEN #35115,"I-90, EXIT 42",Phelps,NY,42.976202,-77.078272,4.019
52562,MOBIL,"I-87, EXIT 36",Plattsburgh,NY,44.663883,-73.505043,3.799
68691,BYRNE DAIRY #43,"I-81, EXIT 36 & SR-13",Pulaski,NY,43.552544,-76.102065,4.099
72581,FASTRAC MARKET #500266,I-87 Exit 18,Queensbury,NY,43.358707,-73.716249,3.999
70450,QUEENSBURY,SR-149,Queensbury,NY,43.337632,-73.651131,3.789
684,7-ELEVEN #35101,"I-86/SR-17, EXIT 16",Randolph,NY,42.156638,-78.953306,4.499
61409,104 STORE,SR-370/SR-104,Red Creek,NY,43.236194,-76.741238,3.799
71516,LOVES TRAVEL STOP #833,"I-90, EXIT 61 & US-20",Ripley,NY,42.277197,-79.687816,3.879
61410,KWIK FILL #58,ST 15,Rochester,NY,43.311908,-77.700444,3.969
73058,CIRCLE K #4707605,SR-365/SR-69/SR-49 & SR-26,Rome,NY,43.21186,-75.443383,3.999
7285,SENECA ONE STOP,"SR-17, EXIT 20",Salamanca,NY,42.139829,-78.754133,3.309
20036,SMOKIN JOES,I-90 EXIT 24,Sanborn,NY,43.178922,-78.855645,3.699
66586,CIRCLE K #4707609,US-20 & SR-12,Sangerfield,NY,42.938518,-75.368409,4.099
64218,PILOT TRAVEL CENTERS #494,"I-88, EXIT 25",Schenectady,NY,42.844019,-73.963058,3.999
65392,CIRCLE K #4707622,"I-90, EXIT 41",Seneca Falls,NY,42.93561,-76.795592,3.999
66474,FAMCO EXPRESS,"I-690, EXIT 8",Syracuse,NY,43.072456,-76.153303,3.299
70722,SPEEDWAY #9935,I-90 EXIT 35 & SR-298,Syracuse,NY,43.017277,-76.187397,4.099
69004,Maplefields,HWY 9 N & ROUTE 22,Ticonderoga,NY,43.842926,-73.409733,3.749
62844,CIRCLE K #4707612,"I-81, EXIT 14",Tully,NY,42.811812,-76.129819,3.799
67658,MIRABITO #41,I-81 EXIT 13,Tully,NY,42.805816,-76.139961,4.299
72582,FASTRAC MARKET #500242,SR-12 & SR-5A,Utica,NY,43.066762,-75.229215,3.899
69782,BYRNE DAIRY #14,SR-414 & SR-318,Waterloo,NY,42.877325,-76.899581,3.999
71526,LOVES TRAVEL STOP #820,"I-90, EXIT 41 & SR-414",Waterloo,NY,42.907302,-76.886311,4.149
66368,PETRO STOPPING CENTER #371,"I-90, EXIT 41",Waterloo,NY,42.885815,-76.859496,4.1957
65909,7-Eleven/7FLEET #40496,"I-81, EXIT 47 & SR-12",Watertown,NY,43.980505,-75.927229,4.149
67842,CIRCLE K #4707627,"I-81, EXIT 48",Watertown,NY,43.972167,-75.912617,4.099
72745,Loves Travel Stop #870,US-81 Exit 12 & SR-12,Watertown,NY,43.99916,-75.887702,4.149
2811,KWIK FILL #22,"I-90, EXIT 40 & SR-34/SR-31",Weedsport,NY,43.034686,-76.562471,3.899
72215,PIT STOP #1,SR-31 & SR-34,Weedsport,NY,43.056824,-76.553496,3.899
6215,FUEL HUB,"I-87, EXIT 21B",West Coxsackie,NY,42.387126,-73.825622,3.599
72765,FASTRAC MARKET #500203,SR-104 & CR-256,Wolcott,NY,43.209884,-76.782666,3.799
72277,STOP N GAS,SR-15 & SR-39,Yorkshire,NY,42.553232,-78.488799,4.099
64221,BELL STORES #49,"I-76E, EXIT 25B",Akron,OH,41.021121,-81.540024,3.499
71652,CIRCLE K #4705575,SR-261,Akron,OH,41.018682,-81.487418,3.769
66776,S&G #77,US-224 & US-23,Alvada,OH,41.029754,-83.339434,3.259
64231,7-ELEVEN #40293,"OHIO TURNPIKE EB MILEPOST 139/I-80, EXIT 139",Amherst,OH,41.360283,-82.244147,3.5323
61421,7-ELEVEN #40294,"I-80 WB, EXIT 139",Amherst,OH,41.344966,-82.235573,3.5323
60463,Anna Truck Stop,"I-75, EXIT 99",Anna,OH,40.438234,-84.244939,3.0157
3526,JOE STOP 99,"I-75, EXIT 99 & SR-119",Anna,OH,40.387058,-84.205026,3.064
69766,Marathon,"I-75, EXIT 99 & SR-119",Anna,OH,40.393839,-84.180659,3.029
65395,BELLSTORES #132,US-30 & SR-60,Ashland,OH,40.849697,-82.309849,3.499
72553,Friendly Express,I-71 Exit 186 & US-250,Ashland,OH,40.89035,-82.327044,3.199
65426,CIRCLE K #4705357,US-23 & SR-316,Ashville,OH,39.727671,-82.97029,3.089
71923,SHEETZ #740,US-23  & SR-752,Ashville,OH,39.751412,-82.982749,3.1023
63770,FLYING J TRAVEL PLAZA #694,"I-90, EXIT 223",Austinburg,OH,41.752576,-80.857567,3.859
9703,PILOT TRAVEL CENTERS #2,"I-90, EXIT 223 & SR-45",Austinburg,OH,41.716244,-80.877701,3.859
52615,PILOT TRAVEL CENTERS #4,"I-90, EXIT 151",Avon,OH,41.424222,-81.988739,3.879
70564,SPEEDWAY #7236,"I-90/SR-2, EXIT 151",Avon,OH,41.428507,-82.052575,3.659
69377,CIRCLE K #4705628,SR-21 & SR-585,Barberton,OH,41.028241,-81.629187,3.5823
52471,FLYING J TRAVEL PLAZA #695,"I-75, EXIT 135",Beaverdam,OH,40.79191,-83.982997,3.3307
65033,PILOT TRAVEL CENTERS #457,"I-75, EXIT 135",Beaverdam,OH,40.853542,-83.989927,3.3307
60471,FUEL MART #701,"I-480/I-271, EXIT 23 & SR-8",Bedford,OH,41.37819,-81.541104,3.529
70788,SPEEDWAY #1031,"I-480 & I-271, EXIT 26",Bedford,OH,41.374987,-81.547105,3.649
71443,LOVES TRAVEL STOP #810,US-33 & SR-540,Bellefontaine,OH,40.335414,-83.785915,3.3523
70107,LOVES TRAVEL STOP #711,"I-71, EXIT 165 & SR-97",Bellville,OH,40.617735,-82.506429,3.709
70126,SPEEDWAY #3535,"I-71,EXIT 165 & SR-97",Bellville,OH,40.633747,-82.499445,3.599
7312,208 FUEL PLAZA,"I-70, EXIT 208",Belmont,OH,40.018637,-80.970038,3.419
69006,PILOT #449,"I-70, EXIT 208",Belmont,OH,40.023484,-80.970945,3.539
69598,SPEEDWAY #8133,SR-237,Berea,OH,41.404194,-81.853628,3.499
69393,LOVES TRAVEL STOP #594,US-35 & SR-850,Bidwell,OH,38.903206,-82.298647,3.849
7724,FUEL MART #767,US-6 & US-23,Bradner,OH,41.344176,-83.432746,3.4073
64223,7-ELEVEN #40295,"I-80, EXIT 170",Broadview Heights,OH,41.323588,-81.70062,3.5273
64224,7-ELEVEN #40296,SR-176,Broadview Heights,OH,41.282635,-81.639485,3.5323
65398,QUICK FUEL #2306,"I-480, EXIT 12",Brookpark,OH,41.362264,-81.810442,3.669
69135,SPEEDWAY #8013,"I-70, EXIT 21",Brookville,OH,39.813534,-84.440149,3.3407
65400,NORTHSIDE FUEL STOP,US-30 & SR-19,Bucyrus,OH,40.781679,-82.943409,3.5073
69648,BP-GIANT OIL #440,"I-71, EXIT 204 & SR-83",Burbank,OH,40.948224,-81.970093,3.2323
67037,LOVES TRAVEL STOP #332,I-71 EXIT 204,Burbank,OH,40.933728,-82.025383,3.689
63570,PILOT TRAVEL CENTERS #287,"I-71, EXIT 204 & SR-83",Burbank,OH,40.942708,-81.973055,3.699
63730,PILOT TRAVEL CENTERS #309,"I-77, EXIT 25",Caldwell,OH,39.714556,-81.497253,3.6523
52454,PILOT TRAVEL CENTERS #6,"I-70, EXIT 178 & SR-209",Cambridge,OH,40.016825,-81.581837,3.509
73059,CIRCLE K #4705626,"I-77/US-62, EXIT 105 & SR-172",Canton,OH,40.772169,-81.332519,3.459
1372,PILOT TRAVEL CENTER #469,"I-77, EXIT 101 & SR-627",Canton,OH,40.801756,-81.35755,3.6223
70591,SPEEDWAY #6465,"I-77, EXIT 101",Canton,OH,40.81439,-81.399853,3.6073
9699,SPEEDWAY #9400,US-30/US-62 & SR-297,Canton,OH,40.819657,-81.376764,3.369
70794,CASEYS #3747,SR-103 & CR-96,Carey,OH,40.937365,-83.390958,3.1757
67166,Circle K #4705726,US-33,Carroll,OH,39.794696,-82.739649,3.2457
70025,SPEEDWAY #6245,SR-43,Carrollton,OH,40.571816,-81.05832,3.559
69233,PILOT TRAVEL CENTER #597,US-23 & US-50,Chillicothe,OH,39.365321,-83.028513,3.799
68650,MARATHON,"I-75, EXIT 8",Cincinnati,OH,39.146694,-84.469468,3.899
63704,QUICK FUEL #2301,"I-275, EXIT 44",Cincinnati,OH,39.166282,-84.452494,3.239
68865,QUICK FUEL #3192,"I-275, EXIT 42B & SR-747",Cincinnati,OH,39.168717,-84.45968,3.2523
71046,SPEEDWAY #9336,US-27/SR-126,Cincinnati,OH,39.192418,-84.46795,3.699
62887,SPEEDWAY #9367,"I-275, EXIT 42",Cincinnati,OH,39.179273,-84.487778,3.1257
67801,SUNOCO,"I-275, EXIT 42/SR-747",Cincinnati,OH,39.17389,-84.444921,3.099
70001,LOVES TRAVEL STOP #690,US-23,Circleville,OH,39.570818,-82.916618,3.789
63781,Pilot Travel Centers #8,US-23 & PITTSBURG RD,Circleville,OH,39.59748,-82.941296,3.799
65406,MOBIL,"I-90/SR-2, EXIT 182B",Cleveland,OH,41.519536,-81.581788,3.7657
52549,SPEEDWAY #3328,"I-77, EXIT 159 A",Cleveland,OH,41.490697,-81.619742,3.799
61430,7-ELEVEN #40303,"I-90, EXIT 7",Clyde,OH,41.31011,-83.004773,3.6623
61431,7-ELEVEN #40304,"I-90, EXIT 7",Clyde,OH,41.333438,-82.952162,3.6623
68740,Certified Oil #400352,US-20 & SR-510 & SR-101,Clyde,OH,41.276683,-83.030081,3.379
71844,HD EXPRESS MART,US 20,Clyde,OH,41.297856,-82.980769,3.379
66539,SOUTH RIDGE FARM MARKET,"I-80, EXIT 6",Clyde,OH,41.279942,-82.970173,3.399
70357,Certified Oil #400489,"I-71, EXIT 104",Columbus,OH,40.102733,-83.03608,3.409
70717,Certified Oil #400491,I-270 EXIT 52,Columbus,OH,40.113954,-82.98752,3.2023
63564,PILOT TRAVEL CENTERS #213,"I-70, EXIT 94 (WILSON ROAD)",Columbus,OH,40.083511,-82.995412,3.509
63703,QUICK FUEL #2303,"I-71, EXIT 104/FRANK RD EXIT",Columbus,OH,40.08975,-82.979743,3.5657
64502,QUICK FUEL #2305,"I-270, EXIT 10",Columbus,OH,40.127736,-83.028189,3.6307
68908,SPEEDWAY #1804,"I-270, EXIT 32 & I-71, EXIT 116",Columbus,OH,40.078054,-82.995769,3.6923
67348,LOVES TRAVEL STOP #389,I-90 EXIT 241,Conneaut,OH,41.92354,-80.563046,3.849
70889,TRUCK WORLD,I-90 EXIT 241 & SR-7,Conneaut,OH,41.97034,-80.547954,3.359
64227,GO MART FOOD STORE #116,US-50 & SR-7,Coolville,OH,39.228165,-81.819826,3.3573
60460,HAHN OIL,US-36,Coshocton,OH,40.285578,-81.839271,3.299
7725,BELL STORES #48,US-30 & SR-94,Dalton,OH,40.746156,-81.691311,3.3857
69028,LOVES TRAVEL STOP #427,"I-75, EXIT 51",Dayton,OH,39.772959,-84.036921,3.319
68864,QUICK FUEL #3190,"I-75, EXIT 68",Dayton,OH,39.75296,-84.068774,3.6773
72919,QUIKTRIP #7096,I-75 & EXIT 51,Dayton,OH,39.742621,-84.03926,3.0323
60461,TRUE NORTH #704,"I-75, EXIT 56A",Dayton,OH,39.738031,-84.024036,3.799
70004,SPEEDWAY #7775,US-23 & CR-192,Delaware,OH,40.326499,-83.059361,3.619
72969,LOVES TRAVEL STOP #555,US-30,Delphos,OH,40.809727,-84.316091,3.3057
66774,Clark #4667,"I-80/I-90, EXIT 39 & SR-109",Delta,OH,41.557406,-83.956601,3.699
71260,LOVES TRAVEL STOP #881,US HWY 224 & OH 225,Diamond,OH,41.091381,-81.024657,3.4523
71958,BELL STORES,I-77 & CR-80,Dover,OH,40.515008,-81.498469,3.399
9382,PILOT TRAVEL CENTERS #286,"I-70, EXIT 10 & SR-127",Eaton,OH,39.721994,-84.660716,3.4623
7176,TA DAYTON TRAVEL CENTER,"I-70,  EXIT 10 & US-127",Eaton,OH,39.716878,-84.647819,3.4007
72678,FLYING J #1056,I-90/ I-80,Edon,OH,41.589151,-84.724935,3.899
70571,LOVES TRAVEL STOP #748,"I-90, I-80 & SR-49",Edon,OH,41.576415,-84.749476,3.8873
72116,FRIENDSHIP FOOD MART #90,I-90 & SR-57,Elyria,OH,41.40958,-82.135002,3.779
72330,TRUE NORTH #325,SR-57 & SR-113,Elyria,OH,41.38894,-82.066547,3.679
71262,LOVES TRAVEL STOP #892,"I-70, EXIT 118 & SR-310",Etna,OH,39.978593,-82.703538,3.4607
71385,CASEYS #3907,I-675 & SR-235,Fairborn,OH,39.806607,-83.984556,3.679
52413,PILOT TRAVEL CENTERS #360,"I-75 & SR-613, EXIT 164",Findlay,OH,41.00931,-83.632914,3.3157
61193,SPEEDWAY #8502,"I-75, EXIT 161 & CR-99",Findlay,OH,41.044238,-83.6205,3.299
2602,PILOT TRAVEL CENTERS #9,"I-75, EXIT 36",Franklin,OH,39.495914,-84.30696,3.3523
5324,HY-MILER #2245,SR-53,Fremont,OH,41.352521,-83.133343,3.3823
71962,BELLSTORES,SR-598,Galion,OH,40.751894,-82.787945,3.499
72335,VALERO,US-30 & SR-598,Galion,OH,40.718866,-82.757253,3.499
72387,Williams Fuel Stop,SR-7 & SR-735,Gallipolis,OH,38.823568,-82.212031,3.5407
628,KWIK FILL #227,"I-90,  EXIT 218",Geneva,OH,41.803128,-80.919182,3.1523
67678,7-ELEVEN #40301,I-90/I-80,Genoa,OH,41.535663,-83.365686,3.6623
61439,7-ELEVEN #40302,"I-75, EXIT 157",Genoa,OH,41.517419,-83.326889,3.6623
63752,MR FUEL #732,"I-80, EXIT 226",Girard,OH,41.165234,-80.719238,3.239
20045,PILOT TRAVEL CENTERS #281,"I-80, EXIT 226",Girard,OH,41.190386,-80.713326,3.4523
7364,Petro Stopping Center,"I-80, EXIT 226",Girard,OH,41.141962,-80.658519,3.4523
68110,CIRCLE K #4705573,SR-82,Grafton,OH,41.250375,-82.012019,3.749
71085,Sunoco,SR-49,Greenville,OH,40.09468,-84.607416,3.599
71288,SHEETZ #700,"I-270, EXIT 49 & SR-317",Groveport,OH,39.872235,-82.885402,3.059
71639,PAR MAR FOOD STORE #13,"I-77, EXIT 1 & SR-7",Hannibal,OH,39.659981,-80.851898,3.899
64233,74 FUEL STOP,"I-74, EXIT 3",Harrison,OH,39.258587,-84.744871,3.859
64230,Certified Oil #400423,I-70 EXIT 126,Hebron,OH,39.956818,-82.528519,3.3957
9383,PILOT TRAVEL CENTERS #285,"I-70, EXIT 126 & SR-37",Hebron,OH,39.97882,-82.500465,3.4457
64229,SPEEDWAY #9385,"I-70, EXIT 129",Hebron,OH,39.962606,-82.47076,3.369
7180,TA HebronTravel Center,"I-70, EXIT 126 & SR-37",Hebron,OH,39.931315,-82.531622,3.3823
403,TRUCKOMAT OF HEBRON,"I-70, EXIT 126 & SR-37",Hebron,OH,39.993112,-82.47991,3.429
68113,CIRCLE K #4705571,ST 2,Holland,OH,41.612144,-83.7236,3.549
66115,FLYING J TRAVEL PLAZA #697,"I-80, EXIT 234B",Hubbard,OH,41.18806,-80.58746,3.459
67125,LOVES TRAVEL STOP #370,I-80 EXIT 234,Hubbard,OH,41.144711,-80.55476,3.4657
7170,TRUCK WORLD TRUCKSTOP,"I-80, EXIT 234",Hubbard,OH,41.152452,-80.561582,3.259
7331,SPEEDWAY #9266,US-52 & SR-234,Ironton,OH,38.505761,-82.63219,3.699
2194,A AND A TRUCKSTOP,US-35 & CR-41,Jackson,OH,39.072618,-82.641275,3.799
65411,CLARKS PUMP N SHOP #10,SR- 32,Jackson,OH,39.011854,-82.624902,3.699
66045,FLYING J TRAVEL PLAZA #698,"I-71, EXIT 69",Jeffersonville,OH,39.670956,-83.545306,3.399
66966,LOVES TRAVEL STOP #352,I-71 EXIT 65,Jeffersonville,OH,39.661052,-83.566132,3.4223
71934,SHEETZ #759,I-71 & SR-734,Jeffersonville,OH,39.66975,-83.549945,3.0657
69183,SPEEDWAY #7611,"I-71, EXIT 65 & SR-435",Jeffersonville,OH,39.666615,-83.596476,3.229
7184,TA JEFFERSONVILLE EAST TRAVEL CENTER,"I-71, EXIT 65 & SR-435 & US-35",Jeffersonville,OH,39.67288,-83.565144,3.3273
70630,SPEEDWAY #3632,"I-76, EXIT 33 & SR-43",Kent,OH,41.126125,-81.335475,3.5323
7183,TA KINGSVILLE TRAVEL CENTER,"I-90, EXIT 235 & SR-193",Kingsville,OH,41.834119,-80.676231,3.8823
71878,LOVES TRAVEL STOP #872,SR-78 & CR-27,Lancaster,OH,39.687247,-82.623649,3.2757
71309,SUGAR CROSSING CONVENIENCE,US-33 & CR-63,Lancaster,OH,39.721719,-82.616617,3.3823
69616,FLYING J #552,"I-71, EXIT 32 & SR-350",Lebanon,OH,39.40471,-84.183729,3.399
69067,AP FUEL STOP,"I-75, EXIT 120",Lima,OH,40.743183,-84.129989,3.0807
66509,FOUR STAR FOOD MART,"I-75, EXIT 122",Lima,OH,40.773095,-84.075087,3.144
1376,FUEL MART #782,"I-75, EXIT 118",Lima,OH,40.753238,-84.131702,3.0857
67400,SPEEDWAY #3547,I-75 & 696,Lima,OH,40.774513,-84.074018,3.499
63595,SPEEDWAY #5236,"I-75, EXIT 122",Lima,OH,40.758381,-84.092772,3.2557
70618,LOVES TRAVEL STOP #744,"I-270 N, EXIT 49",Lockbourne,OH,39.827457,-83.010842,3.4557
63637,PILOT TRAVEL CENTERS #454,"I-70, EXIT 79",London,OH,39.865338,-83.430273,3.509
72783,SHEETZ #770,I-70 & US-42,London,OH,39.937551,-83.463767,2.999
67298,SPEEDWAY #5360,US-42,London,OH,39.897233,-83.439114,3.099
7166,TA London Travel Center,"I-70 & US-42, EXIT 79",London,OH,39.939529,-83.453302,3.4923
522,GO MART FOOD STORE #57,"I-70 & ST-285, EXIT 186",Lore City,OH,40.039651,-81.465616,3.179
69005,SPEEDWAY #1017,"I-70, EXIT 186 & SR-285",Lore City,OH,40.020576,-81.442411,3.2323
72196,MORGAN OIL,US-224 & CR-231,Lowellville,OH,41.020289,-80.522167,3.399
71862,Loves Travel Stop #863,I-90 & SR-528,Madison,OH,41.789689,-81.087201,3.849
71904,SHEETZ #745,I-90 EXIT 212,Madison,OH,41.811219,-81.037777,3.0823
69885,BELL STORES #146,SR-43 & SR-183,Malvern,OH,40.703757,-81.192,3.579
68823,FRIENDS FOOD MART,SR-13,Mansfield,OH,40.853637,-82.488233,4.199
68690,MARATHON,US-30 & SR-30,Mansfield,OH,40.844296,-82.538418,3.499
61449,7-ELEVEN #40297,"I-80, EXIT 13A",Mantua,OH,41.28284,-81.253226,3.5323
61450,7-ELEVEN #40298,I-80,Mantua,OH,41.329947,-81.194844,3.5323
65837,PILOT TRAVEL CENTERS #455,"I-71, EXIT 140",Marengo,OH,40.373685,-82.843121,3.719
72498,SHEETZ  #760,"I-71, EXIT 140 Township Rd 256",Marengo,OH,40.37407,-82.805102,3.0657
7389,GO MART FOOD STORE #58,"I-77, EXIT 1 & SR-7",Marietta,OH,39.401559,-81.440802,3.799
60465,MOTOMART #4129,ST 309,Marion,OH,40.607648,-83.077512,3.3423
68901,SPEEDWAY #1224,"SR-741 & I-71, EXIT 25",Mason,OH,39.328161,-84.308504,3.159
65415,SPEEDWAY #9314,US-20 & SR-21,Massillon,OH,40.846627,-81.481611,3.4823
61453,CITGO,"I-475, EXIT 6",Maumee,OH,41.573971,-83.684527,3.499
6058,MOTOR INN AUTO TRUCK STOP,I-75 EXIT 110,Mendon,OH,40.665494,-84.550005,3.199
72189,MARATHON,I-75 & CR-20,Middletown,OH,39.551272,-84.354053,3.2157
2255,S&G #36,"I-280, EXIT 2 & SR-795",Millbury,OH,41.600613,-83.468624,3.4923
52647,FLYING J TRAVEL PLAZA #699,"I-70, EXIT 122",Millersport,OH,39.861053,-82.521371,3.4457
69339,SPEEDWAY #9383,"I-75, EXIT 29 & SR-63",Monroe,OH,39.457165,-84.347182,3.2023
72989,THORNTONS #442562,SR-63,Monroe,OH,39.428015,-84.365233,3.199
7396,7-ELEVEN #36180,US-20/SR-18,Monroeville,OH,41.191641,-82.684675,3.614
1384,SUNOCO,"I-80/I-90, EXIT 13 & US-20ALT/SR-15",Montpelier,OH,41.583313,-84.586859,3.4157
71961,BELL STORES #54,US-250 & SR-241,Mount Eaton,OH,40.69152,-81.689368,3.499
69402,SHELL,"I-71, EXIT 151 & SR-95",Mount Gilead,OH,40.55866,-82.79342,3.759
6290,FUEL KING NAPOLEON TRAVEL CENTER,"US-6/US-24/SR/CR-3, EXIT 41",Napoleon,OH,41.376007,-84.125831,3.439
71152,LOVES TRAVEL STOPS #841,"US-24, EXIT 41",Napoleon,OH,41.419573,-84.123344,3.689
66870,PETRO STOPPING CENTER NAPOLEON,"US-24/US-6/CR-3, EXIT 41",Napoleon,OH,41.379885,-84.171464,3.7057
66994,PILOT TRAVEL CENTERS #303,US-24/US-6 & SR-108,Napoleon,OH,41.375926,-84.154295,3.7107
70658,CASEYS #3708,SR-235,New Carlisle,OH,39.896457,-84.044191,3.259
72781,SHEETZ #774,I-70 & SR-83,New Concord,OH,40.034757,-81.719865,3.059
7886,PETRO STOPPING CENTER #357,"I-70, EXIT 156B & US-40",New Paris,OH,39.847654,-84.788481,3.4873
2895,EAGLE TRUCK STOP,I-77 EXIT 81,New Philadelphia,OH,40.498111,-81.407181,3.3157
61458,7-ELEVEN #40299,OHIO TNPK MM 237 & SR-26,New Springfield,OH,40.944674,-80.615104,3.5323
61459,7-ELEVEN #40300,"I-76, EXIT 157",New Springfield,OH,40.945226,-80.578425,3.5323
71950,77/36 DUCHESS,I-77 & US-36,Newcomerstown,OH,40.268492,-81.632281,3.299
71039,TURNPIKE MARKET EXPRESS,SR-5,Newton Falls,OH,41.210855,-81.000867,3.259
7403,FUEL MART #714,"I-75, EXIT 168",North Baltimore,OH,41.190071,-83.669255,3.1123
67034,LOVES TRAVEL STOP #356,"I-75, EXIT 167",North Baltimore,OH,41.158089,-83.702474,3.3473
9386,PETRO STOPPING CENTER #325,"I-75,  EXIT 167",North Baltimore,OH,41.155811,-83.675492,3.2707
71524,Loves Travel Stop #813,"I-77, Exit 112",North Canton,OH,40.794922,-81.388574,3.6273
5603,TA NORTH CANTON TRAVEL CENTER,"I-77, EXIT 111",North Canton,OH,40.760215,-81.37717,3.624
72782,SHEETZ #791,"I-76, Exit 57",North Jackson,OH,41.090444,-80.849913,3.0657
69944,TRUCK WORLD,"I-76, EXIT 57",North Jackson,OH,41.087241,-80.843942,3.259
72996,LOVES TRAVEL STOP #504,I-76 EXIT 232,North Lima,OH,40.9885,-80.641538,3.7873
5306,PILOT TRAVEL CENTERS #11,"I-76, EXIT 232",North Lima,OH,40.979009,-80.675898,3.799
70125,SPEEDWAY #7391,I-76 EXIT 232,North Lima,OH,40.956751,-80.679309,3.699
71162,CIRCLE K #4705694,US-20 & CR-245,Norwalk,OH,41.214705,-82.623792,3.614
69870,CIRCLE K #4705720,"I-280, EXIT 7 & SR-2",Oregon,OH,41.61796,-83.453738,3.609
61461,S&G,"I-280, EXIT 7",Oregon,OH,41.615319,-83.482073,3.599
71496,SPEEDWAY/7fleet #1052,US-30 & SR-57,Orrville,OH,40.823536,-81.765418,3.499
72134,Gulf,US-422 & SR-528/168,Parkman,OH,41.358915,-81.057025,3.649
69412,CIRCLE K #4705724,US-127 & CR-144,Paulding,OH,41.12161,-84.574096,3.699
20042,FLYING J TRAVEL PLAZA #700,I-80 & I-90 EXIT 71,Perrysburg,OH,41.576401,-83.553301,3.759
407,FUEL MART #641,"I-80 & I-280, EXIT 71",Perrysburg,OH,41.537948,-83.591294,3.499
67635,LOVES TRAVEL STOP #456,I-280 EXIT 1B,Perrysburg,OH,41.572634,-83.565916,3.7607
2967,PETRO STOPPING CENTER #317,"I-57, EXIT 71",Perrysburg,OH,41.51557,-83.588633,3.7857
6252,PILOT TRAVEL CENTERS #12,I-80 & I-90 EXIT 71,Perrysburg,OH,41.526074,-83.556168,3.759
7172,TA TOLEDO EAST TRAVEL CENTER,"I-80 & I-280, EXIT 71",Perrysburg,OH,41.555843,-83.589556,3.7807
20043,FRIENDSHIP FOOD MART #70,SR-2 & SR-53,Port Clinton,OH,41.541364,-82.967549,3.939
5160,FUEL MART #727,"I-70, EXIT 193",Quaker City,OH,40.00087,-81.307168,3.1657
2196,Certified Oil #400410,I-76 EXIT 43,Ravenna,OH,41.162452,-81.238462,3.3157
66050,PILOT TRAVEL CENTERS #130,"I-77, EXIT 145",Richfield,OH,41.230175,-81.63703,3.799
68124,CIRCLE K #4705587,SR-585 & SR-57,Rittman,OH,40.963606,-81.748117,3.659
66775,GO MART,US-33 & CR-116,Rockbridge,OH,39.552555,-82.552418,3.499
65423,BARNEYS CONVENIENCE MART #15,"I-75, EXIT 195 & I-90, EXIT 64 & SR-795",Rossford,OH,41.575725,-83.570715,3.599
67383,FRIENDSHIP FOOD MART #96,SR-101/SR- 2,Sandusky,OH,41.427937,-82.679007,3.529
4905,HY-MILER #2204,SR-250,Sandusky,OH,41.456728,-82.706771,3.5323
207,MARATHON,SR-32,Sardinia,OH,38.988109,-83.815581,3.5657
69217,Circle K #4705624,"I-76, EXIT 2 & US-224",Seville,OH,41.023469,-81.85711,3.0657
71947,PETRO USA,I-76 EXIT 2 & SR-3,Seville,OH,40.988542,-81.844373,3.079
391,PILOT TRAVEL CENTERS #13,"I-71, EXIT 209",Seville,OH,40.998792,-81.871263,3.699
71832,SHEETZ #753,SR 3,Seville,OH,41.006671,-81.826819,3.0823
1379,TA LODI TRAVEL CENTER,"I-71, EXIT 209 & I-76/US-224, EXIT 1",Seville,OH,41.035839,-81.869784,3.739
71949,24 STORE SHELBY,SR-61,Shelby,OH,40.893807,-82.629283,3.499
70338,LOVES TRAVEL STOP #747,"I-75, EXIT 90",Sidney,OH,40.287741,-84.151685,3.3457
71364,QUICK FUEL #3188,I-75,Sidney,OH,40.316455,-84.127994,3.3323
6229,FUEL MART #764,"I-70, EXIT 66 & SR- 54",South Vienna,OH,39.90957,-83.652063,3.129
68959,SPEEDWAY #5215,"I-70, EXIT 66 & SR-54",South Vienna,OH,39.930005,-83.637057,3.159
69900,LOVES TRAVEL STOP #605,"I-70, EXIT 59 & SR-41",Springfield,OH,39.950352,-83.816765,3.479
72688,SHEETZ #772,I-70 EXIT 59,Springfield,OH,39.947554,-83.842352,3.054
67647,BUCHS TRUCK STOP,SR-7,Steubenville,OH,40.382394,-80.610142,3.6923
70081,PILOT EXPRESS #1032,SR-7,Steubenville,OH,40.374132,-80.607639,3.629
65431,QUICK MART AND MORE,US-22 & SR-43,Steubenville,OH,40.377025,-80.616989,3.639
69983,MICKEY MART #57,US-250,Strasburg,OH,40.633273,-81.57468,3.4923
52385,Flying J Travel Plaza #696,"I-71, EXIT 131",Sunbury,OH,40.26177,-82.842393,3.719
388,Pilot Travel Centers #14,"I-71, EXIT 131",Sunbury,OH,40.268644,-82.832706,3.719
64235,PENNZMART FUEL EXPRESS,ST 100,Tiffin,OH,41.15556,-83.154898,3.4315
70778,CASEYS #3588,"I-75 N, EXIT 69",Tipp City,OH,39.935604,-84.20115,3.099
3616,PILOT TRAVEL CENTERS #15,"I-75, EXIT 210",Toledo,OH,41.647509,-83.535402,3.7723
64503,QUICK FUEL #2304,"I-75, EXIT 210",Toledo,OH,41.661436,-83.594535,3.6007
72288,S&G #88,I-475 Exit 13 & US-20,Toledo,OH,41.645074,-83.538608,3.009
66508,SAMS SUNOCO,I-75,Toledo,OH,41.631897,-83.527411,3.399
69394,SPEEDWAY #3424,"I-75, EXIT 73 & SR-55",Troy,OH,40.039004,-84.197449,3.1357
62918,CIRCLE K #4705567,ST 91,Twinsburg,OH,41.316209,-81.429509,3.6323
71326,CIRCLE K #4705730,"I-480 & SR-82, EXIT 36",Twinsburg,OH,41.350658,-81.448526,3.989
64236,KFC TRAVELMART,SR-199,Upper Sandusky,OH,40.824164,-83.258948,3.249
69958,LOVES TRAVEL STOP #693,US-30/23 & SR-199,Upper Sandusky,OH,40.851025,-83.276624,3.889
66964,PILOT TRAVEL CENTERS #239,US-30/US-23,Upper Sandusky,OH,40.799973,-83.265935,3.899
70031,SPEEDWAY #8020,US-30,Upper Sandusky,OH,40.831377,-83.303953,3.799
68946,FLYING J #97,"I-75, EXIT 64",Vandalia,OH,39.879551,-84.199541,3.3523
70319,SPEEDWAY #3650,"I-76, EXIT 11 & SR-261",Wadsworth,OH,41.062011,-81.744223,3.699
66854,TA WAPAKONETA TRAVEL CENTER,"I-75, EXIT 111",Wapakoneta,OH,40.536398,-84.212997,3.2823
72597,CIRCLE K #4705697,US 422,Warren,OH,41.183983,-80.889203,3.6123
69117,SPEEDWAY #6395,US-24 & SR-64,Waterville,OH,41.532917,-83.747663,3.699
4887,SUNOCO,"I-80 & I-90, EXIT 3",Wauseon,OH,41.574992,-84.132883,3.699
6096,Waverly Travel Center,US-23,Waverly,OH,39.09751,-82.98167,3.4157
67618,7-ELEVEN #40441,I-80 MM 21E,West Unity,OH,41.562229,-84.463313,3.6623
67619,7-ELEVEN #40442,"I-80, MM 21W",West Unity,OH,41.608258,-84.402361,3.6623
70635,CIRCLE K #4705706,US-224 & SR-99,Willard,OH,41.037846,-82.763012,3.599
7408,FRIENDSHIP FOOD MART #99,US-224 & SR-61/SR-598,Willard,OH,41.066557,-82.705153,3.6323
72922,SUNOCO,SR-640,Willoughby,OH,41.616329,-81.380714,3.859
3620,One9 #16,"I-71 & US-68, EXIT 50",Wilmington,OH,39.451953,-83.803981,3.1423
71960,BELL STORES #1159,US-30 & CR-144,Wooster,OH,40.823363,-81.96217,3.659
60473,BELL STORES #50,ST 3,Wooster,OH,40.806053,-81.918423,3.599
72927,Bell Stores #165,US-30,Wooster,OH,40.77451,-81.982868,3.5157
64525,PILOT TRAVEL CENTERS #3,"I-80, EXIT 223",Youngstown,OH,41.049896,-80.778294,3.4523
72445,SHEETZ #639,I-80 Exit 223,Youngstown,OH,40.991299,-80.830992,3.059
7169,TA YOUNGSTOWN TRAVEL CENTER,"I-80 & SR 46, EXIT 223",Youngstown,OH,41.04667,-80.770359,3.444
66020,LOVES TRAVEL STOP #221,I-70 EXIT 160,Zanesville,OH,39.954294,-81.988151,3.4823
69123,LATTA TRAVEL STOP,SR-1,Ada,OK,34.786803,-96.70181,3.1073
63759,BUFFALO RANCH,US/69/US-60 & US-59,Afton,OK,36.595632,-94.98171,3.099
72193,MERRIMAN COUNTRY STORE,SR-1 & CR-3700,Allen,OK,34.853993,-96.446891,3.099
71927,Allsups Convenience #2420,US 283,Altus,OK,34.681439,-99.319519,2.979
64243,Caseys #4519,US-62,Altus,OK,34.681681,-99.338079,3.0057
70888,HUTCHS #125,US-283,Altus,OK,34.627249,-99.354667,2.999
71105,SHEPHERD 700,US-64 & CR-450,Alva,OK,36.82037,-98.633064,3.219
71615,HUTCHS #128,US-62 & US-281/SR-8,Anadarko,OK,35.069756,-98.223494,2.999
61968,FLYING J TRAVEL PLAZA #701,"I-35, EXIT 33",Ardmore,OK,34.137529,-97.194061,3.659
70385,LONGHORN EXPRESS,US-70,Ardmore,OK,34.189264,-97.154516,3.009
52455,LOVES TRAVEL STOP #266,"I-35, EXIT 32",Ardmore,OK,34.188755,-97.204852,3.649
71197,ASAP GENERAL STORE #304,US-60/SR-51 & US-283,Arnett,OK,36.060597,-99.689806,3.2323
73106,ALLSUPS CONVENIENCE STORE #2472,US-75,Atoka,OK,34.347857,-96.174073,2.9673
65912,ATOKA FUEL,US-75/US-69/SR-3,Atoka,OK,34.375871,-96.15613,3.179
52480,LOVES TRAVEL STOP #268,US6-9 & US-75,Atoka,OK,34.343862,-96.177008,3.489
69576,PILOT #498,US-69/75 & SR-7,Atoka,OK,34.317397,-96.1368,3.499
71193,ASAP GENERAL STORE #308,US-60 & SR-123,Bartlesville,OK,36.736785,-95.9863,3.191
70557,LOVES TRAVEL STOP #727,"I-44, EXIT 283 & US-69",Big Cabin,OK,36.513245,-95.193072,3.4123
7,WOODSHED OF BIG CABIN,"I-44, EXIT 283 & US-69",Big Cabin,OK,36.545154,-95.262599,3.0073
1391,ONCUE EXPRESS #2045,"I-35, EXIT 203 & SR-15",Billings,OK,36.54218,-97.434874,3.2157
70750,CASEYS #3787,"I-35, EXIT 222",Blackwell,OK,36.78922,-97.258233,2.999
67316,LOVES TRAVEL STOP #302,US-287 & US-412,Boise City,OK,36.740894,-102.568275,3.4023
6326,KANZA TRAVEL PLAZA,"I-35, EXIT 231 AND US-177",Braman,OK,36.95415,-97.308339,3.0273
69928,KUM & GO #1837,SR-51,Broken Arrow,OK,36.028018,-95.840161,3.0523
72811,QUIKTRIP #50,SR-51,Broken Arrow,OK,36.029981,-95.803725,3.129
64521,CHOCTAW TRAVEL PLAZA #635,US-259/SR-3,Broken Bow,OK,34.008038,-94.768521,2.999
72104,LOVES TRAVEL STOP #170,I-44 EXIT 166 & SR-18,CHANDLER,OK,35.678887,-96.871195,3.0873
64244,CHOCTAW NATION DURANT WEST #632,US-69/US-75,Calera,OK,33.909967,-96.424667,3.089
67090,LOVES TRAVEL STOP #373,US-69 & PLATTER RD,Calera,OK,33.940231,-96.445839,3.229
7574,108 FOOD AND FUEL,"I-40, EXIT 108 & US-66/US-281 BUS",Calumet,OK,35.579545,-98.146119,3.1357
3139,CHEROKEE TRAVEL MART,"I-40,  EXIT 108",Calumet,OK,35.554555,-98.111288,3.1057
63428,FLYING J TRAVEL PLAZA #702,"I-40, EXIT 264B",Checotah,OK,35.406071,-95.544008,3.699
68856,KWIK N EZ #1,"I-40, EXIT 265",Checotah,OK,35.44151,-95.50016,2.909
68964,JIFFY TRIP #201,US-64/SR-58,Cherokee,OK,36.720996,-98.357917,3.269
70353,ASAP General Store #314,"US-62, US-81, SR-9",Chickasha,OK,35.058633,-97.968046,3.1323
7611,LOVES TRAVEL STOP #167,"I-44, EXIT 83",Chickasha,OK,34.989432,-97.917499,3.1657
424,E EXPRESS,"I-40, EXIT 166",Choctaw,OK,35.458847,-97.265535,2.899
69134,LOVES TRAVEL STOP #486,"I-40 & US-270, EXIT 166",Choctaw,OK,35.461762,-97.288871,3.3373
63586,LOVES TRAVEL STOP #295,US-412 & US-69,Chouteau,OK,36.204043,-95.358066,3.2907
69413,ASAP GENERAL STORE #300,"I-40, EXIT 66 & US-183",Clinton,OK,35.543301,-99.009652,3.149
1395,DOMINO FOOD AND FUEL #1,"I-40, EXIT 66",Clinton,OK,35.496243,-98.986829,3.099
7625,LOVES TRAVEL STOP #248,"I-40, EXIT 71",Clinton,OK,35.490738,-98.952728,3.1723
7622,COPAN TRUCK STOP,US-75,Copan,OK,36.923217,-95.921136,3.119
72895,Allsups#2465,SR 7,Davis,OK,34.470895,-97.084492,2.9673
7627,DAVIS TRADING POST,"I-35, EXIT 55",Davis,OK,34.486433,-97.076678,2.979
60476,PETES #11,US-75,Dewey,OK,36.824224,-95.924655,3.154
70753,CASEYS #3798,"I-44, EXIT 211",Drumright,OK,35.958121,-96.507326,3.119
69943,ASAP GENERAL STORE #313,US-81,Duncan,OK,34.536288,-97.965191,3.1323
71313,LOVES TRAVEL STOP  #821,"US-70, Exit W Main St",Durant,OK,34.010832,-96.406618,3.489
63502,FLYING J TRAVEL PLAZA #704,I-35 & 122ND ST,Edmond,OK,35.694674,-97.515787,3.3057
72090,DOMINO #128,US-81 & SR-66,El Reno,OK,35.509332,-97.984526,3.199
70305,LOVES TRAVEL STOP #737,I-40/US-270,El Reno,OK,35.527151,-97.98127,3.344
73081,ALLSUPS #2476,I-40 EXIT 38 & SR 6,Elk City,OK,35.416437,-99.440723,2.9307
65441,HUTCH'S #103,SR-6 & SR-66,Elk City,OK,35.386555,-99.424725,2.969
67715,HUTCH'S #109,"I-40, EXIT 38",Elk City,OK,35.384641,-99.383896,2.969
68343,HUTCH'S #119,I-40 EXIT 40,Elk City,OK,35.448167,-99.461057,2.969
3974,LOVES TRAVEL STOP #201,I-40 EXIT 41,Elk City,OK,35.385585,-99.451327,3.1257
4113,ASAP GENERAL STORE #330,US-412/SR-15,Enid,OK,36.374375,-97.891901,3.0823
67338,HUTCH'S #114,US-81,Enid,OK,36.376812,-97.824706,2.999
69742,LOVES TRAVEL STOP #630,US-412/64,Enid,OK,36.391111,-97.901888,3.7873
7655,LOVES TRAVEL STOP #253,I-40 EXIT 7 & SR 30,Erick,OK,35.266546,-99.899204,3.2057
63799,LOVES TRAVEL STOP #204,US-69 BUS & US-69,Eufaula,OK,35.303367,-95.620362,3.689
71195,ASAP GENERAL STORE #301,"I-40, EXIT 108 & US-281/SR-8",Geary,OK,35.631723,-98.35467,3.1323
61477,CHOCTAW NATION GRANT #633,US-271,Grant,OK,33.942243,-95.526311,2.999
69475,GUTHRIE TRAVEL CENTER,I-35 EXT 138C,Guthrie,OK,35.859295,-97.436398,2.9657
69589,LOVES TRAVEL STOP #604,I-35 EXIT 157 & SR-33,Guthrie,OK,35.855624,-97.423267,3.319
483,ALLSUPS #2387,US-54/SR-136/SR-3 & US-64,Guymon,OK,36.689986,-101.480438,2.9757
66649,CHOCTAW TRAVEL PLAZA #637,US-59 & CR-E1452,Heavener,OK,34.861003,-94.622305,3.299
72287,CASEY'S #4522,US-81,Hennessey,OK,36.061695,-97.901984,3.059
71609,QUIKTRIP #73,"US-75, US 62",Henryetta,OK,35.472982,-96.0259,3.0257
72490,ASAP GENERAL STORE #322,US-281,Hinton,OK,35.462311,-98.364709,3.1323
67064,LOVES TRAVEL STOP #385,"I-40, EXIT 101 & US-281",Hinton,OK,35.446846,-98.325681,3.3857
2764,LOVES TRAVEL STOP #046,US-64/54 & SR-94,Hooker,OK,36.784174,-101.231691,3.5623
65444,TXB #24 dba Kwik Chek Food Stores,US-70,Hugo,OK,33.991307,-95.498563,2.969
72548,GASQUATCH,US-70/SR-3,Idabel,OK,33.854322,-94.769823,3.1073
65445,QWIK CHEQUE,US-70 & SR-37,Idabel,OK,33.917673,-94.778281,3.199
67735,Fast Fuel,US-81/SR-3,Kingfisher,OK,35.88848,-97.938191,3.1907
73128,ALLSUPS CONVENIENCE STORE #2477,HWY 69 & 11th st,Kiowa,OK,34.726075,-95.923616,2.9573
20049,LOVES TRAVEL STOP #263,"I-44, EXIT 45 & SR-49",Lawton,OK,34.608412,-98.343521,3.2173
69651,LOVES TRAVEL STOP #074,SR-19 & SR-76,Lindsay,OK,34.837136,-97.570568,3.0907
72639,ALLSUPS #2423,US-377 & US-70,Madill,OK,34.049707,-96.791008,2.959
70262,ASAP GENERAL STORE #332,US-70 & US-377,Madill,OK,34.117309,-96.724582,3.0157
70453,MARIETTA PETROLEUM,"I-35, EXIT 15 & SR-32",Marietta,OK,33.974513,-97.12106,2.9223
69811,Chisholm Corner #16,US-81 & SR-7,Marlow,OK,34.618488,-97.915351,3.0157
70757,CASEYS #3811,US-69,McAlester,OK,34.947209,-95.774966,3.2257
72105,LOVES TRAVEL STOP #171,SR-375 & SR-31,McAlester,OK,34.92987,-95.789774,3.4373
72180,LITTLEFIELD EXPRESS #4,I-40 Exit 321,Muldrow,OK,35.438073,-94.653803,3.419
63532,FUELSMART,SR-165,Muskogee,OK,35.688674,-95.472416,3.2523
7753,LOVES TRAVEL STOP #166,SR-351,Muskogee,OK,35.722734,-95.489488,3.3373
71557,MUSKOGEE TRAVEL PLAZA,US-69,Muskogee,OK,35.689492,-95.474666,3.0157
66894,PILOT TRAVEL CENTERS #259,US-69,Muskogee,OK,35.735202,-95.461269,3.3223
69495,QUIKTRIP #72,US-69 & US-62,Muskogee,OK,35.720032,-95.460975,3.0323
70068,LOVES TRAVEL STOP #712,"I-44, EXIT 107",Newcastle,OK,35.261185,-97.637639,3.4257
72155,JIFFY TRIP #142,US-77,Newkirk,OK,36.877761,-97.0246,3.059
67764,NINNEKAH TRUCK STOP,US-277/US-81 & SR-19,Ninnekah,OK,34.880963,-97.90316,3.229
20050,LOVES TRAVEL STOP #260,"I-35, EXIT 106 & SR-9 W",Norman,OK,35.229518,-97.430401,3.254
70769,CASEYS #3527,US-169 & US-60,Nowata,OK,36.658194,-95.612238,3.1823
69654,LOVES TRAVEL STOP #636,US-169,Nowata,OK,36.730321,-95.649235,3.399
72882,CASEYS #4330,"I-40, EXIT 221",Okemah,OK,35.444427,-96.318054,2.9257
52658,LOVES TRAVEL STOP #274,"I-40, EXIT 221 & SR-27",Okemah,OK,35.435616,-96.3561,3.3557
63575,OKEMAH TRAVEL CENTER,"I-40, EXIT 221 (ST 27)",Okemah,OK,35.502766,-96.343688,2.879
67666,5 STAR TRUCK STOP,"I-44, EXIT 137",Oklahoma City,OK,35.408654,-97.561748,2.879
52635,E EXPRESS at MLK,"I-40 & I-35, EXIT 127",Oklahoma City,OK,35.354259,-97.49716,2.889
3383,E-Express at Central Truck Stop,"I-35, EXIT 137",Oklahoma City,OK,35.39472,-97.503926,2.879
52468,FLYING J TRAVEL PLAZA #703,"I-40, EXIT 140",Oklahoma City,OK,35.378669,-97.514391,3.309
4227,LOVES TRAVEL STOP #203,"I-40, EXIT 140",Oklahoma City,OK,35.344455,-97.554199,3.3557
3973,LOVES TRAVEL STOP #205,"I-35 & I-44, EXIT 137",Oklahoma City,OK,35.367894,-97.544349,3.319
8840,LOVES TRAVEL STOP #211,"I-35, EXIT 120",Oklahoma City,OK,35.384957,-97.562633,3.2557
72643,ONCUE #147,"I-44, EXIT 12",Oklahoma City,OK,35.389088,-97.572129,3.049
421,PETRO STOPPING CENTER #316,"I-40 & I-35, EXIT 127",Oklahoma City,OK,35.34888,-97.558224,3.3023
64676,PILOT TRAVEL CENTERS #460,"I-40, EXIT 140",Oklahoma City,OK,35.388692,-97.501732,3.309
72787,QUIKTRIP #7011,"I-35, EXIT 118",Oklahoma City,OK,35.404616,-97.569804,3.0323
7156,TA OKLAHOMA CITY EAST TRAVEL CENTER,"I-40, EXIT 142",Oklahoma City,OK,35.39087,-97.542571,3.3007
7154,TA OKLAHOMA CITY WEST TRAVEL CENTER,"I-40, EXIT 140",Oklahoma City,OK,35.400466,-97.497933,3.3023
69818,LOVES TRAVEL STOP #675,US-75,Okmulgee,OK,35.599384,-96.006631,3.2173
64261,Phillips 66,US-75/SR-56,Okmulgee,OK,35.627066,-95.966439,2.989
65451,Petes #15,US-169 & SR-88,Oologah,OK,36.46567,-95.734816,3.159
68912,Chisholm Corner #13,"SR-19 & I-35, EXIT 72",Pauls Valley,OK,34.736455,-97.218234,3.089
6318,Chisholm Corner #15,"I-35, EXIT 72 & US-19",Pauls Valley,OK,34.744715,-97.234483,3.3873
67620,LOVES TRAVEL STOP #452,"I-35, EXIT 70",Pauls Valley,OK,34.773646,-97.182123,3.649
8895,PAULS VALLEY TRAVEL CENTER,"I-35, EXIT 72  & SR-19",Pauls Valley,OK,34.728959,-97.248393,2.999
68411,PAWNEE TRAVEL PLAZA,US-412 & SR-18,Pawnee,OK,36.3711,-96.796734,3.044
71147,CASEYS #3910,US-177 & SR-33,Perkins,OK,36.012253,-97.030232,3.0157
71831,Loves Travel Stop #865,"I-35, Exit 186",Perry,OK,36.288636,-97.248085,3.389
3843,ONCUE EXPRESS #61,"I-35, EXIT 185 & US-77",Perry,OK,36.271849,-97.28479,3.2157
66136,CHOCTAW TRAVEL PLAZA #638,US-270 & US-59 & US-112,Poteau,OK,35.071979,-94.616332,3.299
4101,E-Z MART #4411,HIGHWAY 69 & COBBLESTONE DR,Pryor,OK,36.252327,-95.284228,3.099
70191,LOVES TRAVEL STOP #734,"I-44, EXIT 5 & US-70",Randlett,OK,34.199699,-98.499365,3.1207
69963,7 CLANS RED ROCK GASINO,US-177,Red Rock,OK,36.43588,-97.126691,3.089
64256,CHEROKEE TRAVEL PLAZA,"I-40, EXIT 325",Roland,OK,35.418132,-94.505158,3.799
63755,PILOT TRAVEL CENTERS #196,"I-40, EXIT 325 & US-64",Roland,OK,35.456889,-94.548041,3.739
66598,WOODSHED LL,I-166 & I-169,S Coffeyville,OK,36.955295,-95.572269,3.099
69842,KUM & GO #0863,"I-44, EXIT 215 & SR-97",Sapulpa,OK,35.977787,-96.074734,3.2323
64682,FLYING J TRAVEL PLAZA #705,"I-40, EXIT 20 & US-283",Sayre,OK,35.343234,-99.619815,3.1823
69952,HUTCH'S #120,"I-40, EXIT 25",Sayre,OK,35.342331,-99.674881,2.984
6468,TA SAYRE TRAVEL CENTER,"I-40 & CEMETARY RD, EXIT 26",Sayre,OK,35.339816,-99.622503,3.064
69580,GORES TRAVEL PLAZA,US-270/SR-3,Seiling,OK,36.155916,-98.9247,3.149
70747,CASEYS #3702,US-377/SR-99 & SR-9,Seminole,OK,35.257065,-96.633576,3.0257
8927,LOVES TRAVEL STOP #219,"I-40, EXIT 200",Seminole,OK,35.208591,-96.67115,3.3623
68315,SHELL,"I-40, EXIT 200 & SR-99",Seminole,OK,35.2171,-96.691901,2.859
69165,EL TIPI QUICK STOP,US-283 & SR-15,Shattuck,OK,36.267805,-99.913047,3.2323
69959,BISCUIT HILL TRAVEL PLAZA,"I-40, EXIT 192",Shawnee,OK,35.307359,-96.996601,2.909
67423,FIRELAKE GRAND TRAVEL PLAZA,"I-40, EXIT 178 & SR-102",Shawnee,OK,35.311901,-96.9866,2.899
61492,SPRINGER TRAVEL PLAZA,I-35 EXIT 40,Springer,OK,34.306579,-97.158413,2.9157
67876,KUM & GO #0880,"US-412, EXIT 36",Stillwater,OK,36.134772,-97.072336,2.954
68839,CHOCTAW TRAVEL PLAZA #641,US-69/SR-43,Stringtown,OK,34.479206,-95.999467,3.159
66778,LOVES TRAVEL STOP #169,"I-44, EXIT 179 & US-377/SR-99",Stroud,OK,35.743115,-96.701338,3.144
69601,LOVES TRAVEL STOP #638,US-54,Texhoma,OK,36.495579,-101.829615,3.509
72814,ALLSUPS #2468,"I35, EXIT 5",Thackerville,OK,33.762022,-97.128865,2.9173
65457,THACKERSVILLE TRAVEL PLAZA,"I-35, EXIT 1",Thackerville,OK,33.757333,-97.140348,2.9323
71196,ASAP GENERAL STORE #302,SR-33 & SR 54,Thomas,OK,35.747264,-98.752425,3.1323
3165,LOVES TRAVEL STOP #213,"I-35, EXIT 211",Tonkawa,OK,36.655692,-97.2905,3.584
69155,PILOT TRAVEL CENTERS #1004,"I-35, EXIT 214 & US-60",Tonkawa,OK,36.675989,-97.345817,3.5957
66895,TA Express Tonkawa,"I-35, EXIT 40 & US-60",Tonkawa,OK,36.645889,-97.269492,3.294
69926,TONKAWA TRADING POST,"I-35, EXIT 214 & US-60",Tonkawa,OK,36.645181,-97.281026,2.999
68328,TONKAWA TRAVEL CENTER,"I-35, EXIT 214 & US-60",Tonkawa,OK,36.691464,-97.330023,3.099
71084,FIESTA MART #42,US-75,Tulsa,OK,36.051612,-96.06749,3.1657
63726,FLYING J TRAVEL PLAZA #706,"I-44 & I-244, EXIT 236",Tulsa,OK,36.08388,-96.032089,3.3657
3164,QUIKTRIP #102,"I-44, EXIT 222A",Tulsa,OK,36.052128,-96.074458,3.039
72390,QUIKTRIP #46,US 169 & SR 266,Tulsa,OK,36.093888,-96.051092,3.1423
72391,QUIKTRIP #56,US-169 & SR-11,Tulsa,OK,36.058082,-96.04177,3.1423
72810,QUIKTRIP #7,"I-244/US-412, Exit 10",Tulsa,OK,36.026855,-96.074862,3.119
3163,QUIKTRIP #71,"I-44, EXIT 238",Tulsa,OK,36.059853,-96.056726,3.039
72331,TUPELO TRAVEL STOP,SR-48 & SR-3,Tupelo,OK,34.584074,-96.446315,2.999
69590,LOVES TRAVEL STOP #654,US-81,Union City,OK,35.386894,-97.933634,3.3757
69584,LOVES TRAVEL STOP #648,US-70,Valliant,OK,33.998185,-95.065046,3.099
70188,KUM & GO #0890,I-44 (WESTBOUND),Vinita,OK,36.663443,-95.123596,3.059
69698,KUM & GO #0891,I-44 (EASTBOUND),Vinita,OK,36.666271,-95.118527,3.059
8977,LOVES TRAVEL STOP #168,"I-44, EXIT 20",Walters,OK,34.340227,-98.303997,3.194
67941,FIESTA MART #21,"I-40, EXIT 278",Warner,OK,35.487573,-95.313655,3.639
66676,HUTCH'S #118,"I-40, EXIT 108",Watonga,OK,35.875547,-98.387564,3.099
70640,LOVES TRAVEL STOP #794,SR-3/SR-33,Watonga,OK,35.850202,-98.380048,3.3757
69833,LOVES TRAVEL STOP #658,US-412,Watts,OK,36.079005,-94.671229,3.3473
64264,CASEYS #4594,US-81 & US-70,Waurika,OK,34.174698,-98.005803,3.0773
64265,ASAP GENERAL STORE #101,"I-40, EXIT 84 & US-54",Weatherford,OK,35.549907,-98.725616,3.1323
71194,ASAP GENERAL STORE #104,"I-40, EXIT 84 & US-54",Weatherford,OK,35.508323,-98.723104,3.1323
8987,LOVES TRAVEL STOP #255,"I-40, EXIT 287 & SR-100",Webbers Falls,OK,35.521305,-95.190256,3.789
71592,THE WOODSHED,US-59 & SR-10,Welch,OK,36.891939,-95.131667,3.099
69893,DOMINO EXPRESS #24,US-412/US-270/US-183/SR-3 & SR-15,Woodward,OK,36.40852,-99.427275,2.999
63793,HUTCH'S #113,US-183 & US-270/SR-15,Woodward,OK,36.412726,-99.385701,2.999
72106,Loves Country Store #118,US-77 & SR-29,Wynnewood,OK,34.620844,-97.155519,2.989
72857,7-ELEVEN #42019,SR-3 & SR-4,Yukon,OK,35.474503,-97.716741,3.159
70267,LOVES TRAVEL STOP #728,"I-5, EXIT 238 & SR-164",Albany,OR,44.681144,-123.164211,3.8473
636,UNION 76,"I-5, EXIT 233 E",Albany,OR,44.624595,-123.096438,3.379
2635,FLYING J #584,"I-5, EXIT 278",Aurora,OR,45.243391,-122.769987,3.859
5821,TA PORTLAND TRAVEL CENTER,"I-5,  EXIT 278",Aurora,OR,45.228202,-122.769955,4.0323
6633,BAKER TRUCK CORRAL,"I-84, EXIT 304",Baker City,OR,44.810756,-117.865608,3.4257
66553,JACKSONS FOOD STORE #83,"I-84, EXIT 304",Baker City,OR,44.788511,-117.870951,3.599
72995,LOVES TRAVEL STOP #569,I-84 EXIT 304,Baker City,OR,44.773314,-117.826661,3.4573
73117,MAVERIK #722,"I-29, EXIT 304",Baker City,OR,44.749757,-117.812315,3.459
69712,LOVES TRAVEL STOP #650,"I-84/US-30, EXIT 159",Boardman,OR,45.828295,-119.684401,3.5223
5477,CHEVRON #383766,"I-5, EXIT 216",Halsey,OR,44.365062,-123.085538,3.099
66025,SPACE AGE TRAVEL CENTER,"I-84, EXIT 183 & SR-207",Hermiston,OR,45.842256,-119.314356,3.3323
6106,TA HUNTINGTON,"I-84, EXIT 353",Huntington,OR,44.370613,-117.285407,3.639
6480,FLYING J #934,"I-84, EXIT 265",La Grande,OR,45.306325,-118.08447,3.5357
20054,Jacksons Food Stores,"I-84, EXIT 261",La Grande,OR,45.329557,-118.079006,3.687
71057,LOVES TRAVEL STOP #795,US-97/US-26 & HALL RD,Madras,OR,44.630209,-121.12812,3.689
71113,PLATEU TRAVEL PLAZA,"I-95, EXIT 39A & US-1",Madras,OR,44.671561,-121.121585,3.359
67167,LOVES TRAVEL STOP #372,"I-84, EXIT 374",Ontario,OR,44.055602,-116.965494,3.689
63574,PILOT TRAVEL CENTERS #232,"I-84, EXIT 376A",Ontario,OR,44.032604,-116.941764,3.699
6951,ARROWHEAD TRAVEL PLAZA,"I-84, EXIT 216 & SR 331,",Pendleton,OR,45.693558,-118.809095,3.259
7147,JUBITZ TRAVEL PLAZA,"I-5, EXIT 307",Portland,OR,45.472002,-122.652161,3.859
52630,PILOT TRAVEL CENTERS #386,"I-5, EXIT 263",Salem,OR,44.973497,-122.98819,3.859
52624,PILOT TRAVEL CENTERS #390,"I-84, EXIT 188 & US-395",Stanfield,OR,45.750473,-119.171889,3.469
578,LOVES TRAVEL STOP #449,"I-84, EXIT 17",Troutdale,OR,45.506616,-122.351174,3.779
7148,TA TROUTDALE TRAVEL CENTER,"I-84, EXIT 17",Troutdale,OR,45.518109,-122.352382,3.9323
66550,CIRCLE K #2709663,"I-82, EXIT 730",Umatilla,OR,45.91462,-119.317814,3.639
6944,CROSSROADS TRUCK STOP,"I-82, EXIT 1 & US-730",Umatilla,OR,45.905731,-119.352488,3.239
70667,EZ TRIP #1226,"I-84, EXIT 104 & US-97",Wasco,OR,45.583198,-120.724147,3.239
66041,PILOT TRAVEL CENTERS #195,"I-84, EXIT 104 & US-97",Wasco,OR,45.571064,-120.708965,3.8657
70669,TA EXPRESS BIGGS,"I-84, EXIT 104 & US-97",Wasco,OR,45.568255,-120.726057,3.199
62996,MARTIN GENERAL STORE,US-22,Alexandria,PA,40.550259,-78.078932,3.539
61571,7-ELEVEN #40280,MILE MARKER 55 NE EXT PENN TPKE,Allentown,PA,40.620101,-75.499681,3.589
70926,QUARLES #4431,US-22,Allentown,PA,40.580223,-75.452049,3.989
9161,TREXLER PLAZA TRUCK STOP,I-78/US-22,Allentown,PA,40.638506,-75.482523,3.6323
68191,MARTIN GENERAL STORE # 207,SR-865/I-99 EXIT 41,Altoona,PA,40.541856,-78.408519,3.539
69719,SHEETZ #033,"I-99/US-220, EXIT 41 & SR-865",Altoona,PA,40.554024,-78.428919,3.529
69982,RUTTERS #68,US-422 & SR-934,Annville,PA,40.372519,-76.573353,4.299
68506,WARRIOR RIDGE,US-22 & SR-3035,Ashland,PA,40.739745,-76.337254,3.699
70142,ONVO TRAVEL PLAZA - AVIS,"US-220, EXIT 118",Avis,PA,41.153463,-77.298723,3.539
69369,SPEEDWAY #2912,SR-65,Baden,PA,40.60526,-80.173895,3.9123
61508,7-ELEVEN #40275,"I-70 & I-76 NB, MM 147",Bedford,PA,40.030374,-78.513142,4.199
61509,7-ELEVEN #40275,"I-70/I-76 SB, MM 147",Bedford,PA,40.003085,-78.564521,4.199
65513,GETGO #3602,"I-76, EXIT 146 & I-99, EXIT 1 & US-220",Bedford,PA,39.991733,-78.49012,4.0923
71874,Rutters #85,I-76 & US-30,Bedford,PA,39.976548,-78.502826,4.099
2287,SAC SHOP #511,"I-76/I-70, EXIT 146 & I-99/US-220 EXIT 1",Bedford,PA,39.992606,-78.530059,4.099
70687,RUTTERS #87,"I-99, EXIT 78B & SR-150",Bellefonte,PA,40.891473,-77.752731,4.0157
68155,SHEETZ #181,"I-80, EXIT 158 & SR-220",Bellefonte,PA,40.887347,-77.737054,3.729
64270,PENN JERSEY DIESEL & TRAILER,"I-95, EXIT 37",Bensalem,PA,40.149021,-74.92194,4.199
52594,PILOT TRAVEL CENTERS #348,"I-70, EXIT 32B",Bentleyville,PA,40.093672,-80.024612,4.109
66531,MIDWAY EXXON TRAVEL CENTER,"I-78, EXIT 16",Bethel,PA,40.503407,-76.286372,3.359
61511,MIDWAY FUEL AND TRUCK WASH,"I-78/US-22, EXIT 16",Bethel,PA,40.49598,-76.280858,3.364
65514,ONVO TRAVEL PLAZA,"I-78, EXIT 13 & SR- 501",Bethel,PA,40.471094,-76.283751,3.3473
69783,SHEETZ #603,"I-78 US-22, EXIT 13 & SR-501",Bethel,PA,40.479144,-76.260981,3.3273
69110,SHEETZ #498,US-22/US-119,Blairsville,PA,40.457005,-79.239068,3.5273
70164,ONVO TRAVEL PLAZA - BLAKESLEE,I-80 EXIT 284,Blakeslee,PA,41.071016,-75.567327,3.5657
72583,SHEETZ #769,I-80 Exit 232,Bloomsburg,PA,41.016048,-76.466931,3.329
7121,TA BLOOMSBURG TRAVEL CENTER,"I-80, EXIT 232",Bloomsburg,PA,41.036195,-76.442125,3.9573
68161,KWIK FILL #390,SR-15 & TABER RD,Blossburg,PA,41.659517,-77.040418,3.684
52599,7-ELEVEN #40285,"I-76, EXIT 21/286",Bowmansville,PA,40.200655,-76.051122,3.9707
5170,FLYING J #516,"I-76, EXIT 161 & I-70",Breezewood,PA,39.961814,-78.257314,5.099
1414,SAC SHOP #507,"I-70, EXIT 12/161",Breezewood,PA,39.960683,-78.251664,4.099
7131,TA BREEZEWOOD TRAVEL CENTER,"I-76 & US30, EXIT 161",Breezewood,PA,39.982176,-78.219984,4.299
71838,RUTTERS #24,SR-74 & SR-2069,Brogue,PA,39.846337,-76.429352,4.099
66042,FLYING J TRAVEL PLAZA #707,"I-80, EXIT 78",Brookville,PA,41.171055,-79.111408,4.034
71697,LOVES TRAVEL STOP #829,I-80 EXIT 81,Brookville,PA,41.180783,-79.098163,4.019
7129,TA BROOKVILLE TRAVEL CENTER,"I-80 EXIT 78, & SR-36",Brookville,PA,41.187253,-79.063738,4.029
61515,Carlisle Fuel Stop,"I-81, EXIT 52",Carlisle,PA,40.23212,-77.194517,3.359
52472,FLYING J TRAVEL PLAZA #708,"I-81, EXIT 52",Carlisle,PA,40.22034,-77.210586,4.109
63501,LOVES TRAVEL STOP #407,I-81 EXIT 52B OR I-76 EXIT 226,Carlisle,PA,40.23472,-77.182299,4.099
7135,PETRO STOPPING CENTER #336,"I-81, EXIT 52 & I-76, EXIT 226",Carlisle,PA,40.205323,-77.210738,4.149
72467,SUNOCO SERVICE STATION,I-81 Exit 44 & SR-465,Carlisle,PA,40.2753,-77.163275,3.889
67282,RUTTERS #65,"I-81, EXIT 14 & US-11",Chambersburg,PA,39.903338,-77.643075,4.399
70003,SPEEDWAY #2926,SR-837,Clairton,PA,40.312171,-79.963386,3.9257
69109,SHEETZ #497,"I-99, EXIT 15 & US-220 (BUSINESS)",Claysburg,PA,40.290089,-78.469787,3.644
7126,SAPP BROS TRAVEL CENTER,"I-80, EXIT 120",Clearfield,PA,41.02206,-78.446956,3.899
3725,GENEVA TRUCK STOP,"I-79, EXIT 35/141",Cochranton,PA,41.509762,-80.034045,3.8157
9216,309 TRUCK STOP,SR-309,Coopersburg,PA,40.493963,-75.402021,3.759
72441,SHEETZ #165,US-6,Coudersport,PA,41.76382,-77.926932,3.699
65518,KWIK FILL #239,ST 51,Crescent,PA,40.577761,-80.19562,3.799
66624,Sunoco,"I-95, EXIT 25",Croydon,PA,40.132953,-74.891774,3.659
9381,SCOTT FUEL TRAVEL PLAZA,"I-81, EXIT 199",Dalton,PA,41.538781,-75.69763,3.599
71786,SHEETZ #751,I-76 EXIT 91,Donegal,PA,40.12726,-79.358353,3.259
70622,SPEEDWAY #6781,US-422,Douglassville,PA,40.290181,-75.701837,3.799
69146,DRUMS FUEL STOP,I-80 EXIT 262,Drums,PA,41.053255,-75.990298,3.569
20062,PILOT TRAVEL CENTERS #298,"I-80, EXIT 256 & SR-93",Drums,PA,41.006997,-75.983662,3.9757
52676,PILOT TRAVEL CENTERS #336,"I-80, EXIT 97 & US-219",Du Bois,PA,41.161903,-78.716804,4.034
69312,ONVO TRAVEL PLAZA - DUNCANNON,US-11/15,Duncannon,PA,40.428844,-77.086722,3.5523
6883,PILOT TRAVEL CENTERS #517,US- 22 & SR-322,Duncannon,PA,40.430361,-77.086885,4.199
70882,RUTTERS #77,US-11/US-15 & US-22,Duncannon,PA,40.395744,-77.06643,4.294
52340,KWIK FILL #249,US-22,Duncansville,PA,40.436486,-78.438216,4.0723
69999,RUTTERS #71,"I-99, EXIT 28 & US-22",Duncansville,PA,40.434169,-78.423945,4.099
70881,RUTTERS #79,"I-99/US-220, EXIT 28 US-22/SR-764",Duncansville,PA,40.407244,-78.475902,4.099
65521,RUTTERS #17,US-15 & SR-234,East Berlin,PA,39.969739,-76.994538,4.294
65522,TURKEY HILL #950324,US-322 & SR-23/SR-897,East Earl,PA,40.111507,-75.998095,3.7857
67406,GETGO #3701,"I-99, EXIT 23",East Freedom,PA,40.35465,-78.426447,4.099
67940,MARTIN GENERAL STORE,US-22,Ebensburg,PA,40.458355,-78.702159,3.524
1597,7-ELEVEN #36156,"I-70 & SR-519, EXIT 25/333",Eighty Four,PA,40.213246,-80.05887,4.999
9241,7-ELEVEN #40286,"I-76,  EXIT 23/312",Elverson,PA,40.182038,-75.757839,3.889
7106,PILOT DEALER #1163,"I-80, EXIT 42",Emlenton,PA,41.204427,-79.777701,4.0357
70662,GETGO #3202,I-79 EXIT 183A,Erie,PA,42.119805,-80.048647,3.899
52150,PILOT TRAVEL CENTERS #311,"I-90, EXIT 27 & SR-97",Erie,PA,42.165435,-80.114572,4.2157
52610,TA HARBORCREEK TRAVEL CENTER,"I-90, EXIT 35",Erie,PA,42.124774,-80.052986,4.199
64274,RUTTERS #53,"I-83, EXIT 32 & SR-382",Etters,PA,40.151306,-76.786763,3.999
65523,SAC SHOP #512,US-30,Everett,PA,39.984109,-78.354336,4.099
65524,SAC SHOP #514,I-76/I-70 & US-30,Everett,PA,40.003367,-78.386539,4.099
65525,SHELL,"I-95, EXIT 46A & US-1",Fairless Hills,PA,40.19629,-74.856199,3.899
52421,SHEETZ #194,"I-80, EXIT 97",Falls Creek,PA,41.141916,-78.82399,3.3073
68362,RUTTERS #5,US-30 & SR-997,Fayetteville,PA,39.911018,-77.548643,3.859
65552,A PLUS MINI MARKET,US-1 & SR-132,Feasterville Trevose,PA,40.147512,-75.024048,3.899
66263,One9 SPEEDWAY #6753,"I-78, EXIT 1",Fleetwood,PA,40.420708,-75.8266,3.8323
4267,CONOCO,US-30 & SR-41,Gap,PA,40.010434,-76.029866,3.799
71251,RUTTERS #91,US-30 & SR-772,Gap,PA,39.980569,-76.008214,4.199
1424,GETTYSBURG TRAVEL PLAZA,US-15 & SR-394,Gettysburg,PA,39.867229,-77.208115,3.899
67269,ONVO TRAVEL PLAZA - GOULDSBORO,"I-380, EXIT 13 & SR-507",Gouldsboro,PA,41.273817,-75.497553,3.5857
72443,SHEETZ #553,I-81 Exit 3,Greencastle,PA,39.787719,-77.715685,3.3323
65527,SUNOCO SERVICE STATION,"I-81, EXIT 5",Greencastle,PA,39.791916,-77.777596,3.899
3022,TA GREENCASTLE TRAVEL CENTER,"I-81, EXIT 5",Greencastle,PA,39.763674,-77.720222,3.959
9280,ONVO TRAVEL PLAZA - LAKEWOOD,"I-84, EXIT 20 & SR-507",Greentown,PA,41.370038,-75.31101,3.5457
67163,LOVES TRAVEL STOP #358,"I-78, EXIT 23",Hamburg,PA,40.577629,-76.003156,3.8573
69830,RUTTERS #69,"I-78/US-22, EXIT 29 & SR-61",Hamburg,PA,40.531244,-75.999318,3.8657
9289,ONVO EXPRESS,"I-81, EXIT 217 & SR-547",Harford,PA,41.761753,-75.657718,3.609
66116,ONVO TRAVEL PLAZA - HARFORD,"I-81, EXIT 217 & SR-547",Harford,PA,41.805,-75.664246,3.589
2926,EXIT 77 TRAVEL PLAZA,"I-81, EXIT 77 & SR-39",Harrisburg,PA,40.282315,-76.873067,3.499
3226,ONE9 #245,"I-81, EXIT 77 & SR-39",Harrisburg,PA,40.259359,-76.845564,3.609
6948,PILOT #4563,"I-8I, EXIT 77",Harrisburg,PA,40.279649,-76.848166,3.869
7112,TA HARRISBURG TRAVEL CENTER,"I-81, EXIT 77 & SR-39",Harrisburg,PA,40.238232,-76.876448,3.8157
6200,KWIK FILL #388,"I-80, EXIT 29 & SR-8",Harrisville,PA,41.150782,-79.944328,3.404
69649,SPEEDWAY #2921,"I-80, EXIT 29 & SR-8",Harrisville,PA,41.162269,-79.977283,3.434
7137,TA BARKEYVILLE TRAVEL CENTER,"I-80, EXIT 29 & SR-8",Harrisville,PA,41.197867,-80.014078,4.044
71785,7-ELEVEN #41266,I-81 & SR-924,Hazleton,PA,40.981304,-75.929102,3.839
68180,One9 #1374,"I-81, EXIT 143, SR-924",Hazleton,PA,40.942206,-75.950455,3.8623
69096,SPEEDWAY #2907,US-62 & SR-18,Hermitage,PA,41.20649,-80.460829,3.9373
65530,7-ELEVEN #40284,"I-76, EXIT 19/247",Hershey,PA,40.234326,-76.678272,3.9673
52595,7-ELEVEN #40281,"I-476,  EXIT 35/95",Jim Thorpe,PA,40.900674,-75.776928,3.589
68185,CITGO,US-22/SR-72,Jonestown,PA,40.441361,-76.471777,3.749
72146,HUTTER'S,SR-72,Jonestown,PA,40.445555,-76.476341,3.719
62008,LOVES TRAVEL STOP #366,"I-81, EXIT 90",Jonestown,PA,40.452465,-76.489566,3.8573
68937,LANTZ CORNERS MINI MART #255,US-6 & US-219,Kane,PA,41.672287,-78.78956,3.7157
72446,SHEETZ #656,US-219 & US-6,Kane,PA,41.68742,-78.835373,3.699
64275,7-ELEVEN #40279,I-276 & US-202 (KING OF PRUSSIA SERVICE PLAZA WB),King Of Prussia,PA,40.056546,-75.39684,3.884
6806,Onvo Travel Plaza,"I-78/US-22, EXIT 45 & SR-863",Kutztown,PA,40.557769,-75.753031,3.3273
71839,RUTTERS #92,US-222 & SR-737,Kutztown,PA,40.519041,-75.80435,3.699
71185,SHEETZ #698,"I-78/US-22, EXIT 45 & SR-863",Kutztown,PA,40.544026,-75.812536,3.329
62991,ONVO TRAVEL PLAZA,"I-84, EXIT 17",Lake Ariel,PA,41.476655,-75.447941,3.5857
68873,ONVO TRAVEL PLAZA - MOUNTAIN COBB,"I-84, EXIT 8",Lake Ariel,PA,41.46386,-75.445938,3.5857
7136,TA LAMAR TRAVEL CENTER,"I-80, EXIT 173 & SR-64",Lamar,PA,40.981301,-77.49157,4.0357
71811,7-ELEVEN #41826,SR-722 & SR-283,Lancaster,PA,40.041469,-76.332493,4.129
71707,QUARLES #4437,US HWY 30,Lancaster,PA,40.063787,-76.277662,3.999
69159,EXXON,US-15 & SR-49,Lawrenceville,PA,41.953697,-77.102851,3.699
70883,RUTTERS #41,US-422,Lebanon,PA,40.318363,-76.376421,3.799
70880,RUTTERS #81,SR-61 & SR-73,Leesport,PA,40.412878,-75.961009,3.8973
69625,RUTTERS #34,US-30 & SR-23,Leola,PA,40.068679,-76.152704,4.199
70924,QUARLES #4427,I-276 EXIT 351,Levittown,PA,40.167694,-74.804283,3.8457
61540,S&P Oil,US-13,Levittown,PA,40.166052,-74.85085,3.8157
65533,LIBERTY EXXON,US-15 & SR-414,Liberty,PA,41.562291,-77.091067,3.699
71037,SUNOCO,US-220 EXIT 111,Lock Haven,PA,41.131457,-77.447134,3.599
5774,PJ TRAVEL PLAZA,"I-80, EXIT 192 & SR-880",Loganton,PA,40.998258,-77.330958,3.479
3719,KEYSTONE TRUCK STOP,US-22 & SR-164,Loretto,PA,40.547882,-78.605033,3.999
5363,SPEEDWAY #6767,"I-75, EXIT 20",Manheim,PA,40.20597,-76.378045,4.499
68613,SHEETZ #236,SR-441 & SR-772,Marietta,PA,40.052655,-76.589101,3.389
70575,SPEEDWAY #6721,SR 51,Mc Kees Rocks,PA,40.449266,-80.123349,3.899
1432,KWIK FILL #259,"I-81, EXIT 57",Mechanicsburg,PA,40.196276,-77.022665,4.049
70456,RUTTERS #67,SR-16 & SR-75,Mercersburg,PA,39.843718,-77.907408,4.399
71164,DANDY MINI MART #59,SR-287,Middlebury Center,PA,41.865205,-77.28906,3.999
52598,7-ELEVEN #40283,"I-76, EXIT 19/247",Middletown,PA,40.187708,-76.740141,3.9707
69308,LOVES TRAVEL STOP #535,SR-283,Middletown,PA,40.194318,-76.750959,3.759
69345,RUTTERS #20,"I-76, EXIT 247 & I-283, EXIT 1A",Middletown,PA,40.229304,-76.743626,3.8223
6175,ONVO TRAVEL PLAZA - MIFFLINTOWN,US-322/US-22 & SR-35,Mifflintown,PA,40.595121,-77.364916,3.479
70455,RUTTERS #37,US-332/US-22 & SR-75,Mifflintown,PA,40.55831,-77.40033,4.099
67939,DELTA FUEL,"I-80, EXIT 242 & SR-339",Mifflinville,PA,41.052581,-76.314262,3.3657
66880,LOVES TRAVEL STOP #324,I-80 EXIT 242 & SR 339,Mifflinville,PA,41.071708,-76.283705,3.9657
68177,ONVO TRAVEL PLAZA - MIFFLINVILLE,"I-80, EXIT 242/CR-339",Mifflinville,PA,41.009547,-76.28247,3.3657
7116,TA MILESBURG TRAVEL CENTER,"I-80, EXIT 158",Milesburg,PA,40.908975,-77.78417,4.049
66061,FLYING J TRAVEL PLAZA #709,"I-80, EXIT 173",Mill Hall,PA,41.052932,-77.449131,4.0157
65532,PILOT TRAVEL CENTERS #1,"I-80,  EXIT 173",Mill Hall,PA,41.096505,-77.503351,4.0157
66838,RUTTERS #96,US-322 & SR-655,Milroy,PA,40.718213,-77.573514,4.0507
3281,AMERICAN TRUCK PLAZA,I-80 EXIT 215 & SR-254,Milton,PA,41.034297,-76.819048,3.799
72124,GET GO #3016,I-376 & SR-18,Monaca,PA,40.710545,-80.325063,5.499
70454,DANDY MINI MART #36,US-220,Monroeton,PA,41.733996,-76.501777,4.0323
69599,One9 SPEEDWAY #2917,SR-48 & SR-130,Monroeville,PA,40.406283,-79.773575,3.9923
68157,RAJS MINI MART,US-1/SR-29,Morrisville,PA,40.178069,-74.823359,3.899
9354,BFS FOODS TRUCK PLAZA,"I-79, EXIT 1",Mount Morris,PA,39.811166,-79.987102,4.499
64519,BLUE RIDGE TRAVEL PLAZA,"I-81 SOUTHBOUND, EXIT 155",Mountain Top,PA,41.108062,-75.918631,3.649
71770,ONVO TRAVEL PLAZA,"I-81, Exit 155",Mountain Top,PA,41.164233,-75.93878,3.5873
68933,RUTTERS #23,US-30 & SR-462,Mountville,PA,40.004559,-76.404871,3.979
52464,7-ELEVEN #40118,ST 220 & I-180,Muncy,PA,41.217947,-76.802662,4.359
7128,FLYING J #518,"I-78, EXIT 10 (PA 645)",Myerstown,PA,40.343519,-76.31731,3.869
65537,SHEETZ #048,US-22,Nanty Glo,PA,40.47388,-78.87704,3.5173
65538,WELMART,"SR-28, EXIT 16",Natrona Heights,PA,40.672716,-79.74827,4.1923
70127,SPEEDWAY #2929,"US-22, US-119",New Alexandria,PA,40.436608,-79.405787,3.9723
67874,RUTTERS #56,"I-83, EXIT 39A & SR-114",New Cumberland,PA,40.199392,-76.892145,3.899
65866,FLYING J TRAVEL PLAZA #710,"I-81, EXIT 219",New Milford,PA,41.883494,-75.715312,4.1757
68188,ONVO TRAVEL PLAZA - GIBSON,"I-81, EXIT 219 & SR-848",New Milford,PA,41.888908,-75.719082,3.589
72442,SHEETZ #239,I-70 Exit 57,New Stanton,PA,40.252209,-79.601523,3.2857
52602,7-ELEVEN #40277,"I-76, EXIT 16/226",Newburg,PA,40.109257,-77.536128,4.299
20066,KWIK FILL #228,"I-90, EXIT 45 & US-20",North East,PA,42.196959,-79.82251,4.089
72482,RUTTERS FARM STORE #80,SR 61,Orwigsburg,PA,40.644688,-76.070919,3.859
69520,SPEEDWAY #2908,SR-51,Perryopolis,PA,40.078865,-79.736521,3.9157
68156,A PLUS MINI MARKET,"I-95, EXIT 26",Philadelphia,PA,39.873128,-75.28251,3.999
68360,A PLUS MINI MARKET,"I-95, EXIT 19",Philadelphia,PA,39.849051,-75.283576,4.049
72241,ROYAL FARMS #242,I-95 Exit 27,Philadelphia,PA,39.897303,-75.281454,3.799
66117,ONVO TRAVEL PLAZA PINE GROVE,"I-81, EXIT 32",Pine Grove,PA,40.545919,-76.310722,3.539
69353,SPEEDWAY #2910,"I-79, EXIT 55",Pittsburgh,PA,40.473216,-79.95975,3.909
52664,PETRO STOPPING CENTER #378,I-81 EXIT 178B,Pittston,PA,41.332985,-75.754192,4.1657
63743,PILOT TRAVEL CENTERS #370,"I-81, EXIT 175",Pittston,PA,41.277887,-75.808806,4.1757
52597,7-ELEVEN #40278,"I-81, EXIT 44 & I-76",Plainfield,PA,40.212534,-77.305137,3.9673
67073,PILOT TRAVEL CENTERS #81,"I-79, EXIT 99",Portersville,PA,40.96342,-80.149683,4.259
70022,SHEETZ #583,US-322 & SR-655,Reedsville,PA,40.663001,-77.626055,3.4157
9340,LANCASTER TRAVEL PLAZA,US-30,Ronks,PA,39.996868,-76.180965,3.899
70117,RUTTERS #72,"I-81, EXIT 16 & US-30",Saint Thomas,PA,39.929199,-77.767582,4.399
52520,DANDY MINI MART #19,"ROUTE 17, EXIT 59-A",Sayre,PA,42.008265,-76.505742,3.9923
70925,QUARLES #4430,US-13,Sharon Hill,PA,39.892057,-75.236292,3.869
67436,7-ELEVEN #40069,"I-81, EXIT 29",Shippensburg,PA,40.079907,-77.511493,3.4223
69813,SHEETZ #608,"I-81, EXIT 24 & CR-696",Shippensburg,PA,40.027273,-77.502983,3.2857
71924,JIFFY,I-80 Exit 60,Shippenville,PA,41.217035,-79.440338,4.1323
68158,SUNOCO,"I-78, EXIT 29A/SR-61",Shoemakersville,PA,40.458723,-75.988036,3.639
70425,LOVES TRAVEL STOP #731,"I-79, EXIT 105 & SR-108",Slippery Rock,PA,41.081701,-80.047773,4.249
66310,FLYING J #620,"I-70, EXIT 49",Smithton,PA,40.116257,-79.770284,4.109
4707,SMITHTON TRUCKSTOP,"I-70, EXIT 39 & SR-3059",Smithton,PA,40.121066,-79.709159,3.899
70588,SPEEDWAY #7217,I-70 EXIT 49,Smithton,PA,40.13439,-79.752891,3.9157
3645,SNOW SHOE TRAVEL PLAZA,"I-80, EXIT 147 & SR-144",Snow Shoe,PA,41.040068,-77.919221,3.469
61560,7-ELEVEN #40272,"I-70 & 76, EXIT 10",Somerset,PA,40.008889,-79.067867,4.2073
61559,7-ELEVEN #40273,34 MILE WEST OF EXIT 11/146,Somerset,PA,40.040415,-79.070375,4.2073
67165,SOMERSET TRAVEL CENTER,"I-76 , EXIT 110",Somerset,PA,39.995559,-79.063542,4.219
65549,T&C MINI MART,SR-33 & SR-191,Stockertown,PA,40.761109,-75.264043,3.699
69980,RUTTERS #70,SR-896 & SR-741,Strasburg,PA,39.996094,-76.216575,4.199
20070,ONVO TRAVEL PLAZA - PROMISED LAND,"I-84, EXIT 26 & SR-390",Tafton,PA,41.43491,-75.215552,3.5457
60508,FEGLEY VALERO,SR-309,Tamaqua,PA,40.800105,-75.979932,3.599
69452,DANDY MINI MART #5,HWY 6,Towanda,PA,41.753002,-76.450156,3.999
72084,DANDY MINI MART #60,US-6 & SR-14,Troy,PA,41.771862,-76.758204,3.999
71527,D & C FUEL EAST,US-6/SR-92,Tunkhannock,PA,41.56154,-75.908141,3.699
69346,D AND C FUEL SALES,US-6 & CR-4019,Tunkhannock,PA,41.548168,-75.93389,3.699
69597,SPEEDWAY #2918,US-119,Uniontown,PA,39.873677,-79.70159,3.9157
61567,7-ELEVEN #35774,"I-76, EXIT 5/48",Verona,PA,40.505699,-79.852902,4.2073
61569,KWIK FILL #295,US-6 BUS,Warren,PA,41.852051,-79.201627,4.699
61570,7-ELEVEN #40276,"I-76, EXIT 12/161 & SR-655",Waterfall,PA,40.154052,-78.094407,4.199
9415,7-ELEVEN #40287,"I-76, EXIT 24A/326",Wayne,PA,40.058537,-75.383692,3.889
72510,STUCK FLEET FUELING,US-19,Waynesburg,PA,39.907635,-80.146647,4.499
64282,ONVO TRAVEL PLAZA - HICKORY RUN,"I-80, EXIT 274",White Haven,PA,41.085481,-75.785465,3.5857
67783,RUTTERS #4,US-30 & SR-1016/2011,Wrightsville,PA,39.965934,-76.553261,3.989
71098,DANDY MINI MART #74,US-6 & SR-187,Wysox,PA,41.766388,-76.396111,3.999
70457,RUTTERS #15,"I-83, EXIT 22 & SR-4009",York,PA,40.002721,-76.733201,4.199
68403,RUTTERS #16,"I-83, EXIT 10 & SR-214",York,PA,39.952137,-76.752725,4.199
65556,RUTTERS #60,US-30 & SR-116,York,PA,39.971508,-76.747323,4.249
70137,RUTTERS #8,"I-83, EXIT 14 & SR-182",York,PA,39.94671,-76.754777,4.199
71051,SHEETZ #683,I-83 EXIT 28,York,PA,39.971917,-76.730983,3.259
69614,RUTTERS #36,US-15 & SR-234,York Springs,PA,39.974045,-77.087486,4.299
68370,GULF EXPRESS DIESEL AND GAS,"I-295, EXIT 4 & SR-14",Johnston,RI,41.824184,-71.512039,3.799
63013,TA WEST GREENWICH,"I-95, EXIT 5B",West Greenwich,RI,41.603662,-71.670368,3.7657
68365,7-ELEVEN #36834,SR-72,Abbeville,SC,34.218493,-82.393036,3.619
65572,CIRCLE K #2705377,"I-20, EXIT 22 & US-1",Aiken,SC,33.556787,-81.709819,3.129
71740,SPRINT FOODS #735,US-78/US-1 & SR-19,Aiken,SC,33.526633,-81.731863,3.1723
71186,7-ELEVEN #36837,US-29 & SR-904,Anderson,SC,34.547844,-82.649472,3.089
71673,7-ELEVEN #41792,"I-85, EXIT 27",Anderson,SC,34.561071,-82.596689,2.959
4025,BP,"I-85, EXIT 21  & US-178",Anderson,SC,34.496174,-82.625234,2.909
68441,QUIKTRIP #1106,US-76,Anderson,SC,34.530243,-82.617613,2.959
65573,SPEEDWAY/7fleet #4587,US-501,Aynor,SC,33.986904,-79.15168,3.124
64287,CIRCLE K #2703099,"I-20, EXIT 33",Batesburg,SC,33.874085,-81.571529,3.0857
1470,CIRCLE K #2705348,US-1,Beech Island,SC,33.481335,-81.877085,3.159
67900,SPRINT FOODS #725,"I-520, EXIT 16/SR-28",Beech Island,SC,33.504831,-81.868874,3.349
69489,SPRINT FOODS #728,SR-38,Bennettsville,SC,34.664251,-79.67706,3.399
64288,PILOT #4581,"I-20, EXIT 116",Bishopville,SC,34.221808,-80.265953,3.4323
67720,REFUEL #1046,"I-20, EXIT 116 & US-15",Bishopville,SC,34.246459,-80.292205,3.309
71614,7-ELEVEN #41808,"I-85, EXIT 106 & US-29",Blacksburg,SC,35.097209,-81.498649,3.359
52388,FLYING J TRAVEL PLAZA #711,"I-85, EXIT 102",Blacksburg,SC,35.128753,-81.524645,3.429
63545,LOVES TRAVEL STOP #397,"I-85, EXIT 104",Blacksburg,SC,35.129515,-81.521325,3.419
64285,PILOT #4566,"I-85, EXIT 106",Blacksburg,SC,35.118522,-81.513424,3.429
72003,7-ELEVEN #42012,"I-77, EXIT 24 & US-21",Blythewood,SC,34.185832,-80.947975,3.109
71126,QUIKTRIP #1177,I-77 & US-21,Blythewood,SC,34.207606,-80.94822,3.0757
1625,PILOT TRAVEL CENTERS #60,"I-26, EXIT 159",Bowman,SC,33.326001,-80.655384,3.4323
67381,ENMARKET #875,US-78 & US-21,Branchville,SC,33.292116,-80.780044,3.2657
66355,CIRCLE K #2723439,"I-26, EXIT 5",Campobello,SC,35.085471,-82.128833,3.1323
69856,LOVES TRAVEL STOP #657,"I-77, EXIT 5 & SR-48",Cayce,SC,33.933039,-81.047693,3.3973
67755,BLUE WATER #12,"I-526, EXIT 23",Charleston,SC,32.972278,-79.87253,3.2323
63018,CIRCLE K #2723354,"I-526, EXIT 18A & US-78",Charleston,SC,32.938036,-79.835452,3.299
66793,CIRCLE K #2723693,"I-526, EXIT 19 & SR-10-60",Charleston,SC,32.952905,-79.845331,2.9757
68594,CIRCLE K #2723796,SR-S-8-33 & SR-S-8-119,Charleston,SC,32.945449,-79.844834,3.199
69755,PILOT #1082,"I-526, EXIT 19",Charleston,SC,32.941375,-79.827876,3.4157
72273,SPINX #341,SR-41,Charleston,SC,32.970582,-79.86705,3.3323
1447,HOT SPOT #3005,US-221,Chesnee,SC,35.127776,-81.870601,3.199
66075,CORNER MART #349,"I-26, EXIT 54 & SR-72",Clinton,SC,34.496063,-81.846219,3.099
52642,One9 #61,"I-26, EXIT 52 & SR-56",Clinton,SC,34.430755,-81.843768,3.099
71252,QUIKTRIP #1178,"I-26, EXIT 54 & SR-72",Clinton,SC,34.475752,-81.865775,3.099
70785,CIRCLE K #2705347,"I-77, EXIT 5 & SR-48",Columbia,SC,34.06281,-81.14049,3.204
52467,FLYING J TRAVEL PLAZA #712,"I-20, EXIT 70",Columbia,SC,34.069714,-81.172265,3.4323
69914,PETRO COLUMBIA,"I-77, EXIT 5 & SR-48",Columbia,SC,34.060397,-81.171187,3.4123
9542,SPINX #266,"I-26, EXIT 104",Columbia,SC,34.106231,-81.164263,3.1323
5592,TA COLUMBIA NORTH,"I-20, EXIT 71 & US-21",Columbia,SC,34.066186,-81.156088,3.439
68217,CIRCLE K #2723881,US-701 & US-501,Conway,SC,33.87638,-79.019054,3.184
73046,Refuel #63,US 501 & SR 544,Conway,SC,33.878157,-79.02714,3.134
67245,SPEEDWAY #4582,US-378,Conway,SC,33.871121,-79.078921,3.089
66761,SPEEDWAY #4589,US-501 & SR-90,Conway,SC,33.856481,-79.046024,3.064
67107,SPEEDWAY/7fleet #4595,US-501 & SR-544,Conway,SC,33.86515,-79.048455,3.089
9469,TA EXPRESS COWPENS #477,"I-85, EXIT 83 & SR-110",Cowpens,SC,35.049667,-81.842638,3.399
73025,151 TRAVEL CENTER,SR 34 & N Central Rd,Darlington,SC,34.330723,-79.838637,3.299
72925,AMOCO,US-52 & SR-340,Darlington,SC,34.330961,-79.908731,3.199
63931,LOVES TRAVEL STOP #371,"I-95, EXIT 190",Dillon,SC,34.408184,-79.405035,3.3307
72502,QUIKTRIP #7133,"I-95, EXIT 190 & SR-34",Dillon,SC,34.398836,-79.401941,3.0823
71389,SPEEDWAY #1590,"I-95, EXIT 193",Dillon,SC,34.432917,-79.410283,3.1257
71999,7-ELEVEN #41813,"I-85, EXIT 60",Duncan,SC,34.941873,-82.133775,3.099
20072,PILOT TRAVEL CENTERS #310,"I-85, EXIT 63 & SR-290",Duncan,SC,34.918849,-82.143542,3.4323
1479,TA SPARTANBURG TRAVEL CENTER,"I-85, EXIT 63 & SR-290",Duncan,SC,34.943074,-82.105709,3.4323
70592,LOVES TRAVEL STOP #751,"I-20, EXIT 87",Elgin,SC,34.123019,-80.813332,3.4257
64294,HOT SPOT #6004,"I-26, EXIT 28",Enoree,SC,34.660274,-81.923798,3.099
67329,LOVES TRAVEL STOP #387,"I-85, EXIT 4",Fair Play,SC,34.547174,-82.950876,3.2123
66562,TA EXPRESS FAIR PLAY,"I-85, EXIT 4",Fair Play,SC,34.535612,-82.964727,3.209
1455,PETRO FLORENCE,"I-95, EXIT 169",Florence,SC,34.181655,-79.740706,3.3257
52384,PILOT TRAVEL CENTERS #337,"I-95, EXIT 164 & US-52",Florence,SC,34.150697,-79.778041,3.349
9638,PILOT TRAVEL CENTERS #62,"I-95, EXIT 170 & SR-327",Florence,SC,34.19556,-79.809256,3.349
66362,TA FLORENCE TRAVEL CENTER,"I-95, EXIT 164 & US-52",Florence,SC,34.189508,-79.792752,3.3257
66899,LOVES TRAVEL STOP #333,"I-77, EXIT 83",Fort Mill,SC,34.970461,-80.853935,3.3807
72694,7-ELEVEN #42195,I-385 EXIT 23,Fountain Inn,SC,34.632347,-82.212581,3.1157
72876,QUIKTRIP #1139,"I-385, EXIT 23",Fountain Inn,SC,34.639081,-82.248141,3.0173
66329,CIRCLE K #2723438,"I-85, EXIT 96",Gaffney,SC,35.041767,-81.651744,3.199
63746,PILOT TRAVEL CENTERS #453,"I-85, EXIT 90",Gaffney,SC,35.032244,-81.630462,3.429
68702,QUIKTRIP #1120,"I-85, EXIT 90 & SR-105",Gaffney,SC,35.050525,-81.683202,3.1907
71165,PALMETTO EXPRESS #115,"I-26, EXIT 125 & US-176",Gaston,SC,33.825077,-81.12883,3.199
60513,CIRCLE K #2723873,US-17,Georgetown,SC,33.423955,-79.351644,2.899
69042,Joes Kwik Mart #7012,US-17/701,Georgetown,SC,33.40202,-79.297866,2.999
72733,Parker's #94,US-17 N,Georgetown,SC,33.421201,-79.360621,2.989
460,TRUCK STOP 44,I-20 EXIT 44,Gilbert,SC,33.935239,-81.420815,3.079
66198,CIRCLE K #2703117,"I-20, EXIT 11",Graniteville,SC,33.581705,-81.821019,3.159
68377,PILOT #4568,I-20 EXIT 11,Graniteville,SC,33.561122,-81.782584,3.3923
71857,QUIKTRIP #1196,"I-20, EXIT 11 & SR-144",Graniteville,SC,33.601492,-81.802421,3.159
61595,CORNER MART 3338,"I-85, EXIT 44",Greenville,SC,34.823092,-82.43002,2.907
72771,RACETRAC #2635,I-85 EXIT 44A,Greenville,SC,34.818711,-82.40264,2.899
61594,SPINX #138 (DISCOUNT AVAILABLE),"I-85, EXIT 44",Greenville,SC,34.816321,-82.437499,3.0423
69069,SPINX #179 (DISCOUNT AVAILABLE),SR-291,Greenville,SC,34.840935,-82.366857,3.799
72033,CHARLIE BS,SR-246,Greenwood,SC,34.165963,-82.148319,2.987
61596,HOT SPOT #2009,US-25/US-178 & SR-225,Greenwood,SC,34.15684,-82.154348,2.939
69469,QUIKTRIP #1110,"I-85, EXIT 60 & US-101",Greer,SC,34.881511,-82.228173,3.0857
61597,SPINX #121,"I-85, EXIT 56",Greer,SC,34.872934,-82.251125,3.1657
72456,SPINX #161,I-85 Exit 60 & SR-101,Greer,SC,34.921376,-82.282467,3.159
66628,Chevron,"I-95, EXIT 5 & US-17",Hardeeville,SC,32.281901,-81.048006,3.0073
5823,ENMARKET #863,"I-95, EXIT 8 & SR-88",Hardeeville,SC,32.265042,-81.042808,3.0823
68930,PILOT #4569,"I-95, EXIT 5",Hardeeville,SC,32.266508,-81.080814,3.3757
71283,QUIKTRIP #7135,US-17,Hardeeville,SC,32.237158,-81.042648,2.999
60516,ENMARKET #892,"I-95, EXIT 150",Harleyville,SC,33.255672,-80.416106,3.399
69036,REFUEL #1038,US-15 & SR-151,Hartsville,SC,34.408971,-80.098031,3.3657
61598,Shell,SR-41,Hemingway,SC,33.725528,-79.485748,3.199
65587,HOT SPOT #2022,US-25/US-76,Honea Path,SC,34.453962,-82.462562,2.909
1461,CIRCLE K #2705370,"I-26, EXIT 15 & US-176",Inman,SC,35.076482,-82.080425,3.099
61599,HOT SPOT #2013,"I-26, EXIT 10",Inman,SC,35.052508,-82.077384,3.149
73039,Spinx  #292,"I-26, EXIT 10",Inman,SC,35.065329,-82.017246,3.1657
63667,CIRCLE K #2723875,SR-41/SR-45,Jamestown,SC,33.232517,-79.633558,2.974
65588,SPEEDWAY #2836,US-17,Johns Island,SC,32.820706,-80.09474,3.069
72746,PARKERS #103,"I-26, Exit 205A",Ladson,SC,32.961564,-80.159747,3.2823
71485,Circle K #2709088,US-521 & SR-9,Lancaster,SC,34.764902,-80.728573,3.299
9365,FLYING J TRAVEL PLAZA #713,"I-95, EXIT 181",Latta,SC,34.323116,-79.426103,3.349
63510,PILOT #4584,"I-95, EXIT 181",Latta,SC,34.350407,-79.465629,3.349
71067,7-ELEVEN #41219,I-385 EXIT 9,Laurens,SC,34.469112,-82.051574,3.099
64301,HILLVIEW TRUCK STOP,"I-20, EXIT 39",Leesville,SC,33.883691,-81.453729,3.059
1464,CIRCLE K #2723254,"I-20, EXIT 55 & SR-6",Lexington,SC,33.948284,-81.234964,3.199
69030,LOVES TRAVEL STOP #424,"I-20, EXIT 51",Lexington,SC,34.009962,-81.244466,3.4073
71189,QUIKTRIP #1198,"I-20, EXIT 55",Lexington,SC,34.014489,-81.254735,3.129
67108,SPEEDWAY/7fleet #4594,SR-90,Longs,SC,33.874538,-78.759377,3.309
68808,SPEEDWAY #4574,US-701,Loris,SC,34.027355,-78.882168,3.269
1444,PILOT TRAVEL CENTERS #346,"I-20, EXIT 92 & US-601",Lugoff,SC,34.189632,-80.731747,3.4323
7095,TA MANNING TRAVEL CENTER,"I-95, EXIT 119",Manning,SC,33.590388,-80.225351,3.5173
61605,HOT SPOT #2028,US-76/US-301,Marion,SC,34.19085,-79.403352,2.999
72772,RACEWAY #6998,US-501 & SR-576,Marion,SC,34.194018,-79.373803,3.0157
72212,PARKERS #72,US-52 & SR- 402,Moncks Corner,SC,33.236908,-80.015035,3.2557
71916,Spinx 317,US-17 ALT,Moncks Corner,SC,33.194566,-80.026436,3.3123
71179,7-ELEVEN #41332,"I-26, EXIT 76 & SR-219",Newberry,SC,34.263489,-81.632426,3.3323
64298,CORNER MART #354,"I-26, EXIT 72",Newberry,SC,34.261543,-81.599643,3.299
67273,LOVES TRAVEL STOP #396,I-26 EXIT 76,Newberry,SC,34.319673,-81.613082,3.4157
9513,CIRCLE K #2705350,"I-20, EXIT 5 & US-25",North Augusta,SC,33.548226,-81.973483,3.159
68592,Sprint Food #742,US-25/SR-121,North Augusta,SC,33.508693,-81.948884,3.159
72071,7-Eleven #42182,Ashley Phosphate Rd & Cross Country Rd,North Charleston,SC,32.881157,-80.015597,3.459
65578,CIRCLE K #2723355,US-52,North Charleston,SC,32.816914,-80.01944,3.399
66100,CIRCLE K #2723692,"I-26, EXIT 213",North Charleston,SC,32.886056,-80.006936,3.399
72735,7-Eleven #41376,I-26 Exit 154B,Orangeburg,SC,33.489351,-80.835048,3.2257
67169,JD ORANGEBURG,US-301/US-601/SR-4,Orangeburg,SC,33.500573,-80.830952,3.3423
66760,LOVES TRAVEL STOP #326,I-26 EXIT 154A,Orangeburg,SC,33.516765,-80.856672,3.389
71202,QUIKTRIP #1181,"I-26, EXIT 154B & US-301",Orangeburg,SC,33.503992,-80.870332,3.2357
461,SPINX #271,"I-26, EXIT 145 & US-601",Orangeburg,SC,33.537341,-80.853617,3.2623
60515,FLASH MARKET #302,SR-9 & SR-151,Pageland,SC,34.779235,-80.37593,3.3857
71582,LOVES TRAVEL STOP #847,US-601 & SR-207,Pageland,SC,34.741514,-80.421269,3.3857
67949,7-ELEVEN #36835,"I-85, EXIT 32",Pelzer,SC,34.669669,-82.478358,3.1823
70458,STOP-A MINIT,US-25 & SR-418,Pelzer,SC,34.616027,-82.493609,2.899
71324,7-ELEVEN #38992,"I-85/US-29, EXIT 40 & I-185, EXIT 12",Piedmont,SC,34.748151,-82.463215,3.499
72394,LOVES TRAVEL STOP #871,"I-85, Exit 32",Piedmont,SC,34.743005,-82.490296,3.1973
52618,PILOT TRAVEL CENTERS #63,"I-85, EXIT 35",Piedmont,SC,34.763723,-82.467845,3.2223
69061,SPINX #125 (DISCOUNT AVAILABLE),US-25 & SR-331,Piedmont,SC,34.746193,-82.448831,3.0657
65593,CIRCLE K #2723441,"I-82, EXIT 73 & SR-773",Prosperity,SC,34.210241,-81.548525,3.1157
67088,PILOT #4580,"I-26, EXIT 82",Prosperity,SC,34.152458,-81.549711,3.4257
64299,CIRCLE K #2720881,US-17 & SR-165,Ravenel,SC,32.777885,-80.193954,3.439
9525,SCOTCHMAN #3891,"I-77, EXIT 65 & SR-9",Richburg,SC,34.721456,-80.990761,3.109
66925,FLYING J TRAVEL PLAZA #714,"I-77, EXIT 73",Rock Hill,SC,34.934745,-81.006415,3.399
65594,PILOT #4567,I-77 EXIT 77,Rock Hill,SC,34.948731,-81.048977,3.149
69659,QUIKTRIP #1092,"I-77, EXIT 77 & US-21/SR-5",Rock Hill,SC,34.922669,-80.98493,3.134
2306,SCOTCHMAN #3894,"I-77, EXIT 73 & SR-901",Rock Hill,SC,34.910518,-80.984087,3.079
64300,CIRCLE K #2723416,"I-26, EXIT 28",Roebuck,SC,34.85117,-81.978209,3.0823
64307,CIRCLE K #2723876,US-17 & SR-64,Round O,SC,32.918785,-80.60591,3.3723
68302,FLYING J #493,I-95 EXIT 77,Saint George,SC,33.174541,-80.546981,3.519
63511,PILOT #4576,"I-95, EXIT 82",Saint George,SC,33.194433,-80.589954,3.519
64310,Palmetto Roads #308,"I-95, EXIT 77",Saint George,SC,33.179078,-80.582729,3.009
72770,RACETRAC #2634,I-95 Exit 77 & US-78,Saint George,SC,33.158568,-80.597382,2.999
63668,PILOT #4579,"I-26, EXIT 139",Saint Matthews,SC,33.658051,-80.853936,3.509
65598,LEES QUICK STOP,US-52 & SR-45,Saint Stephen,SC,33.329557,-79.94934,3.4157
69027,SPINX #134 (DISCOUNT AVAILABLE),SR-55 & 418,Simpsonville,SC,34.693173,-82.323444,3.0657
69106,SPINX #201,"I-185, EXIT 1A, I-385, EXIT 30",Simpsonville,SC,34.669917,-82.252577,2.9657
69038,REFUEL #1028,US-421/US-52 & US-15,Society Hill,SC,34.416659,-79.882626,3.399
71181,7-ELEVEN #38637,"I-85, EXIT 72 & I-585/US-176",Spartanburg,SC,34.935799,-81.934215,3.1157
71131,7-ELEVEN #38816,"I-85, EXIT 66 & US-29",Spartanburg,SC,34.974646,-81.946869,3.3057
68212,CIRCLE K #2723415,"I-26, EXIT 16",Spartanburg,SC,34.921217,-81.941415,3.099
68348,HOT SPOT #6007,"I-85, EXIT 80",Spartanburg,SC,34.943029,-81.938241,3.089
70724,LOVES TRAVEL STOP #790,"I-95, EXIT108",Summerton,SC,33.562349,-80.384257,3.509
70158,FLYING J #1068,"I-26, EXIT 194 & SR-16",Summerville,SC,33.027331,-80.2096,3.509
3227,ONE9 MR FUEL #64,"I-26 & US-17, EXIT 199",Summerville,SC,33.005585,-80.160184,3.219
71104,SPINX #364,"I-26, EXIT 194",Summerville,SC,32.989956,-80.150481,3.399
72274,SPINX #366,SR-642,Summerville,SC,33.010606,-80.187717,3.279
66618,CIRCLE K #2723378,I-95,Sumter,SC,33.887295,-80.316589,3.159
72860,Circle K #2707070,"SR 378, Route 467",Sumter,SC,33.9181,-80.348022,2.9923
72228,REFUEL #1043,US-15,Sumter,SC,33.88179,-80.329721,3.0957
72229,REFUEL #1047,US-521,Sumter,SC,33.89312,-80.354602,3.0057
72579,Raceway #6986,US-378 & CR-467,Sumter,SC,33.888417,-80.378653,2.979
67697,FLORENCE TRAVEL PLAZA,"I-95, EXIT 150",Timmonsville,SC,34.113963,-79.941476,3.999
66560,Sunoco,"I-85, EXIT 11",Townville,SC,34.517374,-82.909556,3.199
67822,SPINX #178 (DISCOUNT AVAILABLE),"I-385, EXIT 42 & I-85, EXIT 51B & US-25",Travelers Rest,SC,34.967974,-82.46657,3.1923
72628,Gas Pro 6,SR-121 & US-25,Trenton,SC,33.679881,-81.861489,3.4657
6765,CIRCLE C TRAVEL PLAZA,"I-95, EXIT 68 & SR-61",Walterboro,SC,32.943613,-80.64133,3.079
64309,CIRCLE K #2723272,"I-26, EXIT 119",West Columbia,SC,33.976596,-81.109936,3.5457
9449,CORNER PANTRY #127,"I-26, EXIT 115 & US-321",West Columbia,SC,34.011669,-81.093724,3.4123
52428,PILOT TRAVEL CENTERS #338,"I-26, EXIT 115 & US-321",West Columbia,SC,33.995706,-81.125277,3.499
71706,QUIKTRIP #1176,I-77Exit 2,West Columbia,SC,33.968516,-81.095769,3.309
71061,CIRCLE K #2702344,US-78 & SR-39,Williston,SC,33.43126,-81.410019,3.799
61616,PILOT #4578,"I-77, EXIT 48 & SC-200",Winnsboro,SC,34.341219,-81.095269,3.409
3401,POPS Mart #333,"I-77, EXIT 48 & SR-200",Winnsboro,SC,34.364469,-81.119013,3.0907
70298,LOVES TRAVEL STOP #740,"I-95, EXIT 38 & SR-68",Yemassee,SC,32.682629,-80.788425,3.419
71867,HOLIDAY STATIONSTORE #2653855,US-12,Aberdeen,SD,45.45947,-98.464622,3.1073
7084,Holiday StationStore #2746500,US-12 & US-281,Aberdeen,SD,45.46184,-98.469299,3.114
9554,BIG D OIL #2,US-85 & US-34,Belle Fourche,SD,44.675252,-103.828546,3.2273
68883,CBH TRAVEL CENTER,US-85,Belle Fourche,SD,44.699708,-103.838577,3.299
65603,JET TRUCK PLAZA,"I-29, EXIT 47",Beresford,SD,43.101167,-96.772413,3.159
5965,TRUCK TOWNE,I-29 EXIT 47 & SR-46,Beresford,SD,43.076706,-96.790672,3.159
69407,Cenex,US-14/CR-812 & US-83,Blunt,SD,44.536917,-99.914088,3.1015
69410,LOVES TRAVEL STOP #602,"I-90, EXIT 67B",Box Elder,SD,44.141205,-103.09057,3.989
66603,COFFEE CUP FUEL STOP #7,"I-90, EXIT 406 & SR-11",Brandon,SD,43.563512,-96.568414,2.9773
66739,ZIP TRIP #64,I-29,Brookings,SD,44.274685,-96.793121,3.399
9713,TA Express Vermillion #275,"I-29, EXIT 26 & SR-50",Burbank,SD,42.770241,-96.840581,3.099
3718,SPEEDWAY #4706,"I-90, EXIT 265",Chamberlain,SD,43.813237,-99.273405,3.299
3205,CROSSROADS TRUCK STOP STATION,"I-29 & SR 34, MM 109",Colman,SD,43.918762,-96.818717,3.159
4451,PRAIRIE JUNCTION TRUCK STOP,"I-29, EXIT 109 & SR-34",Colman,SD,43.983412,-96.780936,3.099
67303,KUM & GO #0615,"I-29, EXIT 15",Elk Point,SD,42.70116,-96.714251,3.0723
70729,CASEYS #3785,US-14,Fort Pierre,SD,44.369938,-100.400562,3.399
70728,CASEYS #3245,US-81,Freeman,SD,43.399116,-97.434478,3.299
73099,Kwik Star #1296,SR 115,Harrisburg,SD,43.446361,-96.717776,2.939
69115,BP,"I-90, EXIT 387/CR-151",Hartford,SD,43.602064,-96.939272,2.9773
67382,CORNER PANTRY TRAVEL PLAZA,SR-79 & SR-40,Hermosa,SD,43.85404,-103.208313,3.299
67402,TA EXPRESS HOT SPRINGS,US-395/US-18 & SR-79,Hot Springs,SD,43.432564,-103.491502,3.299
60519,CORNER PANTRY #25,US-14,Huron,SD,44.364015,-98.248221,3.079
65604,SHELL,"I-29, EXIT 132",Huron,SD,44.374321,-98.208702,3.359
2977,DISCOUNT FUEL,"I-90, EXIT 150 & SR-73",Kadoka,SD,43.883981,-101.519266,3.229
5677,YESWAY #1178,CR-13,Kadoka,SD,43.848281,-101.527219,3.189
9614,DITTYS,"I-90, EXIT 284 & SR-45",Kimball,SD,43.713499,-98.936884,3.089
71488,LOVES TRAVEL STOP #816,"I-90, EXIT 284",Kimball,SD,43.714366,-98.98812,3.5707
65608,ZIP TRIP #81,"I-29, EXIT 62 & US-18",Lennox,SD,43.368085,-96.907906,3.204
70358,FOOD N FUEL #25,SR-15 & US-12,Milbank,SD,45.228502,-96.602616,3.369
61621,CUBBYS #401,"I-90 , EXIT 332 & SR-37",Mitchell,SD,43.74195,-98.002981,3.149
66588,CUBBYS #402,"I-90, EXIT 330",Mitchell,SD,43.677245,-98.01078,3.149
67047,Circle K #2746490,"I-90, EXIT 332",Mitchell,SD,43.674141,-98.060286,3.064
7087,PILOT #599,"I-90, EXIT 192 & I-90 BUS/US-83",Murdo,SD,43.862348,-100.706967,3.799
72544,BJS NEW UNDERWOOD,CR-1416,New Underwood,SD,44.08333,-102.800563,3.699
70269,CASEYS #3589,"I-29, EXIT 2",North Sioux City,SD,42.526555,-96.547106,3.059
68665,BIG D 14,"I-90, EXIT 46/US-14/SR-79",Piedmont,SD,44.222465,-103.393167,3.1373
70329,1 STOP TRAVEL PLAZA,US-14 & US-83,Pierre,SD,44.395784,-100.296993,3.3823
9668,COFFEE CUP FUEL STOP #4,"I-90, EXIT 310 & SR-281",Plankinton,SD,43.775989,-98.455202,3.0273
70578,COMMON CENTS #125,"I-90/US-14, EXIT 61",Rapid City,SD,44.119617,-103.195582,3.2073
7088,FLYING J FRANCHISE #931,"I-90, EXIT 61",Rapid City,SD,44.106441,-103.201388,3.1573
5946,PILOT TRAVEL CENTERS #918,I-90 EXIT 55,Rapid City,SD,44.155853,-103.168977,3.999
69403,SHORTYS ONE STOP,US-83/12/SR-20,Selby,SD,45.445755,-100.059309,3.089
64313,CUBBYS #403,"I-29, EXIT 79",Sioux Falls,SD,43.518067,-96.653868,3.0657
69163,CUBBYS #406,"I-229, EXIT 9 & SR-115",Sioux Falls,SD,43.513741,-96.68319,3.099
66062,FLYING J TRAVEL PLAZA #716,"I-29, EXIT 83",Sioux Falls,SD,43.552335,-96.69167,3.899
70459,GET N GO #22,I-90 & SR-115,Sioux Falls,SD,43.53255,-96.699971,2.939
72710,KWIK STAR #1285,I-229 EXIT 9,Sioux Falls,SD,43.577684,-96.697181,2.9523
72713,Kwik Star #1217,FM 11,Sioux Falls,SD,43.521762,-96.70818,2.939
7092,LOVES TRAVEL STOP #445,I-90 EXIT 399 & SR 115,Sioux Falls,SD,43.546839,-96.684784,3.889
6677,ROADWAY TRAVEL CENTER,"I-29, EXIT 73",Sioux Falls,SD,43.548438,-96.7055,3.199
66795,FUEL MART #645,"I-90, EXIT 353",Spencer,SD,43.771449,-97.566247,3.499
680,TA EXPRESS SUMMIT,"I-29, EXIT 207 & US-12",Summit,SD,45.359662,-97.033149,3.2057
71384,CASEYS #3944,I-29 & CR-106,Tea,SD,43.478048,-96.782156,3.199
9717,COFFEE CUP FUEL STOP #8,"I-90, EXIT 212 & SR-83",Vivian,SD,43.949162,-100.294709,3.0973
67712,CASEYS #3810,"I-29, EXIT 132 & US-14",Volga,SD,44.312911,-96.933191,3.279
67826,VALLEN MART,US-14,Volga,SD,44.341366,-96.917433,3.319
61625,PRARIE STOP,US-212 & SR-20,Watertown,SD,44.917822,-97.152068,3.279
67927,STONES TRUCK STOP,"I-29, EXIT 77/US-212",Watertown,SD,44.872244,-97.112233,3.3823
64314,JAKES CORNER,US-81 & SR-34,Winfred,SD,43.969164,-97.337847,3.049
65614,281 TRAVEL CENTER,US-281,Wolsey,SD,44.395527,-98.467983,3.089
70730,CASEYS #3855,US-81,Yankton,SD,42.907835,-97.384094,3.139
52582,JRs Oasis,SR-50,Yankton,SD,42.908448,-97.412076,3.149
7072,TA ANTIOCH TRAVEL CENTER,"I-24, EXIT 62",Antioch,TN,36.053368,-86.668261,3.5057
69947,THORNTONS #607,I-24 EXIT 62 & SR-171,Antioch,TN,36.051636,-86.663574,2.899
7082,Chevron,"I-65, EXIT 6",Ardmore,TN,35.087251,-86.91305,3.599
69399,SPEEDWAY #7147,"I-75, EXIT 49 & SR-30",Athens,TN,35.430844,-84.608597,3.349
72565,WEIGEL'S #102,I-75 & SR-30,Athens,TN,35.481913,-84.62496,3.3473
66862,LOVES TRAVEL STOP #330,I-40 EXIT 280 & SR-56,Baxter,TN,36.107134,-85.675996,3.234
69564,SPEEDWAY #7106,"I-40, EXIT 280 & SR-56",Baxter,TN,36.129385,-85.634887,3.0657
65622,QUICK STOP #34,US-11/SR-1,Bristol,TN,36.603118,-82.21445,3.299
61651,LEES FOOD MART #123,"I-81, EXIT 23 AT MILE 23",Bulls Gap,TN,36.322293,-83.053718,3.259
66863,101 TRAVEL PLAZA,"I-40, EXIT 101 & SR-104",Cedar Grove,TN,35.864373,-88.556063,2.999
62817,LOVES TRAVEL STOP #364,I-75 EXIT 33,Charleston,TN,35.269318,-84.730572,3.589
6180,Circle #4703923,"I-24, EXIT 180B & US-27",Chattanooga,TN,35.040209,-85.276843,2.7857
69015,Joe's Kwik Mart,"I-75, EXIT 7 & US-11 & US-64",Chattanooga,TN,35.085225,-85.343577,3.149
1492,MAPCO #3538,"I-24, EXIT 174",Chattanooga,TN,35.02153,-85.347746,2.899
2310,MAPCO #3686,"I-24, EXIT 175",Chattanooga,TN,35.084803,-85.32527,2.889
71709,MAPCO EXPRESS #7553,SR 153 EXIT 2,Chattanooga,TN,35.01337,-85.298337,2.994
71925,QUIKTRIP #7140,"I-24, EXIT 175 & US-41",Chattanooga,TN,35.037305,-85.310791,2.9157
69398,SPEEDWAY #7114,"I-75, EXIT 4, SR-153, EXIT 1 & US-64/US-11",Chattanooga,TN,35.0495,-85.279717,3.0823
71808,WEIGELS #100,SR 153,Chattanooga,TN,35.077851,-85.307895,3.0157
66317,LOVES TRAVEL STOP #314,I-24 EXIT 89,Christiana,TN,35.708528,-86.341163,3.4623
2311,SHELL,"I-24 & EPPS MILL RD, EXIT 89",Christiana,TN,35.705682,-86.35923,3.1323
72940,Circle K #3909,SR-236,Clarksville,TN,36.547149,-87.35312,3.329
68432,PAPA ROCK,US-79/SR-76,Clarksville,TN,36.497687,-87.32331,3.199
71648,QUIKTRIP #7149,I-24 Exit 8,Clarksville,TN,36.548091,-87.353044,2.9157
72655,RACEWAY #6988,US-79 & US-41,Clarksville,TN,36.492444,-87.3145,2.999
2807,SUDDEN SERVICE #25,"I-24, EXIT 11",Clarksville,TN,36.485189,-87.354438,3.3073
69259,SPEEDWAY #7162,US-74/SR-311,Cleveland,TN,35.151198,-84.840599,3.449
52534,LEES FOOD MART #1122,"I-75, EXIT 122 & SR-61",Clinton,TN,36.06005,-84.192416,2.969
69674,WEIGLES #64,"I-75, EXIT 122 & SR-61",Clinton,TN,36.081121,-84.154366,2.9957
66957,LOVES TRAVEL STOP #346,I-65 EXIT 46 & SR-99,Columbia,TN,35.641465,-87.076968,3.789
69595,SPEEDWAY #7176,US-31/SR-6,Columbia,TN,35.583521,-87.012419,3.359
3171,One9 #265,"I-40, EXIT 287 & SR-136",Cookeville,TN,36.239844,-85.578808,3.084
69008,SPEEDWAY #7137,SR-42 & SR-111,Cookeville,TN,36.199702,-85.532053,3.0773
5661,TA Express #287,"I-40, EXIT 288 & SR-111",Cookeville,TN,36.198092,-85.581001,3.299
4555,PILOT TRAVEL CENTERS #406,"I-65, EXIT 22 & US-31A/SR-11",Cornersville,TN,35.334487,-86.841328,3.799
7077,THE TENNESSEAN TRUCKSTOP,"I-65, EXIT 22 & US-31 ALT/SR-11",Cornersville,TN,35.338566,-86.825599,3.799
2267,Circle K #4703917,"I-65, EXIT 112 & SR-25",Cross Plains,TN,36.574255,-86.667595,2.949
61633,ECO TRAVEL PLAZA,"I-40, EXIT 320 & SR-298",Crossville,TN,35.929507,-85.050464,3.0257
66056,PILOT TRAVEL CENTERS #114,"I-40, EXIT 320",Crossville,TN,35.985045,-85.056572,3.2457
69396,SPEEDWAY #7158,"I-40, EXIT 320 & SR-98",Crossville,TN,35.932529,-85.027654,3.0723
63685,RIVER HEIGHTS GROCERY,US-64/SR-69/SR-15,Crump,TN,35.187591,-88.296249,3.099
65624,Sudden Service #61,SR-149 & SR-46,Cumberland City,TN,36.356844,-87.641114,3.564
66120,LOVES TRAVEL STOP #306,"I-40/SR-66, EXIT 412",Dandridge,TN,35.991423,-83.432775,3.689
2913,ONE9#226,"I-40, EXIT 417 & SR-92",Dandridge,TN,35.997186,-83.438139,3.259
69702,SPEEDWAY #7159,"I-40/SR-66, EXIT 412",Dandridge,TN,36.019919,-83.387231,3.259
68189,EAGLE EXXON,US-27/SR-29,Dayton,TN,35.517803,-85.005043,3.399
7078,TA DENMARK TRAVEL CENTER,"I-40 & SR-138, EXIT 68",Denmark,TN,35.570228,-88.998427,3.539
67420,LOVES TRAVEL STOP #369,I-40 EXIT 163 & SR-48,Dickson,TN,36.109849,-87.387731,3.1757
52607,PILOT TRAVEL CENTERS #409,"I-40, EXIT 172",Dickson,TN,36.115152,-87.376947,3.1923
71341,QUIKTRIP #7147,"I-40, EXIT 172 & SR-46",Dickson,TN,36.078455,-87.368837,2.9157
69790,LOVES TRAVEL STOP #641,I-155/US-412 EXIT 13 & SR-78,Dyersburg,TN,36.013179,-89.41497,3.4023
63442,Flying J Travel Plaza #720,"I-40, EXIT 182",Fairview,TN,35.983544,-87.101484,3.1857
65625,Chevron,US-64,Fayetteville,TN,35.143015,-86.600987,3.754
6661,TA FRANKLIN TRAVEL CENTER,"I-65, EXIT 61",Franklin,TN,35.903847,-86.902213,3.839
72001,7-Eleven #41963,"I-65, EXIT 98",Goodlettsville,TN,36.358759,-86.686377,3.049
71430,QUIKTRIP #7144,US-31W,Goodlettsville,TN,36.349638,-86.750362,2.9157
67283,PILOT #4597,"I-40, EXIT 258/SR-53",Gordonsville,TN,36.168322,-86.005969,3.2457
4441,PILOT TRAVEL CENTERS #51,"I-81 BAILEYTON RD, EXIT 36",Greeneville,TN,36.144139,-82.89126,3.5623
1487,ROADRUNNER MARKET #6019,"I-81, EXIT 36 NORTH",Greeneville,TN,36.145424,-82.891229,3.499
6565,TA Greeneville Travel Center,"I-81,  EXIT 36",Greeneville,TN,36.169992,-82.862504,3.5523
66078,Amoco,I-40 EXIT 447,Hartford,TN,35.85786,-83.088709,3.099
491,One9 #403,"I-75, EXIT 117",Heiskell,TN,36.10721,-84.056656,2.999
71240,LOVES TRAVEL STOP #764,I-24 EXIT 117,Hillsboro,TN,35.351042,-85.959916,3.3257
70791,LOVES TRAVEL STOP #791,"I-40, EXIT 126",Holladay,TN,35.901669,-88.080871,3.1223
651,ONE9 #1366,"I-40, EXIT 126 & US-641",Holladay,TN,35.861509,-88.116334,2.9857
64526,PILOT TRAVEL CENTERS #53,"I-40, EXIT 143",Hurricane Mills,TN,35.938771,-87.827726,3.1757
70090,SPEEDWAY #7111,"I-40, EXIT 143 & SR-13",Hurricane Mills,TN,35.898696,-87.79082,3.0323
70128,CIRCLE K #4703913,"I-40 E, EXIT 87",Jackson,TN,35.57799,-88.821417,3.349
63724,LOVES TRAVEL STOP #244,"I-40, EXIT 87 & US-70/US-412",Jackson,TN,35.63698,-88.838454,3.4973
67126,PILOT TRAVEL CENTERS #366,"I-40, EXIT 85 CHRISTMASVILLE RD",Jackson,TN,35.578843,-88.833945,3.509
69229,SPEEDWAY #7154,"I-40, EXIT 87 & US-70",Jackson,TN,35.624685,-88.833657,3.399
69397,SPEEDWAY #7163,"I-40/US-412, EXIT 85",Jackson,TN,35.594308,-88.800155,3.349
67115,CIRCLE K #3912,"I-24/SR-27, EXIT 155 & SR-28",Jasper,TN,35.066821,-85.562651,2.889
68990,LOVES TRAVEL STOP #490,"I-24, EXIT 158",Jasper,TN,35.127339,-85.592884,3.2523
70320,SPEEDWAY #7177,"I-24, EXIT 158 & SR-27",Jasper,TN,35.076324,-85.557685,3.014
67617,Twice Daily Convenience Store #8046,"I-24, EXIT 31 & SR-249",Joelton,TN,36.296622,-86.9516,3.349
67791,KINGSPORT TRUCK STOP,"I-81, EXIT 63",Kingsport,TN,36.55788,-82.523886,3.899
65629,CASEYS GOODSTOP #4036,"I-40, EXIT 355",Kingston,TN,35.846986,-84.493062,3.164
71241,WEIGLES #58,"I-40, Exit 356A & SR-58",Kingston,TN,35.850512,-84.513801,3.169
20079,PETRO KINGSTON SPRINGS #349,"I-40, EXIT 188",Kingston Springs,TN,36.130207,-87.126074,3.2323
70555,THORNTONS #615,I-40 EXIT 188,Kingston Springs,TN,36.107171,-87.143817,2.9823
72637,AZTEX #104,I-40 Exit 398,Knoxville,TN,36.04382,-83.907719,3.359
66316,CASEYS #4204,SR-168,Knoxville,TN,35.999655,-83.84972,3.259
66286,CASEYS #4205,"I-40/75, EXIT 374",Knoxville,TN,36.065717,-83.873806,3.099
9675,FLYING J TRAVEL PLAZA #722,"I-75 & I-40, EXIT 369",Knoxville,TN,36.024269,-83.864585,3.439
9812,LEES FOOD MART #1398,"I-40, EXIT 398",Knoxville,TN,36.030934,-83.886707,3.299
6327,PETRO STOPPING CENTER #312,"I-40 & I-75, EXIT 369",Knoxville,TN,36.033478,-83.884899,3.4257
4918,PILOT TRAVEL CENTERS #219,"I-40, EXIT 398",Knoxville,TN,36.037459,-83.873976,3.699
496,PILOT TRAVEL CENTERS #270,"I-40 & I-75, EXIT 374",Knoxville,TN,36.061234,-83.904907,3.439
69561,SPEEDWAY #7156,"I-40/75, EXIT 374 & SR-131",Knoxville,TN,35.99738,-83.85209,3.2657
652,TA KNOXVILLE EAST TRAVEL CENTER,"I-40 & I-75, EXIT 374",Knoxville,TN,36.039903,-83.870783,3.4257
9803,TA KNOXVILLE WEST TRAVEL CENTER,"I-40 & I-75, EXIT 369",Knoxville,TN,36.003634,-83.899849,3.4257
70349,WEIGELS #90,SR-139 & SR-66,Kodak,TN,35.938502,-83.626508,3.199
9821,PILOT TRAVEL CENTERS #52,"I-24, EXIT 64",La Vergne,TN,35.998213,-86.575979,3.4723
71805,RACETRAC #2583,I-24E,La Vergne,TN,36.021431,-86.555842,2.899
72321,Thorntons #617,I-24 Exit 64,La Vergne,TN,36.021678,-86.532966,2.8823
69882,SPEEDWAY #7103,US-43,Lawrenceburg,TN,35.214336,-87.347306,3.574
72558,Circle K #4703975,SR-109 & US-70,Lebanon,TN,36.240522,-86.266383,2.8723
63522,Pilot Travel Centers #411,"I-40, EXIT 238 & US-231",Lebanon,TN,36.179032,-86.314221,3.2457
71308,QUIKTRIP #7145,"I-40, EXIT 239A",Lebanon,TN,36.184814,-86.286876,2.9157
69013,SPEEDWAY #7124,US-231/SR-10,Lebanon,TN,36.18718,-86.302921,3.024
69336,SPEEDWAY #7148,"I-40, EXIT 232 & SR-109",Lebanon,TN,36.198282,-86.31598,2.9223
52128,Sudden Service #8087,I-40 EXIT 238,Lebanon,TN,36.235169,-86.263348,3.199
72320,THORNTONS #616,SR-265,Lebanon,TN,36.189294,-86.340738,2.8757
3936,Uncle Petes Truck  Stop,"I-40, EXIT 239 & US-70/SR-26",Lebanon,TN,36.208948,-86.309751,2.989
68891,LOVES TRAVEL STOP #480,I-40 EXIT 364,Lenoir City,TN,35.796739,-84.282283,3.439
71876,LOVES TRAVEL STOP #861,"I-75, EXIT 72 & SR-72",Loudon,TN,35.705156,-84.366402,3.5873
3191,BUSY CORNER TRUCK STOP AND MARKET,"I-24, EXIT 105 & US-41/SR-2",Manchester,TN,35.536065,-86.075174,3.049
7930,I 24 TRUCK PLAZA,"I-24, EXIT 114 & US-41",Manchester,TN,35.480948,-86.083776,3.099
67335,TOP STOP MARKET,"I-24, EXIT 111",Manchester,TN,35.504346,-86.083604,3.0157
72160,KENJO MARKET #52,US-321,Maryville,TN,35.668506,-84.072439,3.249
61646,SHELL,"I-40, EXIT 35 & SR-59",Mason,TN,35.418471,-89.573307,3.549
68335,PILOT #481,"I-75, EXIT 20",Mc Donald,TN,35.119819,-84.993061,3.599
69156,BLU STATION,"I-55, EXIT 5A",Memphis,TN,35.198889,-90.024801,2.969
69149,BLU STATION- LAMAR AVE,"I-240, EXIT 30",Memphis,TN,35.14868,-89.987255,2.969
1507,CIRCLE K #4703941,"I-55, EXIT 5A",Memphis,TN,35.148887,-89.992389,3.189
68440,EXPRESS GAS,"I-40, EXIT 2A/US-51",Memphis,TN,35.174828,-89.990879,2.979
72139,HOLMES EXPRESS,US-78 & SR-175,Memphis,TN,35.171304,-89.966379,3.399
66954,LOVES TRAVEL STOP #344,I-240 EXIT 21 & US-78/SR-4,Memphis,TN,35.184097,-90.006314,3.249
65919,QUICK FUEL #5001,US-78/SR-4,Memphis,TN,35.151191,-90.029179,3.0257
72248,SHELBY EXPRESS,SR-175,Memphis,TN,35.171121,-89.955184,3.699
70598,SPEEDWAY #7175,US-78 & SR-175,Memphis,TN,35.175953,-89.991335,3.199
67443,PILOT #4599,"I-24, EXIT 135",Monteagle,TN,35.229771,-85.808059,3.3357
72448,SHELL SERVICE STATION,SR-55,Morrison,TN,35.639543,-85.884444,3.499
70377,WEIGELS #81,I-81 & SR-32,Morristown,TN,36.194983,-83.313743,3.259
71266,LOVES TRAVEL STOP #787,"I-81, EXIT 30 & SR-70",Mosheim,TN,36.144346,-82.952168,3.5557
71055,LOVES TRAVEL STOP #793,"I-840, EXIT 67 & COUCHVILLE PIKE",Mount Juliet,TN,36.226243,-86.548577,3.2523
52550,PILOT TRAVEL CENTERS #404,"I-24, EXIT 81 SE",Murfreesboro,TN,35.751459,-86.371123,3.4723
71636,RACETRAC #2580,US-41 & SR-268,Murfreesboro,TN,35.76866,-86.39791,3.0323
71635,Racetrac #2610,US-231,Murfreesboro,TN,35.740464,-86.33283,3.049
72804,7-Eleven #42174,"I-24, EXIT 211 & US-70",Nashville,TN,36.199576,-86.750381,3.249
67070,CASEYS #4225,"SR-155N, EXIT 26-A",Nashville,TN,36.203586,-86.810205,3.0623
10015,Loves Travel Stop #429,"I-65 & I-24, EXIT 87",Nashville,TN,36.17266,-86.790266,3.4623
69007,SPEEDWAY #7136,US-41 & US-70,Nashville,TN,36.144876,-86.748457,3.2423
10014,Sudden Service #6604,"I-40, EXIT 212",Nashville,TN,36.173458,-86.769195,3.399
71525,LOVES TRAVEL STOP #796,"I-40, EXIT 432B & U-25W/US-411/US-70",Newport,TN,35.952284,-83.215895,3.689
66059,TIME OUT TRAVEL CENTER,"I-40, EXIT 432-B",Newport,TN,35.933292,-83.189691,2.9657
71009,WEIGELS #80,"I-40, EXIT 435 & US-321",Newport,TN,35.952055,-83.16482,3.1157
67442,PILOT #4598,I-75 EXIT 56,Niota,TN,35.591314,-84.539514,3.599
70699,QUIK STOP,US-79,Paris,TN,36.325098,-88.279307,2.959
69682,PILOT #1577,"I-75, EXIT 141 & SR-63",Pioneer,TN,36.435858,-84.272304,3.0257
68897,TA CARYVILLE,"I-75, EXIT 141",Pioneer,TN,36.502491,-84.330017,3.0073
4222,Circle K #4703906,"I-24, EXIT 24 & SR-49",Pleasant View,TN,36.411076,-87.073621,2.899
69365,Circle K #4703911,SR-109 & SR-52,Portland,TN,36.52863,-86.517084,2.959
70562,SPEEDWAY #7161,I-65 & US-31,Portland,TN,36.53935,-86.505725,3.024
72266,SHELL SERVICE STATION,I-65 Exit 14 & US-64,Pulaski,TN,35.205956,-87.000022,3.209
70093,LOVES TRAVEL STOP #694,US-45/SR-5 & SR-57,Ramer,TN,35.089525,-88.604225,3.4623
61654,MAJOR MARKETS #276,US-51/SR-3,Ripley,TN,35.749842,-89.567015,3.799
9990,JIMS  BEST STOP,US-45 & US-64,Selmer,TN,35.134105,-88.62766,3.174
67877,CIRCLE K #4703701,I-24 EXIT 70,Smyrna,TN,35.938288,-86.478564,3.0323
70118,SPEEDWAY #7118,US-41,Smyrna,TN,35.929254,-86.519634,3.0157
65639,SPEEDWAY #7138,"I-24, EXIT 70 & SR-102",Smyrna,TN,35.949027,-86.534036,3.049
66300,PILOT TRAVEL CENTERS #149,"I-40, EXIT 42 & SR-222",Stanton,TN,35.455298,-89.357006,3.509
66788,CIRCLE K #4703626,"I-75, EXIT 60 & SR-68",Sweetwater,TN,35.588923,-84.449316,3.289
68196,CATDADDY MARKET,SR-33,Tazewell,TN,36.467875,-83.559206,3.299
71966,BLACK DIAMOND TRAVEL CENTER,I-26 & SR-173,Unicoi,TN,36.235979,-82.349792,3.4023
61656,PHILLIPS 66,US-51,Union City,TN,36.400276,-89.103544,3.3823
69826,LOVES TRAVEL STOP #629,I-65 EXIT 108 & SR-76,White House,TN,36.460789,-86.65899,3.159
66437,PILOT #4596,"I-81, EXIT 4",White Pine,TN,36.102168,-83.286415,3.699
63790,PILOT TRAVEL CENTERS #412,"I-81, EXIT 4",White Pine,TN,36.110218,-83.3109,3.699
1562,I MART #108,"I-40, EXIT 108",Wildersville,TN,35.771237,-88.474783,3.099
61660,MARATHON,"I-40, EXIT 108",Wildersville,TN,35.753045,-88.414672,3.099
71561,ABBOTTS TRAVEL CENTER,I-35 EXIT 359,Abbott,TX,31.899262,-97.07852,3.0657
71851,PWI #164,I-35/US-77 & FM-3115,Abbott,TX,31.859833,-97.083095,2.8923
1753,PWI #169,"I-35/US-77, EXIT 359 & CR-1304",Abbott,TX,31.883122,-97.061949,2.899
71346,ALLSUPS CONVENIENCE STORE #2094,US-277 & US-83,Abilene,TX,32.491317,-99.703371,2.889
65641,ALLSUPS CONVENIENCE STORE #2331,I-20 & FM 600,Abilene,TX,32.48377,-99.736247,2.8757
71359,ALLSUPS CONVENIENCE STORE #2350,"I-20, EXIT 285 & US-83",Abilene,TX,32.476742,-99.755518,2.8757
72775,CEFCO #2089,I-20 EXIT 288,Abilene,TX,32.507558,-99.745206,2.7657
72951,DK,SR-36,Abilene,TX,32.42974,-99.696957,2.849
72822,QUARLES #54225,US-83,Abilene,TX,32.503986,-99.745414,3.499
72828,QUARLES #54250,US-80,Abilene,TX,32.505115,-99.752848,3.3123
71270,QUIKTRIP #7904,I-20 EXIT 285,Abilene,TX,32.484909,-99.717046,2.8757
4690,PWI #401,"I-20 & I-30, EXIT 1B",Aledo,TX,32.674456,-97.613483,2.799
63805,TEX-BEST #519,US-281 & US-281 BUS & CR-1930,Alice,TX,27.751537,-98.083453,2.899
3678,TIMES MARKET #299,US-281 BUS,Alice,TX,27.769638,-98.103042,3.099
69643,Tex-Best #524,SR-44 E,Alice,TX,27.780702,-98.093309,2.899
68260,ALVARADO MARKET STATION,"I-35W, EXIT 26A & US-67",Alvarado,TX,32.401018,-97.190059,2.844
71643,Pilot #1319,I-35 Exit 30,Alvarado,TX,32.476319,-97.19206,3.2057
71394,QUIKTRIP #955,"I-35W, EXIT 26A & US-67",Alvarado,TX,32.421401,-97.224945,2.9757
72894,Allsups Convenience Store #2458,US-287 & FM-1655,Alvord,TX,33.388474,-97.66966,2.899
20082,GOLDEN EXPRESS TRUCK STOP,US-287/US-81 & CR-1595,Alvord,TX,33.40582,-97.702317,3.049
65721,Paradise RV & Truck Park,US-287/US-81,Alvord,TX,33.378552,-97.671813,2.8157
68211,CEFCO #2005,"I-40, EXIT 73",Amarillo,TX,35.199126,-101.812792,2.869
72111,FAST STOP,"I-40, Exit 81 & FM-1912",Amarillo,TX,35.227759,-101.843112,2.944
7733,FLYING J TRAVEL PLAZA #723,"I-40, EXIT 76",Amarillo,TX,35.227044,-101.825051,3.2657
1672,HANA TRAVEL PLAZA,"I-40,  EXIT 77",Amarillo,TX,35.198067,-101.879778,2.899
4446,LOVES TRAVEL STOP #200,I-40 EXIT 74,Amarillo,TX,35.209128,-101.817522,3.209
1582,LOVES TRAVEL STOP #250,I-40 EXIT 60,Amarillo,TX,35.216606,-101.803069,3.314
1516,LOVES TRAVEL STOP #261,I-27 EXIT 116,Amarillo,TX,35.231179,-101.876274,3.2323
3536,PETRO STOPPING CENTER #307,I-40 EAST & S LAKESIDE Dr,Amarillo,TX,35.167124,-101.833587,3.279
64529,PILOT TRAVEL CENTERS #436,"I-40, EXIT 75",Amarillo,TX,35.177793,-101.858932,3.2657
72753,QUIKTRIP #7908,I-40 EXIT 73,Amarillo,TX,35.1757,-101.83201,2.874
72816,QUIKTRIP #7914,I-27 EXIT 117,Amarillo,TX,35.194503,-101.870108,2.8457
72495,ROAD RANGER #286,1-40 EXIT 77,Amarillo,TX,35.224859,-101.820433,2.9723
7023,TA AMARILLO WEST TRAVEL CENTER,"I-40, EXIT 74",Amarillo,TX,35.218621,-101.87713,3.279
71849,TOOT N TOTUM #128,I-40 EXIT 57,Amarillo,TX,35.180257,-101.841958,3.089
71679,TOOT N TOTUM #22,FM 1541 & FM 1151,Amarillo,TX,35.200094,-101.862496,2.9673
68396,TOOT N TOTUM #44,SR-287 E/CR-335 N,Amarillo,TX,35.228222,-101.815903,3.0423
71246,TOOT N TOTUM #99,I-40 EXIT 75,Amarillo,TX,35.182769,-101.880723,3.0457
71108,Stuckeyâ€™s Travel Center West,"I-10, EXIT 819 & FM-1663",Anahuac,TX,29.629957,-94.610217,2.8073
72656,ALLSUPS #2437,HWY 176 & HWY 115,Andrews,TX,32.305397,-102.506258,3.3957
71350,ALLSUPS CONVENIENCE STORE #2206,US-385 & SR-176,Andrews,TX,32.333703,-102.522621,3.3923
69103,LOVES TRAVEL STOP #539,US-385 & FM-1910,Andrews,TX,32.288245,-102.538005,3.689
70585,PILOT TRAVEL CENTER #1211,US-385 & CR-1910,Andrews,TX,32.287639,-102.540641,3.639
1585,Stripes 7Fleet #42498,US-385 & CR-1910,Andrews,TX,32.327736,-102.504897,3.369
9618,FLYING J #477,US-75,Anna,TX,33.357108,-96.575499,3.239
65885,LOVES TRAVEL STOP #299,"US-75, EXIT 48 & SR-455",Anna,TX,33.357219,-96.578902,3.1973
20083,FLYING J TRAVEL PLAZA #724,"I-10, EXIT 0",Anthony,TX,31.950898,-106.575669,3.459
68367,LOVES TRAVEL STOP #447,"I-10 E, EXIT 0",Anthony,TX,31.971609,-106.577384,3.449
64514,PILOT TRAVEL CENTERS #435,"I-10, EXIT 0",Anthony,TX,31.980592,-106.604661,3.459
72332,TXB #82 DBA KWIK CHEK FOOD STORES,US-83,Asherton,TX,28.426018,-99.716596,3.259
71466,ALLSUPS CONVENIENCE STORE #2185,US-380 & 9TH ST,Aspermont,TX,33.092384,-100.233424,3.3657
72808,Allsups Convenience #2463,US-377,Aubrey,TX,33.263367,-96.967856,2.899
69699,CIRCLE K #2741552,"SR-969, SR-130, EXIT 444",Austin,TX,30.343533,-97.755093,2.9323
73008,MUSTANG XPRESS,US-183 & FM-1327,Austin,TX,30.294179,-97.781856,3.3323
71598,Allsups #2381,SR-199,Azle,TX,32.909957,-97.581786,2.919
69441,LOVES TRAVEL STOP #610,"I-20, EXIT 307 & US-283",Baird,TX,32.381019,-99.349434,3.1073
52648,Stripes #42566,US-67 & SR-158,Ballinger,TX,31.780178,-99.936951,3.0557
71275,ALLSUPS CONVENIENCE STORE #2272,US-67/US-84,Bangs,TX,31.716815,-99.188396,2.9323
69871,CIRCLE K #2741595,SR-71 & FM-1209,Bastrop,TX,30.102305,-97.316763,2.954
71282,QuikTrip #4128,SR-71,Bastrop,TX,30.101925,-97.298165,2.9657
72382,EXXPRESS MART #4,SR-105,Beaumont,TX,30.071969,-94.089394,3.199
70029,LOVES TRAVEL STOP #696,"I-10, EXIT 843",Beaumont,TX,30.071502,-94.101302,3.294
4827,PETRO BEAUMONT #304,"I-10, EXIT 848",Beaumont,TX,30.096359,-94.124435,3.3307
71929,STUCKEYS TRAVEL CENTER,I-10 & FM-365,Beaumont,TX,30.030096,-94.108923,2.824
67879,Strike,US-287/96/69 & SR-347,Beaumont,TX,30.100357,-94.141342,3.499
68696,STRIPES #40800,FM-351 & US-181,Beeville,TX,28.400622,-97.751686,3.0157
66372,CEFCO #54,"I-35, EXIT 292",Belton,TX,31.099824,-97.449525,2.9523
70468,CIRCLE K #2741325,I-14 & SR-121,Belton,TX,31.083882,-97.506444,2.8857
69981,RANCHLAND GAS STATION,US-82,Benjamin,TX,33.567739,-99.791377,3.299
69132,PILOT #1001,US-67 & SR-137,Big Lake,TX,31.436033,-101.52172,4.059
72835,QUARLES #54277,SR-137,Big Lake,TX,31.452467,-101.51801,3.849
70503,STRIPES 7FLEET #42491,US-67 & SR-137,Big Lake,TX,31.437243,-101.511276,3.549
68923,STRIPES 7FLEET #42509,US-67 & SR-137,Big Lake,TX,31.412998,-101.537624,3.599
69078,PILOT #559,"I-20, EXIT 178",Big Spring,TX,32.305136,-101.484369,3.659
72847,QUARLES #54341,US-87,Big Spring,TX,32.296681,-101.43323,3.649
7059,TA BIG SPRING TRAVEL CENTER,"I-20, EXIT 177 & US-87",Big Spring,TX,32.28787,-101.48027,3.699
68801,7-ELEVEN #40574,US-281,Blanco,TX,30.122693,-98.372532,3.399
73018,Smart Stop Travel Center,US 271 & SR 37,Bogata,TX,33.439526,-95.182763,3.199
68938,TOOT N TOTUM #23,SR-136/207 & SR-152,Borger,TX,35.676427,-101.368044,3.0157
73048,ALLSUPS CONVENIENCE STORE #2473,US-287,Bowie,TX,33.580157,-97.820054,2.899
66893,ONE9 #1291,US-287 & CR-174,Bowie,TX,33.533423,-97.839331,2.9123
66951,BERKLYS TRAVEL CENTER #3,US-377/US-87,Brady,TX,31.17111,-99.333703,3.6157
67747,STRIPES 7FLEET #42424,US-87/US-190,Brady,TX,31.121123,-99.304968,3.599
71649,Allsups Convenience Store #2385,US-183 & US-180,Breckenridge,TX,32.787113,-98.93569,3.3073
71172,ZIPPY JS #18,CR-577 & CR-80,Brenham,TX,30.146483,-96.387043,3.199
70547,ALLSUPS CONVENIENCE STORE #2140,SR-114,Bridgeport,TX,33.171946,-97.784678,2.899
70095,LOVES TRAVEL STOP #713,US-380 & FM-1304,Bridgeport,TX,33.172055,-97.769649,2.949
1622,RACEWAY #6973,US-380 & SR-114/SR-101,Bridgeport,TX,33.168737,-97.795423,2.7823
52678,STRIPES 7FLEET #42433,US-277,Bronte,TX,31.870228,-100.259257,3.474
1533,YESWAY #1157,US-62,Brownfield,TX,33.145355,-102.260492,2.9923
70350,CIRCLE K #2741859,CR-802,Brownsville,TX,25.953087,-97.546956,3.029
70530,LOVES TRAVEL STOP #767,FM-511 & SR-48,Brownsville,TX,25.938381,-97.48757,3.1557
67750,STRIPES #40729,FM-511 & FM-802,Brownsville,TX,25.899823,-97.553792,2.999
71345,ALLSUPS CONVENIENCE STORE #2084,US-377 & CR-234,Brownwood,TX,31.780239,-98.992293,2.949
69662,STRIPES 7FLEET #42472,US-377,Brownwood,TX,31.773549,-99.021294,2.9623
66156,7-ELEVEN #36567,SR-6 & SR-21,Bryan,TX,30.636393,-96.376842,3.144
67677,BIGGAS TRUCK STOP,US-190/SR-6 & FM-2818,Bryan,TX,30.67043,-96.364119,3.199
69948,CIRCLE T,US-190/SR-21,Bryan,TX,30.598256,-96.400436,3.459
73040,TAILGATE #3,SR 21,Bryan,TX,30.66281,-96.349408,3.599
60538,TEXACO #380031,ST 21W,Bryan,TX,30.615587,-96.363349,3.399
67837,PILOT TRAVEL CENTER #1054,US-183 & SR-21,Buda,TX,30.094065,-97.85964,3.4157
70665,POCO LOCO MARKET,I-35 EXIT 219,Buda,TX,30.075962,-97.868541,2.8923
71651,QUIKTRIP #4151,"I-35, Exit 220",Buda,TX,30.078524,-97.856278,2.9157
72795,REFUEL #1337,SR-45/CR-1625,Buda,TX,30.05707,-97.872405,2.999
68405,PILOT TRAVEL CENTER #1028,"I-45, EXIT 178/US-79 N",Buffalo,TX,31.433537,-95.974638,3.549
52535,PWI #115,"I-45, EXIT 178",Buffalo,TX,31.404621,-95.987526,2.899
66185,TIGERMART OF BUFFALO,"I-45, EXIT 178 & US-79",Buffalo,TX,31.435948,-96.0054,3.599
1749,HIGHWAY 96 FUEL STOP,US-96 & SR-62/FM-1004,Buna,TX,30.422981,-94.029143,3.149
60539,SHELL,US-96 & SR-62/FM-1004,Buna,TX,30.40071,-93.998429,3.1023
68988,7-ELEVEN #40547,US-281 & SR-29,Burnet,TX,30.768539,-98.239595,2.9573
69434,CIRCLE K #2741559,US-281 & SR-29,Burnet,TX,30.787968,-98.259248,2.9157
68213,CADOO MILLS,"I-30/US-67, EXIT 87 & FM-1903",Caddo Mills,TX,33.08146,-96.24633,2.8007
66941,PILOT TRAVEL CENTERS #367,"I-30, EXIT 87 & 88",Caddo Mills,TX,33.061861,-96.206132,3.169
71020,Fast Trac 21,SR-21 & CR-50,Caldwell,TX,30.556258,-96.751692,3.299
70169,ROCKING Oil,SR-21,Caldwell,TX,30.564524,-96.741382,3.099
1654,CEFCO #3,US-77/US190/SR-36,Cameron,TX,30.840841,-96.956322,2.989
68225,OASIS TRUCK STOP,US-60 & US-83,Canadian,TX,35.935703,-100.365227,3.299
60540,CIRCLE K #2706340,"I-20, EXIT 533",Canton,TX,32.504943,-95.905853,2.7757
669,PETRO STOPPING CENTER #350,"I-10,  EXIT 4",Canutillo,TX,31.913216,-106.623309,3.499
71663,Allsups #2388,I-27 & SR-217,Canyon,TX,34.944477,-101.935076,2.9007
69442,Eagle #51,US-83 & FM-1917,Carrizo Springs,TX,28.564125,-99.857347,3.279
67410,STRIPES #40532,US-83 & US-277,Carrizo Springs,TX,28.526069,-99.844686,3.349
70797,QUICK FUEL #3176,"I-35E, EXIT 442",Carrollton,TX,32.940524,-96.864102,3.0157
64337,GRAVES TRUCK STOP,"I-20, EXIT 59",Carthage,TX,32.194045,-94.324749,2.999
71875,LOVES TRAVEL STOP #615,US-59 & US-79,Carthage,TX,32.140455,-94.347902,3.1023
69607,PANOLA PINES PLAZA,I-59,Carthage,TX,32.144943,-94.320407,3.139
72899,RACEWAY #7002,US 79 & 59,Carthage,TX,32.148239,-94.327213,2.8207
72067,CIRCLE K #2741822,US-90 & FM-471,Castroville,TX,29.353523,-98.862502,2.9123
72998,83 FUEL STOP,US-83,Catarina,TX,28.394826,-99.619786,2.959
69257,CATARINA ONE STOP,US-83,Catarina,TX,28.370694,-99.563865,3.024
1154,CIRCLE K #2704691,SR-71 & CR-214,Cedar Creek,TX,30.068448,-97.527404,3.199
61684,WOODYS FOOD MART,"I-45 & SR-7, EXIT 164",Centerville,TX,31.257017,-95.902217,2.8457
70463,CIRCLE K #2741496,US-290,Chappell Hill,TX,30.222336,-96.201769,2.999
67762,CEFCO #2008,US-83/US-62 & US-287,Childress,TX,34.423326,-100.262036,2.9157
69222,PILOT TRAVEL CENTERS #1003,US-287 & US-283,Childress,TX,34.373161,-100.21135,3.799
65659,ALLSUPS CONVENIENCE STORE #2169,US-287,Chillicothe,TX,34.259566,-99.506736,2.8957
71333,ALLSUPS CONVENIENCE STORE #2105,"I-20, EXIT 332 & US-183",Cisco,TX,32.409969,-99.000633,2.929
69405,FLYING J #551,"I-20, EXIT 330 & SR-206",Cisco,TX,32.397261,-99.013681,3.1423
71502,ROAD RANGER #281,I-20 EXIT 332,Cisco,TX,32.413167,-98.974854,3.1407
69168,STRIPES 7FLEET #42470,I-20 EXIT 324 & CR-134,Cisco,TX,32.397734,-99.006906,3.1273
70546,ALLSUPS CONVENIENCE STORE #2370,US-287 & SR-70,Clarendon,TX,34.981577,-100.874361,2.929
71691,ALLSUPS #2399,US-287 & SR-207,Claude,TX,35.062329,-101.387933,2.929
72432,Yesway #1203,SR-6,Clifton,TX,31.765281,-97.483212,2.969
69633,ONE9 EXPRESS FUEL,"I-10, EXIT 42 & FM-1110",Clint,TX,31.536081,-106.22194,2.8023
71347,ALLSUPS CONVENIENCE STORE #2128,"I-20, EXIT 301 & CR-276",Clyde,TX,32.384932,-99.523567,2.889
71853,Landmark Travel Center,I-20 EXIT 301,Clyde,TX,32.352668,-99.545889,2.9007
70507,ALLSUPS CONVENIENCE STORE #2154,SR-206 / US-283,Coleman,TX,31.824442,-99.45721,3.159
71687,ALLSUPS #2386,I-20 EXIT 216,Colorado City,TX,32.359251,-100.898314,2.9423
71644,CHISUM TRAVEL CENTER #38,I-20 EXIT 210,Colorado City,TX,32.384122,-100.85805,2.9257
70516,STRIPES 7FLEET #42528,"I-20, EXIT 217 & SR-139",Colorado City,TX,32.376766,-100.879795,2.899
71351,ALLSUPS CONVENIENCE STORE #2207,US-377/US-67 & SR-36,Comanche,TX,31.888702,-98.603416,3.159
71354,ALLSUPS CONVENIENCE STORE #2247,US-377 & SR-16,Comanche,TX,31.93141,-98.647346,3.1623
4339,ROAD RANGER #273,I-69E/US-77 & SR-107,Combes,TX,26.239241,-97.728391,3.049
68245,STRIPES #40705,US-77/SR-374,Combes,TX,26.254596,-97.735452,2.9123
68339,LOVES TRAVEL STOP #464,"I-10, EXIT 523 & US-87",Comfort,TX,29.99405,-98.92186,3.2123
72879,QUIKTRIP #4002,US-87,Comfort,TX,29.949797,-98.933553,2.9657
69621,Circle K #2741096,"I-10/US-90, EXIT 591 & FM-1518",Converse,TX,29.525696,-98.328125,2.9357
73092,QUIKTRIP #4042,I-10,Converse,TX,29.494826,-98.333609,2.9457
72934,CIRCLE K #2706987,"I-37, Exit 118",Corpus Christi,TX,27.814473,-97.365214,3.099
70786,CIRCLE K #2741502,"I-37, EXIT 9",Corpus Christi,TX,27.800002,-97.427021,3.0607
73062,CIRCLE K #2741849,SR-358 & SR-286,Corpus Christi,TX,27.807913,-97.371846,3.124
69471,Circle K #2741501,"I-37, EXIT 3A",Corpus Christi,TX,27.763977,-97.363252,3.104
69907,STRIPES #41023,SR-358 & FM-665,Corpus Christi,TX,27.82828,-97.421365,3.0707
71705,STRIPES #41980,"I-37, EXIT 11A",Corpus Christi,TX,27.814386,-97.434057,3.199
73031,Travel Refresh,US 59,Corrigan,TX,31.045858,-94.847337,2.949
72896,PILOT #1283,I-45 & SR-31,Corsicana,TX,31.976297,-96.396643,3.0423
71298,QUIKTRIP #1923,"I-45, EXIT 229",Corsicana,TX,31.99525,-96.439801,2.849
68885,FLYING J #488,"I-35, EXIT 69",Cotulla,TX,28.451292,-99.20993,3.599
72650,Loves Travel Stop #862,I-35 Exit 65,Cotulla,TX,28.444869,-99.260332,3.589
68987,STRIPES #40535,I-35,Cotulla,TX,28.411215,-99.267682,3.339
72820,QUARLES #54232,us-385,Crane,TX,31.375119,-102.355477,3.8857
72020,CEFCO #2082,SR-206 & SR-36,Cross Plains,TX,32.185424,-99.167843,3.159
71457,ALLSUPS CONVENIENCE STORE #2075,US-70 & SR-6,Crowell,TX,33.983147,-99.671572,3.199
69139,CIRCLE K #2741545,SR-72 & US-87,Cuero,TX,29.098846,-97.24553,3.099
1700,TOPPS FUEL STOPS,US-259/SR-49,Daingerfield,TX,33.023645,-94.762696,3.109
71480,Loves Travel Stop #836,US-87,Dalhart,TX,36.052779,-102.502923,3.4357
5718,TOOT N TOTUM #104,US-287,Dalhart,TX,36.083739,-102.49278,3.199
68406,TOOT N TOTUM #114,US-385/US-54,Dalhart,TX,36.033875,-102.520685,3.199
69097,CIRCLE K #2741192,"I-30, EXIT 42B & SR-180",Dallas,TX,32.775699,-96.813265,2.899
70474,EXXON,"I-30, EXIT 42A",Dallas,TX,32.810695,-96.812372,3.499
70247,EXXON DBA ONE9 #1416,I-20 EXIT 458,Dallas,TX,32.778342,-96.810872,2.9923
52221,FLYING J TRAVEL PLAZA #726,"I-20, EXIT 472",Dallas,TX,32.757335,-96.836363,3.1823
65666,FUEL CITY #2,"I-30, EXIT 45B/I-35E",Dallas,TX,32.759144,-96.786022,2.9657
63621,FUEL CITY FRIENDLYS,"I-35E, EXIT 435",Dallas,TX,32.776075,-96.771125,2.9657
6227,MARLOWS FUEL CENTER,"I-20, EXIT 479",Dallas,TX,32.795489,-96.778381,3.2407
52361,PAYLESS FUEL TRAVEL CENTER,"I-20, EXIT 470",Dallas,TX,32.775193,-96.803496,2.9857
64485,PILOT TRAVEL CENTERS #433,"I-20, EXIT 470",Dallas,TX,32.760902,-96.777319,3.1823
66807,QUICK FUEL #5303,"I-35E, EXIT 436A",Dallas,TX,32.828256,-96.777253,3.0457
70376,QUIKTRIP #1935,SR-183,Dallas,TX,32.817465,-96.813136,2.9757
69104,QUIKTRIP #970,SR-12 & SR-180,Dallas,TX,32.829643,-96.776363,2.9757
72773,RaceTrac #2626,I-20 Exit 472,Dallas,TX,32.806629,-96.838338,2.864
70510,ALLSUPS CONVENIENCE STORE #2147,SR-6 & CR-454,De Leon,TX,32.094453,-98.530431,3.159
65667,ALLSUPS CONVENIENCE STORE #2103,US-287/US-81,Decatur,TX,33.245418,-97.535025,2.899
63495,DECAUTER SHELL TRUCK STOP,"I-35, EXIT 369",Decatur,TX,33.25609,-97.592112,2.9157
70375,QUIKTRIP #1853,US-81,Decatur,TX,33.23464,-97.585088,2.899
52611,STRIPES #40530,SR-239,Del Rio,TX,29.410391,-100.902129,3.229
72725,CASEYS #4481,US 75,Denison,TX,33.749102,-96.579148,2.9357
71854,EXXON DBA Pilot #1289,US 75 EXIT 72,Denison,TX,33.766312,-96.526735,3.239
20086,LOVES TRAVEL STOP #609,"I-35, EXIT 471 & US-77",Denton,TX,33.247518,-97.112925,3.2473
6271,TA DENTON TRAVEL CENTER,"I-35, EXIT 471 & US-77",Denton,TX,33.243699,-97.147605,3.254
70549,ALLSUPS CONVENIENCE STORE #2194,214 PLAINS HIGHWAY,Denver City,TX,33.00423,-102.853797,3.3823
70545,ALLSUPS CONVENIENCE STORE #2205,SR-83,Denver City,TX,32.978342,-102.829088,3.3657
72889,DK,SR 83,Denver City,TX,32.974005,-102.805369,3.319
72841,QUARLES #54296,SR-214 & CR-370,Denver City,TX,32.96542,-102.861552,3.799
71305,AMIGO'S COUNTRY STORE,"I-35, EXIT 122 & SR-173",Devine,TX,29.124128,-98.943636,3.099
71253,QUIKTRIP #4066,"I-35, EXIT 122 & SR-173",Devine,TX,29.138695,-98.884226,2.9657
67313,Majors 660 Diboll Truck Plaza,US-59,Diboll,TX,31.187561,-94.783825,2.8323
71685,ON THE ROAD 110,US-59,Diboll,TX,31.228612,-94.800159,3.199
71133,AMIGOS TRAVEL CENTER,"I-35, EXIT 85 & FM-117",Dilley,TX,28.644525,-99.151234,3.399
69525,DILLEY TRUCK STOP,"I-35 & EXIT 85, FM 117",Dilley,TX,28.716133,-99.200329,3.0657
1546,SHELL,"I-35, EXIT 86 & SR-85",Dilley,TX,28.67775,-99.195181,3.099
68236,TEX BEST #506,"I-35, EXIT 84",Dilley,TX,28.683084,-99.204797,3.099
70637,CIRCLE K #2704111,I-2/US-83 & CR-493,Donna,TX,26.168706,-98.065438,3.009
70257,LOVES TRAVEL STOP #739,I-2,Donna,TX,26.133325,-98.039463,3.649
69098,CIRCLE K #2741318,SR-285 & CR-160,Dripping Springs,TX,30.223502,-98.137619,3.049
71343,ALLSUPS CONVENIENCE STORE #2014,US-377/US-67,Dublin,TX,32.126539,-98.318812,3.159
69709,LOVES TRAVEL STOP #626,US-287,Dumas,TX,35.896262,-101.937446,3.4157
6391,TOOT N TOTUM #106,US-287,Dumas,TX,35.871575,-101.975953,3.0057
1548,TOOT N TOTUM #107,US-287,Dumas,TX,35.894785,-102.007556,3.0323
52643,Minit Mart #3,HIGHWAY 277 & FM 1589,Eagle Pass,TX,28.678917,-100.511361,3.199
65673,PILOT #894,US-57 & US-277,Eagle Pass,TX,28.737511,-100.442898,3.899
69663,STRIPES #2484,SR-480 & FM-1021,Eagle Pass,TX,28.66356,-100.480715,3.199
65674,VALLEY MART #09,US-277,Eagle Pass,TX,28.685775,-100.473092,3.199
70509,ALLSUPS CONVENIENCE STORE #2108,US-377 & US-183,Early,TX,31.800302,-98.884792,2.9323
72018,CEFCO #2071,US-377 & FM-381,Early,TX,31.78059,-98.950301,2.9257
72372,Eastland Truck Stop,I-20 Exit 340 & SR-6,Eastland,TX,32.415737,-98.77168,2.9323
71946,Allsups #102450,US-87,Eden,TX,31.238315,-99.828665,3.179
66771,FLYING J TRAVEL PLAZA #727,"I-69C/US-281, EXIT 8 & FM-1925",Edinburg,TX,26.31573,-98.214451,3.084
66178,LOVES TRAVEL STOP #284,I-69C/US-281 & FM-2812,Edinburg,TX,26.30151,-98.186005,3.1107
72078,STRIPES #42150,"I-69C, Exit 9 & US-281",Edinburg,TX,26.25397,-98.17045,3.0057
6330,TA EDINBURG TRAVEL CENTER,I-69C/US-281 & FM-2812,Edinburg,TX,26.263883,-98.221346,3.0107
72679,TEX BEST #532,US-281 & HWY 186,Edinburg,TX,26.251361,-98.189985,3.0207
71565,CIRCLE K #2741253,"SR 375, Exit 39",El Paso,TX,31.769034,-106.483812,3.1957
69421,CIRCLE K #2741257,"I-10, EXIT 19B",El Paso,TX,31.792942,-106.456993,2.9157
72942,CIRCLE K #2742777,US-62/180,El Paso,TX,31.73926,-106.499159,3.1907
73061,Circle K #2709045,"US-62 & SR-375, EXIT 39",El Paso,TX,31.779785,-106.506489,3.2023
71079,DK,SR-375,El Paso,TX,31.765718,-106.46897,2.699
69423,FAST MARKET #4574,SR-375 & CR-258,El Paso,TX,31.766454,-106.466781,2.9057
71421,FLYERS #3236,"SR 601, Exit 22",El Paso,TX,31.757591,-106.472004,3.229
66843,FLYING J TRAVEL PLAZA #728,"I-10, EXIT 37",El Paso,TX,31.793921,-106.439845,3.0923
6221,LOVES TRAVEL STOP #214,I-10 EXIT 37,El Paso,TX,31.771099,-106.460649,3.0757
6823,PETRO STOPPING CENTER #301,"I-10, EXIT 37",El Paso,TX,31.75379,-106.497784,3.124
73035,QUIKTRIP #7909,US-10,El Paso,TX,31.721373,-106.483701,2.849
7064,SPEEDWAY #9804,"I-10, EXIT 25",El Paso,TX,31.729086,-106.506045,3.4157
71473,ALLSUPS CONVENIENCE STORE #2378,US-BUS 287 & SR-25,Electra,TX,34.057466,-98.891381,2.999
72097,EXPRESSWAY SERVICE STATION,US-287 & SR-25,Electra,TX,34.034908,-98.927988,2.999
68674,TEXACO,US-290 & SR-696,Elgin,TX,30.336529,-97.358117,3.099
20108,TEX-BEST #501,"I-37, EXIT 125",Elmendorf,TX,29.219458,-98.406934,2.949
69858,TEX-BEST #528,US-181,Elmendorf,TX,29.200428,-98.365075,2.8923
71233,Fuel America Travel Center #2,"I-35, EXIT 32",Encinal,TX,28.025475,-99.370402,3.049
66015,LOVES TRAVEL STOP #298,"I-35, EXIT 39 & SR-44",Encinal,TX,28.008974,-99.391996,3.589
69612,ROAD RANGER #272,"I-35, EXIT 39 & SR-44",Encinal,TX,28.056061,-99.353428,3.539
73130,A One Stop,"I-45, EXIT 246",Ennis,TX,32.294621,-96.636829,2.9357
73118,ALLSUPS #2432,US 287 & SR 34,Ennis,TX,32.297807,-96.642125,2.929
66762,EXXON TIGER MART #44,"US-45,  EXIT 249",Ennis,TX,32.356092,-96.586771,3.099
70151,LOVES TRAVEL STOP #721,"I-45, EXIT 246 & FM-1183",Ennis,TX,32.319413,-96.599572,3.0357
65678,ONE9 #1300,US-287 & SR-34,Ennis,TX,32.317419,-96.620369,2.869
67736,SPEEDWAY #9855,I-10 EXIT 49,Fabens,TX,31.469228,-106.164819,3.2357
63764,LOVES TRAVEL STOP #288,"I-45, EXIT 198 & US-84",Fairfield,TX,31.775998,-96.159432,3.429
71600,TA EXPRESS #290,"I-45, EXIT 198 & FM-27",Fairfield,TX,31.728675,-96.195702,3.439
67859,PILOT #1135,US-281,Falfurrias,TX,27.241111,-98.104016,3.459
66186,STRIPES #40813,US-281 & SR-285,Falfurrias,TX,27.188422,-98.153316,3.0873
3230,STRIPES #40815,US-281 & US-285,Falfurrias,TX,27.236187,-98.112659,3.299
70008,Amigo's,"I-10, EXIT 661 & FM-609",Flatonia,TX,29.726405,-97.13259,3.0823
66173,TIMEWISE FOOD STORE #160,"I-10, EXIT 661",Flatonia,TX,29.725891,-97.129647,3.199
69467,CIRCLE K #2741547,US-181,Floresville,TX,29.182528,-98.169497,2.9957
71802,ALLSUPS #2407,I-10 EXIT 259,Fort Stockton,TX,30.905976,-102.867835,3.029
64352,CHEVRON #383461,"I-10, EXIT 259",Fort Stockton,TX,30.882672,-102.864657,3.029
68844,FLYING J #553,"I-10, EXIT 259",Fort Stockton,TX,30.890383,-102.898433,3.659
69189,LOVES TRAVEL STOP #542,"I-10, EXIT 261/US-67 & I-10 BUS",Fort Stockton,TX,30.888341,-102.907522,3.649
67917,STRIPES 7FLEET #42510,"I-10, EXIT 256/US-285",Fort Stockton,TX,30.926591,-102.854011,3.379
71102,365 Food and Fuel,"I-35W/US-287, EXIT 54A & SR-183",Fort Worth,TX,32.765535,-97.305676,2.9757
65652,CIRCLE K #2706343,"I-20, EXIT 428",Fort Worth,TX,32.773564,-97.289528,2.969
70136,FUEL CITY SAGINAW,CR-156,Fort Worth,TX,32.778309,-97.263338,2.9657
52661,LOVES TRAVEL STOP #281,"I-35 WEST, EXIT 40",Fort Worth,TX,32.808253,-97.279566,3.1873
70207,PILOT TRAVEL CENTERS #1344,I-20 EXIT 425,Fort Worth,TX,32.744056,-97.299558,2.909
65836,PILOT TRAVEL CENTERS #434,"I-35W, EXIT 65",Fort Worth,TX,32.807458,-97.314209,3.264
70796,QUICK FUEL #3177,"I-35W, EXIT 56",Fort Worth,TX,32.775126,-97.325743,3.0323
66377,QUIKTRIP #873,"I-35W, EXIT 42",Fort Worth,TX,32.796838,-97.292935,2.9757
71210,RACETRAC #2515,I-820 & BUS-287,Fort Worth,TX,32.748649,-97.272833,2.8773
70472,SHELL/ONE9 #1304,I-820 & CR-156,Fort Worth,TX,32.78926,-97.309526,2.8923
72201,MUDD CREEK COUNTRY STORE,US-79,Franklin,TX,31.039137,-96.52658,3.194
1552,STRIPES #40911,US-59 & SR-16,Freer,TX,27.900077,-98.584496,3.099
71558,ALLSUPS #2384,US-60,Friona,TX,34.64512,-102.749802,2.994
65683,ALLSUPS CONVENIENCE STORE #2225,US-60,Friona,TX,34.681302,-102.735792,2.999
71460,ALLSUPS CONVENIENCE STORE #2101,SR-136,Fritch,TX,35.63113,-101.570216,3.149
72953,GRAND AVENUE EXPRESS,I-35 & FM-372,Gainesville,TX,33.654078,-97.144729,2.999
70099,QUIKTRIP #1883,"I-35, EXIT 497 & US-82",Gainesville,TX,33.620925,-97.150045,2.9757
6563,Road Ranger #282,"I-35, EXIT 500",Gainesville,TX,33.638683,-97.13304,3.1757
3970,EXXON - Pilot #1293,"I-30, EXIT 61",Garland,TX,32.926257,-96.586573,2.8423
66404,QUICK FUEL #5302,"I-635, EXIT 14",Garland,TX,32.933149,-96.636059,3.0873
71704,QUIKTRIP #962,"I-30, Exit 61A",Garland,TX,32.9037,-96.598782,2.8973
72395,ALLSUPS #2427,US 84,Gatesville,TX,31.425822,-97.812294,3.0073
72022,CEFCO #65,US-84 & FM-116,Gatesville,TX,31.448026,-97.864249,2.9657
69077,FLYING J #554,"I-37, EXIT 56",George West,TX,28.350983,-98.092446,3.199
66244,STRIPES #40809,"I-37, EXIT 56",George West,TX,28.3013,-98.100138,3.044
64350,STRIPES #40811,"I-37, EXIT 55",George West,TX,28.325371,-98.110773,3.0157
5659,TEX-BEST #526,US-59 & US-281,George West,TX,28.311636,-98.118589,3.299
3435,PWI #168,"I-35, EXIT 266 & SR-195",Georgetown,TX,30.593752,-97.646329,2.799
72875,QUIKTRIP #4183,SR 195 & Shell RD,Georgetown,TX,30.664273,-97.634038,2.9157
70651,WALBURG TRAVEL CENTER,"I-35, EXIT 266",Georgetown,TX,30.64582,-97.710649,2.8323
69993,CEFCO #99,US-290,Giddings,TX,30.186956,-96.963732,3.159
70550,TEXACO #379545,US-290,Giddings,TX,30.166792,-96.895195,3.399
71672,7-ELEVEN #41573,US-67,Glen Rose,TX,32.259772,-97.788883,3.589
67664,CEFCO #16,SR-171,Godley,TX,32.455867,-97.50555,2.9823
72556,STARMART,US-183,Goldthwaite,TX,31.451409,-98.605721,3.099
65690,CIRCLE G TRUCK STOP,US-183 & SR-97,Gonzales,TX,29.510176,-97.438951,2.799
65691,CIRCLE K #2704037,US-90/SR-97 & US-183,Gonzales,TX,29.508,-97.475107,2.904
69321,CIRCLE K #2741546,US-90,Gonzales,TX,29.495562,-97.455144,2.8757
67297,BAR-B,I-20 EXIT 370 & FM-919,Gordon,TX,32.527447,-98.337022,2.9323
72813,Allsups #2425,Hwy 144,Granbury,TX,32.44831,-97.761258,3.029
67811,QUICK FUEL #5301,SR-360,Grand Prairie,TX,32.748973,-97.014126,3.024
72664,RACETRAC #2606,"I-30, EXIT 32B & SR-181",Grand Prairie,TX,32.787857,-97.04434,2.9257
4193,TIGER MART #63,"I-20, EXIT 454",Grand Prairie,TX,32.787558,-96.981842,3.599
69821,FUEL CITY HALTOM CITY,"I-35W, EXIT 52B & TX-121",Haltom City,TX,32.775975,-97.306824,2.9657
64355,CEFCO #34,US-281 & SR-38,Hamilton,TX,31.642903,-98.087995,3.029
68215,COWBOY TRAVEL PLAZA,"I-10, EXIT 833",Hamshire,TX,29.845426,-94.327068,2.899
66504,COUNTRY BOYS COUNTRY STORE,"I-10, EXIT 813",Hankamer,TX,29.879473,-94.598707,2.8657
72473,Loves Travel Stop #885,US 77,Harlingen,TX,26.164411,-97.684643,3.649
66341,7-ELEVEN #218,"I-44, EXIT 4",Harrold,TX,34.102768,-99.041676,2.6873
71464,ALLSUPS CONVENIENCE STORE #2153,US-277,Haskell,TX,33.151679,-99.708974,3.539
70371,KENT KWIK #440,US-277,Haskell,TX,33.15473,-99.723228,3.539
67743,STRIPES 7FLEET #42506,US-380 & US-277,Haskell,TX,33.157626,-99.720535,3.539
64533,SHELL,US-287/US-81 & CR-718,Haslet,TX,32.930723,-97.375648,2.8907
64343,Allsup's Marketplace #2411,US-67,Hawley,TX,32.643661,-99.906255,2.889
72672,7-Eleven #42205,US 79,Hearne,TX,30.843941,-96.557046,3.449
67421,LOVES TRAVEL STOP #375,US-79/SR-6 & FM-485,Hearne,TX,30.87703,-96.551752,3.489
72886,PILOT #1381,US-190 & Rose Marie Blvd,Hearne,TX,30.848721,-96.598697,3.499
67753,STRIPES #40892,SR-359 & SR-16,Hebbronville,TX,27.268311,-98.688907,3.2857
70890,PILOT #1299,US-287 & SR-148,Henrietta,TX,33.835847,-98.238754,3.1257
69903,LOVES TRAVEL STOP #642,US-60 & US-385,Hereford,TX,34.85366,-102.400828,3.4157
72634,MURPHY USA #7827,US-385 & US-60,Hereford,TX,34.869028,-102.401144,2.829
52612,STRIPES 7FLEET #42568,US-60 & CR-G,Hereford,TX,34.811385,-102.41949,3.3507
71472,ALLSUPS CONVENIENCE STORE #2276,HWY 84 & CR-466,Hermleigh,TX,32.667026,-100.769958,2.9723
68848,CIRCLE K #2741328,"I-35, EXIT 328 & FM-2063",Hewitt,TX,31.435762,-97.22036,2.8657
67839,EL TIGRE FOOD STORE #13,SR-336,Hidalgo,TX,26.088068,-98.288519,3.2157
72750,QUIKTRIP #1943,I-35 EXIT 368 & SR 22,Hillsboro,TX,31.975976,-97.095241,2.919
72338,VALLEY MART #05,US-90 & SR-173,Hondo,TX,29.3864,-99.161648,3.199
68256,EXTRA MILE TRUCK STOP,I-30 EXIT 208,Hooks,TX,33.500452,-94.267633,2.8173
73000,TXB,FM-2147,Horseshoe Bay,TX,30.506796,-98.409898,2.929
67868,CHEVRON,SR-19,Huntsville,TX,30.817328,-95.621041,2.979
66906,LOVES TRAVEL STOP #331,"I-45, EXIT 272",Hutchins,TX,32.602979,-96.6809,3.1023
67401,QUIKTRIP #973,"I-45, EXIT 272",Hutchins,TX,32.610487,-96.714947,2.8823
71883,QUIKTRIP #4178,SR-130,Hutto,TX,30.543401,-97.56961,2.9157
71455,ALLSUPS CONVENIENCE STORE #2043,US-62,Idalou,TX,33.675138,-101.682084,2.9657
72081,STRIPES #2146,US-181 & SR-361,Ingleside,TX,27.881669,-97.205307,3.299
64374,CEFCO #2001,US-287 & FM-369,Iowa Park,TX,33.938288,-98.687727,2.864
70245,YESWAY #1168,US-287 & CR-368,Iowa Park,TX,33.974431,-98.687138,2.889
66014,BIG D TRAVEL CENTER,SR-12 & SR-183,Irving,TX,32.764959,-96.76356,2.9557
71576,RACETRAC #2429,SR-161,Irving,TX,32.801495,-96.757659,2.9007
71575,Racetrac #2308,SR-161,Irving,TX,32.805721,-96.811299,2.9357
66196,EXXON TIGER MART,"I-35, EXIT 386",Italy,TX,32.179513,-96.884761,3.1223
69545,LOVES TRAVEL STOP #628,"I-35E, EXIT 386 & FM-1134",Italy,TX,32.160517,-96.870044,3.1023
72588,ALLSUPS CONVENIENCE #2430,US 380,Jacksboro,TX,33.22433,-98.196621,3.044
381,7-Eleven #41830,US-69 & US-135,Jacksonville,TX,31.943005,-95.240505,2.9157
44,CIRCLE K #2612042,"I-35,  EXIT 271",Jarrell,TX,30.774023,-97.618293,2.919
70579,Exxon/One9 #1338,I-35 & CR-372,Jarrell,TX,30.829166,-97.602847,2.8857
67235,FLYING J TRAVEL PLAZA #507,I-35,Jarrell,TX,30.794888,-97.630397,3.2207
71075,TEXAS TRAVEL CENTER,"I-35, EXIT 277",Jarrell,TX,30.804085,-97.589645,2.8323
2924,HWY 190 FUEL STOP,US-190,Jasper,TX,30.842307,-94.008758,3.1323
71116,CEFCO #101,US-59 & SR-49,Jefferson,TX,32.768088,-94.333297,2.899
68350,JOAQUIN QUICK STOP,US-84,Joaquin,TX,31.954577,-94.053987,3.4323
70039,TEX-BEST #527,SR-162 & SR-16,Jourdanton,TX,28.932342,-98.518479,2.9207
66072,GENES GO TRUCK STOP,"I-10/US-83, EXIT 456 & US-377",Junction,TX,30.500525,-99.725593,3.289
72803,Llanos Country Corner,"I-10/US-83, EXIT 456 & US-377",Junction,TX,30.472596,-99.750369,2.919
69310,PILOT TRAVEL CENTER #1006,"I-10, EXIT 456 & US-377",Junction,TX,30.473632,-99.733476,3.599
6010,SEGOVIA TRUCK STOP,"I-10, EXIT 465",Junction,TX,30.456342,-99.766477,2.999
66174,TIMEWISE FOOD STORE #162,"I-10, EXIT 456",Junction,TX,30.473923,-99.73206,3.099
68974,STRIPES #40801,US-181 & SR-123 & CR-347,Karnes City,TX,28.88106,-97.941599,3.174
72009,CEFCO #1059,SR-274,Kemp,TX,32.284705,-96.234123,2.909
71334,ALLSUPS CONVENIENCE STORE #2278,SR-302 & SR-18,Kermit,TX,31.886676,-103.127125,3.089
71357,ALLSUPS CONVENIENCE STORE #2279,SR-115 & SR-18,Kermit,TX,31.822529,-103.101791,3.089
70390,FLYING J #1206,SR-302 & CR-313,Kermit,TX,31.863532,-103.128784,3.2557
67897,KENT KWIK #273,SR-302 & SR-18,Kermit,TX,31.868559,-103.074788,3.039
71023,LOVES TRAVEL STOP #853,SR-302 & CR-313,Kermit,TX,31.821185,-103.056459,3.2507
70185,PILOT # 1147,SR-302,Kermit,TX,31.844895,-103.076724,3.2557
69164,CIRCLE K #2741557,US-190 & SR-195 & SR-3470,Killeen,TX,31.143598,-97.693255,2.7623
66844,CIRCLE K #2706984,US-77 & CR-1356,Kingsville,TX,27.428798,-97.868933,2.8223
66853,LOVES TRAVEL STOP #327,US-77 & FM-1898,Kingsville,TX,27.45017,-97.845022,3.1557
64382,KOSSE COUNTRY STORE,SR-7 & SR-14,Kosse,TX,31.303577,-96.614672,3.1157
70040,TEX BEST #503,"I-35, EXIT 215 & CR-210",Kyle,TX,29.980176,-97.861969,2.8057
72170,STRIPES # 41977,"I-2, EXIT 168",La Feria,TX,26.131338,-97.83327,3.219
72567,THE TEXAN #12,US 87,La Vernia,TX,29.322321,-98.10524,3.049
67744,STRIPES #40715,SR-107,La Villa,TX,26.301874,-97.941444,3.169
72759,Allsups Convenience Store #2461,US-87 & SR-137,Lamesa,TX,32.704036,-101.920789,3.099
68416,STRIPES 7FLEET #42515,US-87 N,Lamesa,TX,32.714422,-101.995317,3.099
72646,TOOT N TOTUM #131,US 87,Lamesa,TX,32.7381,-101.982475,3.109
69986,YESWAY #1061,US-180 & SR-137,Lamesa,TX,32.730871,-101.98511,3.099
69664,7-ELEVEN #40544,US-281,Lampasas,TX,31.040439,-98.213291,2.9157
72011,CEFCO #107,US 190,Lampasas,TX,31.079789,-98.197538,2.899
68847,CIRCLE K #2741553,US-190/US-183 & US-281,Lampasas,TX,31.074719,-98.220472,2.759
66223,7-ELEVEN #36548,SR-83,Laredo,TX,27.498637,-99.535774,2.999
69703,CIRCLE K #2741831,"I-35, EXIT 8B & SR-20",Laredo,TX,27.541369,-99.468173,2.9023
66928,FLYING J TRAVEL PLAZA #730,"I-35/US-83, EXIT 13",Laredo,TX,27.52574,-99.500517,3.599
70419,FUEL AMERICA TRAVEL CENTER,I-35 EXIT 24,Laredo,TX,27.516513,-99.506605,3.099
486,LA NORIA CONV STORES,"I-35 N, EXIT 4",Laredo,TX,27.533826,-99.484731,3.299
70711,LOVES TRAVEL STOP #762,FM-1472,Laredo,TX,27.487032,-99.479366,3.2557
71902,MURPHY EXPRESS #8928,FM-1472,Laredo,TX,27.499408,-99.5226,2.8457
52565,PILOT TRAVEL CENTERS #377,"I-35, EXIT 13",Laredo,TX,27.505279,-99.488176,3.599
72819,QUIKTRIP #7925,I-69W,Laredo,TX,27.551916,-99.494654,2.8507
72872,QUIKTRIP #7926,US 59 & SR 20,Laredo,TX,27.483147,-99.478585,2.859
68697,STRIPES #40915,"I-35, EXIT 8 & SR-20 & FM-1472",Laredo,TX,27.494622,-99.479833,2.979
67053,TA LAREDO TRAVEL CENTER,"I-35/US-83, EXIT 13",Laredo,TX,27.528907,-99.478236,3.649
66172,Timewise Food Store #163,"I-35, EXIT 8",Laredo,TX,27.553759,-99.493148,2.9357
52566,YUMM,"I-35, EXIT 8",Laredo,TX,27.527075,-99.492014,2.8757
68261,STRIPES #2294,US-83 & FM-1120,Leakey,TX,29.748623,-99.731451,2.949
71822,DK,SR 176,Lenorah,TX,32.310146,-101.869663,3.5323
70875,FUEL MAXX #57,SR-105 & SR-146,Liberty,TX,30.132049,-94.771818,3.1323
68314,Refuel #313,US-183 & SR-29,Liberty Hill,TX,30.655566,-97.932866,2.909
4463,QUIKTRIP #7901,"I-20, EXIT 556 & US-69",Lindale,TX,32.487596,-95.426167,2.8073
52517,STRIPES 7FLEET #42562,US-84 & US-385,Littlefield,TX,33.902079,-102.335499,3.199
3522,SUNMART #308,US-59,Livingston,TX,30.721136,-94.884942,2.859
69144,STRIPES 7FLEET #42530,SR-71 & SR-16,Llano,TX,30.753305,-98.599056,3.2323
68417,7-ELEVEN #42072,"I-20, EXIT 599/SR-281",Longview,TX,32.500291,-94.696588,3.2073
72014,CEFCO #1086,US-259,Longview,TX,32.490261,-94.714694,2.959
73029,One9 #1417,I-35 Exit 323,Lorena,TX,31.440215,-97.214607,2.9023
72021,CEFCO #30,US-77 & SR-320,Lott,TX,31.217326,-97.083571,3.011
72944,Circle K #2709094,US-62 & SR-327,Lubbock,TX,33.550699,-101.833169,3.099
72110,FAST STOP,US-84 & CR-1800,Lubbock,TX,33.617902,-101.880177,2.999
66874,FLYING J TRAVEL PLAZA #733,"I-27, EXIT 4 & US-82",Lubbock,TX,33.614804,-101.87103,3.3323
69512,LOVES TRAVEL STOP #589,"I-27/US-87, EXIT 8 & FM-2641",Lubbock,TX,33.563951,-101.840729,3.3323
69816,STRIPES #42503,"I-27, EXIT 1",Lubbock,TX,33.625904,-101.853304,2.9507
69448,STRIPES #42525,"I-27/US-87, EXIT 2",Lubbock,TX,33.589348,-101.832831,2.9573
52588,STRIPES #42564,US-87,Lubbock,TX,33.612235,-101.869,3.199
70505,STRIPES #42593,LOOP 289 & MLK BLVD,Lubbock,TX,33.623767,-101.867536,2.9657
70500,STRIPES 7FLEET #42526,SR-289,Lubbock,TX,33.568093,-101.886973,3.0557
72769,TOOT N TOTUM #132,US 84,Lubbock,TX,33.561294,-101.900095,2.9707
7058,YESWAY #1125,"I-27, EXIT 1C",Lubbock,TX,33.61979,-101.876997,2.969
66548,YESWAY #1156,US-84 & SR-289,Lubbock,TX,33.561998,-101.836871,2.9507
63603,LOVES TRAVEL STOP #290,US-59/US-69/S LOOP 287 & FM-841,Lufkin,TX,31.258647,-94.624177,3.649
70219,LOVES TRAVEL STOP #709,US-59 & SR-116,Lufkin,TX,31.256298,-94.661517,3.649
69962,LUFKIN TRAVEL PLAZA,US-59 & CR-819,Lufkin,TX,31.241411,-94.636709,2.8157
69010,PILOT TRAVEL CENTER #1023,US-69 & US-59/SR-287,Lufkin,TX,31.285844,-94.629107,3.659
72182,LULING MINI MART,I-10 Exit 628 & SR-80,Luling,TX,29.67388,-97.67443,2.9657
71022,TEX BEST #530,"I-10, EXIT 628 & SR-80",Luling,TX,29.722426,-97.683624,3.009
72380,EXXPRESS MART #12,US-287 & SR-421,Lumberton,TX,30.317501,-94.247561,2.959
72494,7-ELEVEN #42132,"I-35, EXIT 131",Lytle,TX,29.221072,-98.755117,3.599
68803,SHELL,"I-45, EXIT 152",Madisonville,TX,30.993116,-95.878567,3.1823
72904,CEFCO #112,US-281,Marble Falls,TX,30.544697,-98.277905,2.929
68323,TRAINER MART,"I-10, EXIT 593",Marion,TX,29.56084,-98.184987,2.999
68274,CEFCO #6,SR-6 & SR-7,Marlin,TX,31.332372,-96.903509,2.999
72758,CEFCO #1117,I-20 EXIT 617,Marshall,TX,32.553485,-94.395408,2.8323
1834,PUMP N PANTRY #15,"I-20, EXIT 617 & US-59",Marshall,TX,32.513982,-94.395348,2.899
72695,Quiktrip #7906,"I-20, EXIT 617 & US-59",Marshall,TX,32.571424,-94.326172,2.8373
72888,STRIPES #42591,US-87,Mason,TX,30.782223,-99.217718,3.299
64360,CIRCLE K #2706983,"I-37, EXIT 36 & SR-359",Mathis,TX,28.078323,-97.799311,3.019
6496,SPEEDY EXPRESS #38,"I-35, EXIT 305",Mathis,TX,28.051163,-97.823057,3.199
69666,7-ELEVEN #40587,SR-21 & FM-150,Maxwell,TX,29.885604,-97.795566,3.1523
9962,STRIPES #40673,"I-45, EXIT 179",Mcallen,TX,26.222776,-98.244793,3.289
72589,ALLSUPS CONVENIENCE #2056,US 287,Memphis,TX,34.680503,-100.556007,2.929
64399,LOVES TRAVEL STOPS #247,US-287 & SR-256,Memphis,TX,34.741589,-100.497651,3.789
70554,HORSESHOE CONVENIENCE,SR 302 & IC 200,Mentone,TX,31.691372,-103.569213,3.1073
72487,PILOT #1380,I-2 EXIT 161,Mercedes,TX,26.127375,-97.932875,3.659
71859,ALLSUPS #2415,SR 6,Meridian,TX,31.910551,-97.609673,2.9657
66645,ALLSUPS #2390,"I-20/US-84, EXIT 270",Merkel,TX,32.40709,-99.98991,2.8757
71686,Allsups #2391,I-20 Exit 269,Merkel,TX,32.441377,-99.955402,2.8757
72148,IRON HORSE TRAVEL CENTER,I-20 EXIT 270 & FM-1235,Merkel,TX,32.464488,-100.020236,2.8757
69588,FUEL CITY,"I-30, EXIT 52B & US-80",Mesquite,TX,32.803497,-96.606645,2.9657
67690,CEFCO #64,ST RT 14,Mexia,TX,31.705358,-96.522898,3.099
70696,DK #11822,I-20 EXIT 131,Midland,TX,32.010027,-102.071187,2.8573
71943,DK #11823,I-20 & FM-1768,Midland,TX,32.009753,-102.041231,2.9823
69514,Flying J #1033,"I-20, EXIT 138 & SR-158",Midland,TX,32.007677,-102.056545,3.5657
68730,KENT KWIK #315,SR-158 & FM-1788,Midland,TX,31.953112,-102.100225,3.4373
71803,KENT KWIK #321,I-20 EXIT 143,Midland,TX,31.969207,-102.047429,2.9407
69669,LOVES TRAVEL STOP #623,"I-20/SR-349, EXIT 131",Midland,TX,32.02756,-102.046,3.5557
70389,PILOT #1145,SR-191,Midland,TX,31.963894,-102.057216,3.5657
70584,PILOT TRAVEL CENTER #1209,"I-20, EXIT 136 & SR-349",Midland,TX,31.997305,-102.043889,3.5657
1791,PILOT TRAVEL CENTERS #257,"I-20, EXIT 126 & FM-1788",Midland,TX,31.960456,-102.065664,3.5657
67787,PWI #109,"I-20, EXIT 126",Midland,TX,32.019102,-102.025336,2.999
72849,QUARLES #54349,CR-1140,Midland,TX,32.027234,-102.09755,3.6657
72851,QUARLES #54367,FM-1787,Midland,TX,31.985366,-102.06924,3.799
61730,STRIPES 7FLEET #42430,"I-20, EXIT 131",Midland,TX,31.9572,-102.041944,3.569
67749,STRIPES 7FLEET #42436,I-20 EXIT 134,Midland,TX,31.973239,-102.098782,3.0657
67742,STRIPES 7FLEET #42514,"I-20, EXIT 138",Midland,TX,32.004499,-102.090194,3.459
70501,STRIPES 7FLEET #42527,SR-191 & US-349,Midland,TX,31.960621,-102.065744,3.4723
64390,TXB #71 DBA KWIK CHEK FOOD STORES,"I-20, EXIT 136",Midland,TX,32.024148,-102.081983,3.079
66043,LOVES TRAVEL STOPS #216,US-67 & US-287,Midlothian,TX,32.443935,-96.968196,3.199
73114,ROAD RANGER #319,"I-35E, EXIT 381",Milford,TX,32.110688,-96.991514,3.0307
71845,ALLSUPS #2424,US 180,Millsap,TX,32.748787,-97.981488,2.984
71724,ALLSUPS CONVENIENCE #2403,US-180,Mineral Wells,TX,32.827999,-98.097193,3.0057
71616,ALLSUPS CONVENIENCE STORE #2382,"I-20, EXIT 366 & US-281",Mineral Wells,TX,32.785351,-98.096982,2.9457
69608,STRIPES,FM 1924,Mission,TX,26.207905,-98.35864,3.099
67746,STRIPES #40598,I-2/US-83,Mission,TX,26.214109,-98.353411,2.869
66868,STRIPES #40604,US-83,Mission,TX,26.201321,-98.316894,2.8823
67745,STRIPES #40628,"I-2, EXIT 134 & US-83",Mission,TX,26.210888,-98.292723,3.259
68253,KENT KWIK #262,"CR-18/I-20, EXIT 80",Monahans,TX,31.54553,-102.89468,2.859
70388,PILOT #1205,"I-20, EXIT 80",Monahans,TX,31.555685,-102.939489,3.4657
70326,PILOT #1207,"I-20, EXIT 79 & SR-464",Monahans,TX,31.560646,-102.862421,3.4657
72907,QUIKTRIP #7913,"I-20, EXIT 20 & SR-18",Monahans,TX,31.588808,-102.879623,2.859
71367,ROAD RANGER #280,"I-20, EXIT 79 & SR-464",Monahans,TX,31.611295,-102.880253,3.459
52638,STRIPES 7FLEET #42555,"I-20, EXIT 80 & SR-18",Monahans,TX,31.566024,-102.901065,2.929
68321,Big's #304,"I-35, EXIT 141",Moore,TX,29.082317,-99.036031,2.999
68419,ROAD RANGERS #270,"I-35, EXIT 114/SR-462",Moore,TX,29.048126,-99.053203,3.169
71452,ALLSUPS CONVENIENCE STORE #2016,SR-214 & SR-114,Morton,TX,33.693117,-102.726348,3.399
71469,ALLSUPS CONVENIENCE STORE #2227,SR-114,Morton,TX,33.700977,-102.721606,3.399
68598,7-ELEVEN #41032,US-84 & US-259,Mount Enterprise,TX,31.942895,-94.613962,3.349
71132,CEFCO #104,US-259 & SR-315,Mount Enterprise,TX,31.881817,-94.635202,2.959
66338,SHELL,"I-30, EXIT 160 & US-271/SR-49 & US-67",Mount Pleasant,TX,33.19489,-94.983628,3.899
20105,CEFCO #1050,"I-30, EXIT 146 & US-37",Mount Vernon,TX,33.166876,-95.204968,2.9423
70469,TA EXPRESS #286,I-30 & SR-423,Mount Vernon,TX,33.13781,-95.193899,3.299
70548,ALLSUPS CONVENIENCE STORE #2114,US-84,Muleshoe,TX,34.19162,-102.749239,3.1907
66374,BROOKSHIRE BROS #6111,US-259,Nacogdoches,TX,31.583931,-94.49679,3.369
174,Hop-In Food Stores,US-59 & SR-224,Nacogdoches,TX,31.600262,-94.4888,2.859
71894,Majors 663 Nacogdoches Truck Plaza,US-259 & US-59,Nacogdoches,TX,31.529982,-94.529257,3.029
69708,TA Express #289,US-59,Nacogdoches,TX,31.56969,-94.462828,3.139
72685,CHUBBYS TRAVEL CENTER,"I-35, Exit 127",Natalia,TX,29.24979,-98.84209,2.9723
68815,LOVES TRAVEL STOP #471,"I-35, EXIT 127 & FM-471",Natalia,TX,29.219664,-98.817041,3.203
70874,CIRCLE T,SR-6 & SR-515,Navasota,TX,30.323036,-96.029682,3.4323
72295,SWIFT,US-69,Nederland,TX,29.97466,-94.009362,2.9857
60551,CIRCLE K #2744522,"I-30, EXIT 201  I-30 & SR-8",New Boston,TX,33.470617,-94.474503,2.9423
70603,ROAD RANGER #277,"I-30, EXIT 201 & SR-8",New Boston,TX,33.463922,-94.464116,3.0807
69750,CIRCLE K #2704041,"I-35, EXIT 183",New Braunfels,TX,29.700988,-98.082571,2.859
70461,CIRCLE K #2741074,I-35 & FM-1103,New Braunfels,TX,29.734393,-98.045712,2.844
67063,PILOT TRAVEL CENTERS #330,"I-35, EXIT 184 SW",New Braunfels,TX,29.722951,-98.055916,3.399
72874,QUIKTRIP #4076,I-35 EXIT 191,New Braunfels,TX,29.722175,-98.065992,2.9157
52651,TA NEW BRAUNFELS TRAVEL CENTER,"I-35, EXIT 193",New Braunfels,TX,29.759745,-98.084313,3.449
64393,TEX-BEST #505,"I-35, EXIT 183",New Braunfels,TX,29.684487,-98.104501,2.8057
63767,HOP-IN FOOD STORES,I-27 & FM-1729,New Deal,TX,33.707465,-101.813728,2.9257
72233,ROAD RANGER #284,I-27 & FM-1729,New Deal,TX,33.756593,-101.845434,2.9857
69536,7-ELEVEN #40802,US-87,Nixon,TX,29.316944,-97.729274,3.079
69226,STRIPES #40812,US-77,Odem,TX,27.956098,-97.572173,3.199
68971,FLYING J #580,"I-20, EXIT 121",Odessa,TX,31.758069,-102.381737,3.5657
72960,KENT KWIK #206,FM-2020,Odessa,TX,31.771727,-102.364851,3.0257
71979,KENT KWIK #219,SR-338,Odessa,TX,31.791933,-102.364291,3.0073
72903,Kent Kwik #221,SR-338,Odessa,TX,31.777331,-102.33331,2.989
66922,LOVES TRAVEL STOPS #339,"I-20, EXIT 115 & FM-1882",Odessa,TX,31.734748,-102.372123,3.549
70561,PILOT #1143,I-20 & SR-302,Odessa,TX,31.731925,-102.359782,3.599
70266,PILOT #1161,I-20,Odessa,TX,31.761893,-102.382501,3.5657
72389,PILOT #1354,US 385,Odessa,TX,31.753868,-102.384725,3.5657
4874,PWI #110,"I-20, EXIT 112 & FM-1936",Odessa,TX,31.797674,-102.36635,3.049
72827,QUARLES #54259,FM-1936,Odessa,TX,31.802728,-102.389519,3.699
69500,ROAD RANGER #271,"I-20, EXIT 108",Odessa,TX,31.7937,-102.362798,3.5157
65724,STRIPES 7FLEET #42427,US-385 & SR-191,Odessa,TX,31.803541,-102.394174,3.289
67748,STRIPES 7FLEET #42428,"I-20 EXIT, 115",Odessa,TX,31.792523,-102.352453,3.069
70502,STRIPES 7FLEET #42532,SR-302 & FM-1936,Odessa,TX,31.735303,-102.325348,3.099
70544,ALLSUPS CONVENIENCE STORE #2100,US-87,Odonnell,TX,32.945663,-101.850407,3.099
66765,STRIPES #40736,US-77/US-83,Olmito,TX,26.00055,-97.518248,2.999
52222,FLYING J TRAVEL PLAZA #735,"I-10, EXIT 873 & SR-62",Orange,TX,30.091096,-93.858734,3.309
3519,PILOT TRAVEL CENTERS #431,"I-10, EXIT 873",Orange,TX,30.110315,-93.882282,3.309
72774,STUCKEYS TRAVEL CENTER,I-10 EXIT 451,Orange,TX,30.045864,-93.880188,2.8073
72289,SUNOCO,SR-12 & FM-1136,Orange,TX,30.058948,-93.841428,2.899
65671,SUPER STOP #22,SR-87 & SR-12,Orange,TX,30.069593,-93.850808,3.439
67739,STRIPES #40819,SR-359,Orange Grove,TX,27.945782,-98.005862,3.0657
70183,PILOT # 1134,US-285 & CR-652,Orla,TX,31.891587,-103.893536,3.759
5963,OZONA ONE STOP,"I-10, EXIT 372",Ozona,TX,30.681779,-101.216519,2.9823
71474,PILOT #1292,US-290 & SR-21,Paige,TX,30.182497,-97.146573,3.499
66332,PWI #172,"I-45, EXIT 258",Palmer,TX,32.473595,-96.668298,2.7757
71723,ALLSUPS CONVENIENCE #2398,SR-70,Pampa,TX,35.533189,-100.97431,3.079
68836,Corner Market #160,US-60,Pampa,TX,35.538689,-100.937795,3.399
73033,QUARLES #54242,SR-152,Pampa,TX,35.529803,-100.967706,3.499
71090,CEFCO #2076,US-60 & SR-207,Panhandle,TX,35.41573,-101.463697,2.9457
1807,LOVES TRAVEL STOP #229,I-40 EXIT 96 & SR-207,Panhandle,TX,35.344823,-101.440072,3.314
72015,CEFCO #1096,US-82,Paris,TX,33.679083,-95.573005,2.9657
72017,CEFCO #1102,SR-24 & SR-286,Paris,TX,33.670976,-95.548164,2.9657
72264,CIRCLE K #2654249,SR 24 & SR 286,Paris,TX,33.653781,-95.574076,2.959
69978,LOVES TRAVEL STOP #678,US-271,Paris,TX,33.62257,-95.522537,3.3657
68860,PETRO STOP #394,"I-35, EXIT 101 & FM-140",Pearsall,TX,28.882229,-99.090356,3.5357
71356,ALLSUPS CONVENIENCE STORE #2266,I-20 & US-285,Pecos,TX,31.407149,-103.594269,3.379
71470,ALLSUPS CONVENIENCE STORE #2267,"I-20, EXIT 42 & CR-761",Pecos,TX,31.466848,-103.608709,3.379
8961,FLYING J TRAVEL PLAZA #736,"I-20, EXIT 42 & US-285",Pecos,TX,31.412854,-103.598964,3.4657
69031,LOVES TRAVEL STOPS #492,"I-20, EXIT 42 & US-285",Pecos,TX,31.407559,-103.609925,3.449
70187,PILOT # 1146,I-20 & SR-17,Pecos,TX,31.447175,-103.598074,3.4657
72830,QUARLES #54261,"I-20, EXIT 37",Pecos,TX,31.432563,-103.580964,3.749
72844,QUARLES #54332,US-285,Pecos,TX,31.417054,-103.596548,3.759
69672,STRIPES 7FLEET #42507,US-285,Pecos,TX,31.4856,-103.555222,3.379
72987,The Texan,US-285 & CR-116,Pecos,TX,31.447588,-103.594308,2.999
1810,KENT KWIK #804,US-83,Perryton,TX,36.351733,-100.829452,2.999
69468,TOOT N TOTUM #100,US-83,Perryton,TX,36.391037,-100.80769,2.999
66155,7-ELEVEN #36575,"I-35, EXIT 248",Pflugerville,TX,30.442238,-97.637033,2.899
72652,Quiktrip #4148,I-35 & GRAND AVE PKWY,Pflugerville,TX,30.417925,-97.636997,2.8823
65728,RIVER MART,US-281/SR-241,Pharr,TX,26.139019,-98.176963,3.349
66090,ROAD RANGER #267,US-281,Pharr,TX,26.149037,-98.1845,3.564
66833,STRIPES #5148,US-281,Pharr,TX,26.19618,-98.148952,3.399
66803,Stripes,FM-2061 & FM-3072,Pharr,TX,26.16535,-98.190526,3.1657
70488,ALLSUPS CONVENIENCE STORE #2365,US-380 & SR-214,Plains,TX,33.163015,-102.854107,3.369
71335,ALLSUPS CONVENIENCE STORE #2367,"I-27/US-87, EXIT 49B & US-70",Plainview,TX,34.197136,-101.730725,2.909
60554,CEFCO #2070,"I-27, EXIT 49",Plainview,TX,34.178233,-101.754392,2.8323
71621,TOOT N TOTUM #127,"I-27, Exit 49B",Plainview,TX,34.201106,-101.738276,2.8957
69436,CIRCLE K #2741077,SR-97 & CR-433,Pleasanton,TX,29.020891,-98.458424,2.949
72905,TA EXPRESS PLEASANTON #445,I-37 EXIT 109,Pleasanton,TX,29.025185,-98.511291,3.099
69258,TEX-BEST #525,"I-37, EXIT 109 & SR-97",Pleasanton,TX,28.979951,-98.511683,3.099
71344,ALLSUPS CONVENIENCE STORE #2061,US-84 & US-380,Post,TX,33.218608,-101.36501,2.944
72019,CEFCO #2081,US-84,Post,TX,33.175494,-101.357297,2.9423
72296,SWIFT STOP #5,US-84 & US-380,Post,TX,33.217351,-101.41631,2.943
64406,Main Street Market,SR-84 & FM-73,Prairie Hill,TX,31.635017,-96.803328,2.899
64407,CIRCLE K #2741527,US-281,Premont,TX,27.36633,-98.159037,2.999
70647,PILOT #1227,I-20 EXIT 66,Pyote,TX,31.562683,-103.165453,3.4657
69785,LOVES TRAVEL STOP #662,US-287 & SR-285,Quanah,TX,34.29951,-99.725414,3.849
72013,CEFCO #1081,US-59,Queen City,TX,33.160866,-94.183464,3.024
52512,LOVES TRAVEL STOPS #270,"I-20, EXIT 349",Ranger,TX,32.435746,-98.704019,3.189
71725,Allsups Convenience Store #2406,US-67,Rankin,TX,31.198322,-101.960713,3.499
72848,QUARLES #54347,US-67,Rankin,TX,31.255728,-101.954535,3.699
52450,PILOT #1290,"I-35, EXIT 410 & US-77",Red Oak,TX,32.511801,-96.789477,3.299
68421,STRIPES,US-77,Refugio,TX,28.334325,-97.297959,3.074
67439,LOVES TRAVEL STOPS #380,US-287/SR-114,Rhome,TX,33.046682,-97.510025,3.089
69009,PILOT #1140,US-287,Rhome,TX,33.037351,-97.448396,3.1757
72766,QUIKTRIP #1873,US 287  33.054731932354194,Rhome,TX,33.062437,-97.506815,2.899
5607,RICE MART,"I-45 & FM 1603, EXIT 238",Rice,TX,32.220139,-96.451415,3.019
69627,STRIPES #40601,US-83 & FM-2360,Rio Grande City,TX,26.402489,-98.844198,2.9957
66850,Stripes,ST 77,Riviera,TX,27.306347,-97.78657,3.1257
69673,QUIKTRIP #1863,"SEC HWY 114, I-35",Roanoke,TX,33.021278,-97.230634,2.9757
69416,CIRCLE K #2740541,HWY 90,Roans Prairie,TX,30.625533,-95.990665,3.0723
71650,ALLSUPS CONVENIENCE STORE #2405,SR-208 & SR-158,Robert Lee,TX,31.878173,-100.507787,3.2657
63721,ROAD RUNNER TRAVEL CENTER,I-69E/US-77 & CR-892,Robstown,TX,27.810075,-97.698496,3.349
65738,CIRCLE K #2741499,SR-35 & FM-1069,Rockport,TX,27.982534,-97.065754,2.8057
65860,LOVES TRAVEL STOPS #283,"E I-30 & FM 549, EXIT 70",Rockwall,TX,32.911771,-96.374458,3.049
71865,RACETRAC #574,"I-30, EXIT 68",Rockwall,TX,32.905617,-96.413523,2.924
6370,TA ROCKWALL TRAVEL CENTER,"I-30/US-67, EXIT 68 & SR-205",Rockwall,TX,32.888935,-96.381726,3.1373
66461,YESWAY #1167,US-62 & CR-41/CR-168,Ropesville,TX,33.453995,-102.184745,3.0407
1644,ALLSUPS CONVENIENCE STORE #2414,"I-20, EXIT 235",Roscoe,TX,32.421211,-100.506713,2.929
66689,ROSCOE TRAVEL PLAZA,"I-20, EXIT 235",Roscoe,TX,32.393256,-100.507625,2.759
66637,BERKLYS TRAVEL CENTER,US-281,Round Mountain,TX,30.448796,-98.476094,3.3157
2557,PWI #106,"I-30, EXIT 77B",Royse City,TX,32.936705,-96.398795,2.899
72817,QUIKTRIP #4174,I-35 Exit 285,Salado,TX,30.936385,-97.571266,2.9157
71360,ALLSUPS CONVENIENCE STORE #2353,US-76/US-277,San Angelo,TX,31.460196,-100.483501,3.1957
70460,ALLSUPS CONVENIENCE STORE #2371,US-87,San Angelo,TX,31.484313,-100.498997,3.2057
71715,Allsups Convenience Store #2401,US-87,San Angelo,TX,31.494165,-100.476342,3.1957
71980,KENT KWIK #433,US-87,San Angelo,TX,31.473716,-100.462285,3.1323
66824,STRIPES #42435,US-87/US-277,San Angelo,TX,31.463817,-100.521456,2.799
1849,Stripes #42457,US-67/US-277,San Angelo,TX,31.439751,-100.478646,3.244
69530,CIRCLE K #2741030,"I-35, EXIT 160",San Antonio,TX,29.46342,-98.572881,2.999
69341,CIRCLE K #2741067,"I-410/US-281, EXIT 41",San Antonio,TX,29.502138,-98.564491,2.899
69558,CIRCLE K #2741070,FM-1560,San Antonio,TX,29.445588,-98.536865,2.914
69772,CIRCLE K #2741825,"I-410, EXIT 2 & FM-2536",San Antonio,TX,29.434321,-98.544036,3.099
69932,CIRCLE K #2741847,SR-16,San Antonio,TX,29.490762,-98.545042,3.0723
66800,CIRCLE K #2743950,I-35,San Antonio,TX,29.444839,-98.554799,2.804
69923,Circle K #2741821,FM 471 & SR 211,San Antonio,TX,29.480019,-98.549629,3.0323
1858,FLYING J TRAVEL PLAZA #737,"I-10, EXIT 583",San Antonio,TX,29.483112,-98.513101,3.224
73012,FUELPORT # 1,FM-143,San Antonio,TX,29.490448,-98.545774,3.049
64409,LONE STAR TRAVEL CENTER,"I-35, EXIT 147",San Antonio,TX,29.484955,-98.536601,3.059
4156,PETRO STOPPING CENTER #305,"I-10, EXIT 582",San Antonio,TX,29.432289,-98.512401,3.2073
68843,PILOT #467,"I-37, EXIT 125",San Antonio,TX,29.486661,-98.518348,3.399
20109,PILOT TRAVEL CENTERS #306,"I-10, EXIT 582",San Antonio,TX,29.473854,-98.558174,3.214
70645,QUIKTRIP #4048,"I-410, EXIT164B",San Antonio,TX,29.481004,-98.522454,2.9657
70691,QUIKTRIP #4049,"I-10/US-90, EXIT 583",San Antonio,TX,29.480317,-98.551409,2.9657
64408,QUIKTRIP #4058,"I-37, EXIT 125 & SR-1604",San Antonio,TX,29.493525,-98.547191,2.9657
71824,QuikTrip #4052,US 181 S,San Antonio,TX,29.502021,-98.513408,2.9223
2074,STRIPES #40522,"I-10, EXIT 550",San Antonio,TX,29.487328,-98.553927,3.059
63813,TA SAN ANTONIO TRAVELCENTER,"I-10 & FOSTER RD, EXIT 583",San Antonio,TX,29.437267,-98.524122,3.2073
69485,7-ELEVEN #41036,US-96,San Augustine,TX,31.531233,-94.168395,3.159
73009,THRIFT BULL TRUCK STOP,SR-103,San Augustine,TX,31.526862,-94.094925,3.499
7066,REFUEL #328,"I-35,  EXIT 204",San Marcos,TX,29.895219,-97.931941,2.999
71919,THE SPORTSMAN 2 TRAVEL PLAZA,I-35 EXIT 480,Sanger,TX,33.342941,-97.167186,2.9757
72268,SHORT STOP,US-67/283,Santa Anna,TX,31.69825,-99.299535,3.499
68424,MAVERICK TRAVEL CENTER,"I-20, EXIT 386/US-281",Santo,TX,32.580361,-98.147339,3.099
68593,ONE9 #1285,"I-20, EXIT 386 & US-281",Santo,TX,32.565566,-98.159543,2.924
69526,STRIPES 7FLEET #42469,"I-20, US-80 EXIT 15A",Santo,TX,32.562098,-98.141278,2.9173
69487,CIRCLE K #2742034,"I-35, EXIT 176",Schertz,TX,29.578,-98.286455,2.794
63126,PWI #120,"I-10, EXIT 593",Schertz,TX,29.596725,-98.309243,2.9257
71638,QUIKTRIP #4032,"I-35, EXIT 176",Schertz,TX,29.597757,-98.285711,2.9157
1874,CIRCLE K #2744529,US-175,Seagoville,TX,32.668457,-96.536648,2.9507
3539,Bigs 211,"I-10, EXIT 620 & SR-123",Seguin,TX,29.561038,-97.930468,3.099
72066,CIRCLE K #2741094,SR-46,Seguin,TX,29.570389,-97.945495,2.959
68301,LOVES TRAVEL STOP #463,I-10 EXIT 604,Seguin,TX,29.554326,-97.976863,3.179
3422,PWI #167,"I-10, EXIT 601",Seguin,TX,29.540566,-97.929774,2.889
71127,QUIKTRIP #4044,"I-10, EXIT 609",Seguin,TX,29.556852,-97.968219,2.9457
72689,ROAD RANGER #285,I-10 EXIT 605,Seguin,TX,29.551776,-97.97245,3.1107
61751,ALLSUPS CONVENIENCE STORE #2264,SR-214,Seminole,TX,32.734068,-102.709159,3.094
72080,Corner Store,US-180/62,Seminole,TX,32.70729,-102.644883,3.129
2076,ALLSUPS CONVENIENCE STORE #2159,US-283 BUS/US-277 BUS & SR-422,Seymour,TX,33.571512,-99.289048,3.299
60565,CEFCO #2006,"I-40, EXIT 163",Shamrock,TX,35.222892,-100.233507,3.099
52656,TRAVELING TIGER CENTER,"I-10, EXIT 87",Sierra Blanca,TX,31.161883,-105.337759,3.1557
71467,ALLSUPS CONVENIENCE STORE #2192,SR-86 & SR-207,Silverton,TX,34.497888,-101.285972,3.159
69974,LOVES TRAVEL STOP #672,US-77BUS & FM-1945,Sinton,TX,28.050496,-97.543414,3.149
72805,Stripes #42242,"SR 181, HWY 188",Sinton,TX,28.071682,-97.52251,3.259
2078,ALLSUPS CONVENIENCE STORE #2366,US-84 & CR-3300,Slaton,TX,33.412707,-101.673936,2.969
71637,HORSESHOE #4,SR-114,Smyer,TX,33.564529,-102.146998,2.959
71336,ALLSUPS CONVENIENCE STORE #2180,US-84 & US-180,Snyder,TX,32.758287,-100.931333,2.9857
71990,Allsups #2418,US-84,Snyder,TX,32.765629,-100.947871,2.9723
72479,CEFCO #2086,US 180 & 84,Snyder,TX,32.77879,-100.892627,2.9657
7051,PILOT #887,US-84 & US-180,Snyder,TX,32.776709,-100.901215,3.2457
72836,QUARLES #54281,SR-208,Snyder,TX,32.738408,-100.956463,3.6657
70337,LOVES TRAVEL STOP #700,I-10 EXIT 404 & SR-467,Sonora,TX,30.523766,-100.606606,3.6473
70238,ROAD RANGER #275,"I-10, EXIT 400 & US-277",Sonora,TX,30.566655,-100.664013,3.549
72150,J AND R MARKET,SR-105 & SR-326,Sour Lake,TX,30.177764,-94.391026,3.159
71903,ALLSUPS #2412,SR 199 W,Springtown,TX,32.93304,-97.703982,2.919
71458,ALLSUPS CONVENIENCE STORE #2082,SR-70,Spur,TX,33.459206,-100.867243,3.199
71468,ALLSUPS CONVENIENCE STORE #2212,SR-6,Stamford,TX,32.982519,-99.750472,3.129
52622,STRIPES 7FLEET #42567,I-20,Stanton,TX,32.152549,-101.828578,3.0157
72298,TARZAN AND JANE,I-20 & SR-137,Stanton,TX,32.170155,-101.817529,3.299
71337,ALLSUPS CONVENIENCE STORE #2229,US-377 & SR-108,Stephenville,TX,32.22143,-98.253016,3.159
71355,ALLSUPS CONVENIENCE STORE #2249,US-377 & US-281,Stephenville,TX,32.216766,-98.22032,3.159
71362,ALLSUPS CONVENIENCE STORE #2359,US-377/US-67 & CR-498,Stephenville,TX,32.201643,-98.212378,3.159
71363,ALLSUPS CONVENIENCE STORE #2360,FM-988 & FM-8,Stephenville,TX,32.259091,-98.196534,3.159
69814,Allsup's #2454,US-87 & SR-163,Sterling City,TX,31.859896,-100.985608,3.224
1888,STRIPES 7FLEET #42449,US-87,Sterling City,TX,31.854934,-101.032537,3.2807
69344,CIRCLE K #2741078,SR-97 & SR-123,Stockdale,TX,29.214257,-97.919159,3.079
70416,ALLSUPS CONVENIENCE STORE #2361,US-54 & US-287,Stratford,TX,36.33762,-102.005054,2.9573
69791,PILOT #1083,US-287 & US-54,Stratford,TX,36.295192,-102.016157,3.499
1889,TOOT N TOTUM #105,US-54 & US-287,Stratford,TX,36.359044,-101.951422,2.9657
71597,Allsups #2380,US-84,Sudan,TX,34.07807,-102.49272,3.199
70318,LOVES TRAVEL STOP #738,"I-30/US-67, EXIT 122 & SR-19/SR-11",Sulphur Springs,TX,33.11566,-95.565121,3.309
63794,PILOT TRAVEL CENTERS #157,"I-30, EXIT 122",Sulphur Springs,TX,33.13621,-95.565828,3.309
71465,ALLSUPS CONVENIENCE STORE #2173,US-20,Sweetwater,TX,32.508919,-100.40584,2.8457
72587,Allsups Convenience #2416,I-20 EXIT 244 AND HWY 70,Sweetwater,TX,32.446193,-100.363276,2.884
68840,LOVES TRAVEL STOP #475,"I-20/US-84, EXIT 242 & FM-142",Sweetwater,TX,32.472487,-100.400759,3.189
7056,TA SWEETWATER TRAVEL CENTER,"I-20, EXIT 242",Sweetwater,TX,32.457478,-100.428507,3.1523
69713,EAGLE #56,"I-45, Exit 189",Teague,TX,31.626618,-96.287472,3.4823
72496,ROAD RANGER #289,I-45 EXIT 189,Teague,TX,31.648712,-96.275596,3.3957
70765,CEFCO #103,SR-36,Temple,TX,31.059854,-97.348374,2.9657
66259,CEFCO #48,"I-35, EXIT 304",Temple,TX,31.077106,-97.322919,2.9657
71171,TEXSTAR TRAVEL CENTER,I-35 EXIT 302,Temple,TX,31.086679,-97.348788,2.9123
72967,BINKS TENAHA QUICK STOP,US-59/US-84,Tenaha,TX,31.923313,-94.244299,3.059
66383,TENAHA EXPRESS MART,US-96 & US-84,Tenaha,TX,31.929513,-94.234253,3.299
1893,MIKE MCDONALD TRUCK STOP,"I-20, EXIT 509",Terrell,TX,32.720148,-96.321046,2.8707
69228,QUIKTRIP #993,"I-20, EXIT 501 & SR-34",Terrell,TX,32.732406,-96.286662,2.8707
5949,EXXON,US-59 & LOOP 151,Texarkana,TX,33.382722,-94.168794,3.1657
72594,Quiktrip #7900,I-30 & FM-989,Texarkana,TX,33.421563,-94.172309,2.8573
73074,RACETRAC #2641,HWY 59 & FM 989,Texarkana,TX,33.430884,-94.149312,2.8573
71461,ALLSUPS CONVENIENCE STORE #2111,US-87 &,Texline,TX,36.358014,-102.946839,2.9657
1894,CIRCLE K #2741544,"I-37 & SR-72, EXIT 69",Three Rivers,TX,28.460557,-98.164012,3.0657
67336,LOVES TRAVEL STOPS #342,"I-37, EXIT 72 & US-281",Three Rivers,TX,28.49547,-98.199325,3.089
69213,Circle K #2741498,SR-72 & SR-16,Tilden,TX,28.425049,-98.593762,3.199
64420,Valero,US-59 & AT ST-87,Timpson,TX,31.903022,-94.365529,3.059
64421,TXB #17 DBA KWIK CHEK FOOD STORES,SR-121,Trenton,TX,33.413986,-96.356878,3.299
70466,Circle K #2741925,SR-19,Trinity,TX,30.934225,-95.308634,2.899
70106,LOVES TRAVEL STOPS #719,"I-35, EXIT 308",Troy,TX,31.196422,-97.30047,3.159
7746,PILOT TRAVEL CENTER #888,"I-27, EXIT 74",Tulia,TX,34.524863,-101.831562,3.3407
71559,ALLSUPS CONVENIENCE STORE #2228,US-83 & CR-613,Tuscola,TX,32.223551,-99.862998,2.9173
52674,FLYING J TRAVEL PLAZA #738,"I-20/FM707, EXIT 277",Tye,TX,32.432246,-99.85332,3.124
68916,YESWAY #1075,"I-20, EXIT 278",Tye,TX,32.471053,-99.883354,2.8757
1897,YESWAY #1077,"I-20/US-84, EXIT 278",Tye,TX,32.484354,-99.876668,2.8757
68428,STRIPES #40519,US-90/CR-1023,Uvalde,TX,29.233757,-99.816373,3.359
71814,TEX-BEST #531,US-90,Uvalde,TX,29.239713,-99.807591,2.874
509,LOVES TRAVEL STOPS #256,"I-10, EXIT 140B",Van Horn,TX,31.014317,-104.828611,3.649
71897,ONE9 XPRESS FUEL #1349,I-10 EXIT 140B,Van Horn,TX,31.059086,-104.838536,3.459
63563,PILOT TRAVEL CENTERS #209,"I-10, EXIT 140",Van Horn,TX,31.066251,-104.809252,3.659
63736,PLATEAU TRUCK AND AUTO CENTER,"I-10, EXIT 159",Van Horn,TX,31.071109,-104.839077,3.099
7037,SAMS TRUCK STOP,"I-10, EXIT 138",Van Horn,TX,31.008558,-104.839955,3.999
61761,ALLSUPS CONVENIENCE STORE #2304,"I-40, EXIT 36 & US-385",Vega,TX,35.212702,-102.426383,2.999
69541,PILOT #1027,US-385 & CR-E,Vega,TX,35.236782,-102.399182,3.3057
65686,CEFCO #2004,"I-35 , EXIT 499",Vernon,TX,34.119477,-99.297989,2.8607
64422,Chevron,"I-10, EXIT 858",Vidor,TX,30.160737,-94.029212,2.749
1633,7-ELEVEN #36302,"I-35, EXIT 144",Von Ormy,TX,29.267608,-98.664291,3.109
63964,LOVES TRAVEL STOP #242,"I-35 & FISHER RD, EXIT 144",Von Ormy,TX,29.253359,-98.643516,3.167
64423,PILOT #568,"I-35, EXIT 140",Von Ormy,TX,29.248406,-98.643083,3.2107
71227,TEX BEST #529,SR-16 & SR-1604,Von Ormy,TX,29.295991,-98.67447,3.049
61747,TEX-BEST #504,"I-35, EXIT 141",Von Ormy,TX,29.238671,-98.63954,3.1573
72012,CEFCO #108,US-77,Waco,TX,31.523759,-97.15968,2.9923
69137,CIRCLE K #2741564,"I-35/US-77, EXIT 338B",Waco,TX,31.515533,-97.105727,2.889
72016,Cefco #11,US-84,Waco,TX,31.57669,-97.110292,2.9957
64537,FLYING J TRAVEL PLAZA #739,"I-35, EXIT 330B",Waco,TX,31.570669,-97.160975,3.2207
63791,PILOT TRAVEL CENTERS #432,"I-35, EXIT 328",Waco,TX,31.550074,-97.143229,3.2207
71299,QUIKTRIP #7903,"I-35, EXIT 331",Waco,TX,31.54953,-97.104704,2.9557
70242,ROAD RANGER #276,"I-35, EXIT 342A",Waco,TX,31.566072,-97.158844,3.049
71361,ALLSUPS CONVENIENCE STORE #2358,US-277/US-87,Wall,TX,31.337613,-100.29196,3.2057
68907,QUIKTRIP #943,"I-35E, EXIT 405 & US-77",Waxahachie,TX,32.352742,-96.8456,2.8957
69084,TIGER MART #79,SR-287 & FM-664,Waxahachie,TX,32.349415,-96.851229,2.849
63601,PILOT TRAVEL CENTERS #206,"I-20, EXIT 406",Weatherford,TX,32.776849,-97.738649,3.209
69941,QUIKTRIP #949,"I-20 E, EXIT 406",Weatherford,TX,32.742121,-97.776798,2.9173
4806,TRACK AND TRAVEL,"I-20, EXIT 406",Weatherford,TX,32.736814,-97.789931,2.9173
68258,CIRCLE K #2741536,SR-83/CR-1015,Weslaco,TX,26.204295,-98.014321,3.0357
70543,ALLSUPS CONVENIENCE STORE #2078,US-60,White Deer,TX,35.453281,-101.198967,2.969
1905,LUCKY TRUCK STOP,US-82,Whitesboro,TX,33.676201,-96.91292,2.8857
72175,ALLSUPS #2410,"I-35/US-77, EXIT 368 & SR-22",Whitney,TX,31.992467,-97.321741,2.9657
66705,7-ELEVEN,"I-44, EXIT 1/US-287",Wichita Falls,TX,33.899372,-98.516017,2.7607
66865,FLYING J FUEL STOP #741,US-287/US-281/US-82 & SR-473,Wichita Falls,TX,33.919025,-98.53061,3.1257
66817,JOLLY TRUCK STOP,US-82/US-287,Wichita Falls,TX,33.892808,-98.507767,2.899
52469,LOVES TRAVEL STOP #269,US-287/US-82/SR-79 & US-281,Wichita Falls,TX,33.880934,-98.465565,3.123
71936,QUIKTRIP #7907,I-44 EXIT 1D,Wichita Falls,TX,33.927747,-98.495059,2.859
61763,ALLSUPS CONVENIENCE STORE #2283,"I-20, EXIT 73",Wickett,TX,31.578945,-102.976422,2.899
2084,Main Street Market #112,"I-20, EXIT 73",Wickett,TX,31.572069,-102.985725,2.879
63669,One9 #1248,"I-45, EXIT 271",Wilmer,TX,32.600887,-96.672486,2.7557
72136,HANA TRAVEL CENTER,"I-30, EXIT 153 & SR-185",Winfield,TX,33.139442,-95.083106,3.079
71349,ALLSUPS CONVENIENCE STORE #2204,SR-115 & CR-201,Wink,TX,31.741955,-103.158814,3.089
3588,BINGO TRUCK STOP,"I-10, EXIT 829 & SR-124",Winnie,TX,29.829921,-94.321826,2.999
20114,CROSSROADS,"I-10, EXIT 829 & SR-124",Winnie,TX,29.810071,-94.362552,4.249
69322,SHELL SERVICE STATION,"I-10, EXIT 828 & SR-73",Winnie,TX,29.805363,-94.308288,3.2323
69949,THE CROSSING TRAVEL MARK,US-83 & SR-153,Winters,TX,31.94162,-99.92237,3.0407
69996,YESWAY #1078,US-83 & SR-153,Winters,TX,31.993647,-99.946739,2.999
71606,Allsups #2396,HWY 62 82 179,Wolfforth,TX,33.491869,-102.044002,2.9157
69453,7-ELEVEN #41033,US-69,Woodville,TX,30.798925,-94.41392,3.149
69374,7-ELEVEN #40558,SR-6 & CR-185,Woodway,TX,31.491142,-97.235556,2.9857
73071,7-Eleven #42340,SR-340/SR-6,Woodway,TX,31.492576,-97.197636,2.9323
72074,CIRCLE K #2741566,US-84 & FM-2837,Woodway,TX,31.471675,-97.263517,2.999
71912,FUEL CITY WYLIE,SR-78,Wylie,TX,32.989217,-96.511125,2.9657
72682,Maverik #695,I-15 EXIT 276,American Fork,UT,40.390365,-111.755436,3.349
7013,ERNIES TRUCK PLAZA,"I-15, EXIT 112",Beaver,UT,38.301001,-112.593577,3.399
66106,FLYING J TRAVEL PLAZA #509,"I-15, EXIT 112",Beaver,UT,38.319306,-112.642359,3.689
69922,LOVES TRAVEL STOP #686,"I-84/I-15, EXIT 363",Brigham City,UT,41.525666,-112.022533,3.7557
66942,MAVERIK COUNTRY STORE #612,"I-15, EXIT 362",Brigham City,UT,41.496379,-112.032012,3.449
71911,MAVERIK COUNTRY STORE #706,SR-10,Castle Dale,UT,39.235072,-111.002688,3.439
72435,Cedar City Cardlock (Bulk Plant),"I-15, EXIT 59",Cedar City,UT,37.66828,-113.099688,3.459
66912,LOVES TRAVEL STOPS #335,"I-15, EXIT 62 & SR-130",Cedar City,UT,37.639647,-113.101704,3.649
70156,MAVERIK COUNTRY STORE #348,"US-91, SR-130",Cedar City,UT,37.708754,-113.039966,3.4523
71034,MAVERIK COUNTRY STORE #635,I-15 EXIT 57,Cedar City,UT,37.660945,-113.082378,3.4423
1909,RALLYSTOP #1,"I-15, EXIT 62",Cedar City,UT,37.692749,-113.051721,3.459
70650,MAVERIK COUNTRY STORE #581,"I-15 N, EXIT 334 & SR-193",Clearfield,UT,41.113866,-112.053774,3.3357
67789,BEAR RIVER VALLEY CO OP,SR-13/SR-83,Corinne,UT,41.553151,-112.152462,3.419
69695,MAVERIK COUNTRY STORE #488,"I-15/US-89, EXIT 288",Draper,UT,40.535646,-111.865169,3.4457
72507,Golden Gate Fillmore,SR 99,Fillmore,UT,38.954763,-112.341634,3.2973
71487,LOVES TRAVEL STOPS #835,"I-15, EXIT 163 & SR-99",Fillmore,UT,38.996998,-112.310256,3.599
69764,MAVERIK COUNTRY STORE #538,I-15 & SR-99,Fillmore,UT,39.007649,-112.358353,3.3873
66582,PWI #807,"I-15, EXIT 163 & SR-99",Fillmore,UT,38.966578,-112.3554,3.374
1914,LOVES TRAVEL STOP #792,"I-70, EXIT 160",Green River,UT,38.968352,-110.138002,3.709
70793,LOVES TRAVEL STOPS #119,"I-70, EXIT 160",Green River,UT,39.025001,-110.128337,3.299
71712,MAVERIK COUNTRY STORE #693,"I-70, Exit 160 & hwy 191",Green River,UT,38.999526,-110.180222,3.2823
4910,PILOT TRAVEL CENTER #892,"I-70 EXIT 164, & US-50",Green River,UT,38.996112,-110.125868,3.6857
70587,MAVERIK COUNTRY STORE #623,US-89,Gunnison,UT,39.138926,-111.784167,3.419
72045,MAVERIK COUNTRY STORE #710,US-6,Helper,UT,39.676638,-110.885248,3.4457
2087,LWS TRUCK STOP,SR-30,Logan,UT,41.721812,-111.845289,3.4257
69696,MAVERIK COUNTRY STORE #531,"I-80/15, EXIT 305D",Logan,UT,41.739438,-111.813297,3.4307
71982,MAVERIK COUNTRY STORE #665,SR-201,Magna,UT,40.696645,-112.088966,3.399
72437,Tropic Oil,US-191,Moab,UT,38.596449,-109.490643,4.169
69492,GOOD 2 GO #418,"I-15, EXIT 273 & US-54 & US-91",Mona,UT,39.866081,-111.808715,3.429
68977,MAVERIK COUNTRY STORE #444,US-491 & US-666,Monticello,UT,37.892095,-109.338846,3.489
68882,CAPITAL FUELS MYTON,US-40/191,Myton,UT,40.182727,-110.081507,3.5023
52473,FLYING J TRAVEL PLAZA #743,"I-15, EXIT 222",Nephi,UT,39.719466,-111.805724,3.7157
71816,MAVERIK COUNTRY STORE #694,I-15 EXIT 222,Nephi,UT,39.661613,-111.869229,3.4057
8948,PARK N PUMP CIRCLE C,"I-15, EXIT 222",Nephi,UT,39.685988,-111.837161,3.449
63715,FLYING J TRAVEL PLAZA #772,"I-215, EXIT 28",North Salt Lake,UT,40.852332,-111.916128,3.7323
70670,MAVERIK COUNTRY STORE #625,"I-215, EXIT 27 & CR-68",North Salt Lake,UT,40.828685,-111.952252,3.4423
68394,CHEVRON,"I-84, EXIT 343/CR-104",Ogden,UT,41.25808,-112.01966,3.4423
5389,FLYING J TRAVEL PLAZA #744,"I-15, EXIT 343",Ogden,UT,41.241234,-112.025358,3.749
71504,MAVERIK COUNTRY STORE #378,"I-84/I-15, EXIT 346 & SR-126",Ogden,UT,41.221199,-112.013068,3.379
68960,MAVERIK COUNTRY STORE #484,"I-15/84, EXIT 343 & SR-126",Ogden,UT,41.257066,-112.042302,3.3923
69693,MAVERIK COUNTRY STORE #527,"US-89, EXIT 405",Ogden,UT,41.262764,-112.009528,3.439
71244,MAVERIK COUNTRY STORE #644,"I-84/I-15, EXIT 344 & SR-39",Ogden,UT,41.24918,-112.009232,3.3723
71815,MAVERIK COUNTRY STORE #688,I-15 EXIT 339,Ogden,UT,41.255012,-112.032186,3.3857
52230,ONE9 #294,"I-15 & I-84, EXIT 344 SR-39",Ogden,UT,41.235023,-111.97084,3.3257
72910,Ogden Cardlock (Bulk Plant),I-15 EXIT 343,Ogden,UT,41.240567,-112.034868,3.489
71323,MAVERIK COUNTRY STORE #517,SR-114 & E MILL RD,Orem,UT,40.294435,-111.727114,3.4407
1921,BELL TRUCK STOP,"I-80, EXIT 146",Park City,UT,40.680423,-111.493767,3.4523
3593,TA Parowan Travel Center,"I-15, EXIT 78",Parowan,UT,37.85516,-112.800028,3.7057
4560,FAST STOP TRAVEL CENTERS #1109,"I-15, EXIT 392",Plymouth,UT,41.872704,-112.121072,3.5823
2088,FLYING J TRAVEL PLAZA #773,"I-70, EXIT 40",Richfield,UT,38.737536,-112.056433,3.699
70296,MAVERIK COUNTRY STORE #573,SR-68 & SR-154,Riverton,UT,40.47806,-111.93477,3.1357
71065,MAVERIK COUNTRY STORE #429,US-40 & SR-121,Roosevelt,UT,40.29127,-110.006434,3.439
68722,Pilot #140,US-40/US-191,Roosevelt,UT,40.317055,-109.989557,3.759
71062,MAVERIK COUNTRY STORE #637,"I-70, EXIT 56 & US-89",SALINA,UT,38.96661,-111.859288,3.4423
70240,MAVERIK COUNTRY STORE #370,"I-15, EXIT 10",Saint George,UT,37.087967,-113.567123,3.5415
72420,MAVERIK COUNTRY STORE #620,SR-8,Saint George,UT,37.096214,-113.605969,3.4623
52575,PILOT TRAVEL CENTERS #775,"I-15, EXIT 4",Saint George,UT,37.084806,-113.55908,3.6757
69291,LOVES TRAVEL STOP #581,"I-70, EXIT 56 & US-89",Salina,UT,38.929651,-111.891128,3.7057
1923,SCENIC QUIK STOP,"I-70, EXIT 54 & US-89",Salina,UT,38.925684,-111.842392,3.459
72912,Salina Cardlock (Bulk Plant),I-70 EXIT 56,Salina,UT,38.926283,-111.844612,3.449
70478,TA Express Salina,"I-70, EXIT 56",Salina,UT,38.964986,-111.889634,3.649
72034,CHARLIES MARKET,SR-172,Salt Lake City,UT,40.757916,-111.924046,3.459
7018,FLYING J TRAVEL PLAZA #746,"I-15 & I-80 SR 201, EXIT 305",Salt Lake City,UT,40.716815,-111.884405,3.7323
67054,LOVES TRAVEL STOPS #436,"I-80, EXIT 118",Salt Lake City,UT,40.77849,-111.863092,3.649
73100,MAVERIK #747,I-215 Exit 21,Salt Lake City,UT,40.727448,-111.930923,3.3923
68969,MAVERIK COUNTRY STORE #474,"I-80, EXIT 115, CR-154",Salt Lake City,UT,40.729646,-111.867923,3.389
69758,MAVERIK COUNTRY STORE #537,I-215 EXIT 21,Salt Lake City,UT,40.724596,-111.901614,3.3823
70732,MAVERIK COUNTRY STORE #627,I-15 EXIT 303,Salt Lake City,UT,40.750488,-111.885804,3.4423
71191,MAVERIK COUNTRY STORE #631,I-80/5600 WEST,Salt Lake City,UT,40.781382,-111.912019,3.459
71604,MAVERIK COUNTRY STORE #669,"I-80, Exit 113 & SR-172",Salt Lake City,UT,40.793972,-111.911247,3.4457
63599,PWI #978,"I-215, EXIT 21",Salt Lake City,UT,40.728196,-111.91089,3.359
52411,SAPP BROS TRAVEL CENTER,"I-215, EXIT 21",Salt Lake City,UT,40.780469,-111.914942,3.399
69939,MAVERIK COUNTRY STORE #377,"I-15, EXIT 244 & US-6",Santaquin,UT,39.991803,-111.814209,3.4023
67164,FLYING J TRAVEL PLAZA #510,"I-15 , EXIT 188",Scipio,UT,39.265985,-112.107082,3.689
2089,FLYING J TRAVEL PLAZA #774,"I-84, EXIT 7",Snowville,UT,42.004129,-112.724929,3.749
52697,FLYING J TRAVEL PLAZA #747,"I-15, EXIT 261",Springville,UT,40.142463,-111.633276,3.7657
69073,LOVES TRAVEL CENTER #518,"I-15, EXIT 260 & SR-77",Springville,UT,40.149469,-111.623328,3.689
63701,FLYING J TRAVEL PLAZA #742,"I-80, EXIT 98/99",Tooele,UT,40.559583,-112.267066,3.759
7016,TA SALT LAKE CITY TRAVEL CENTER,"I-80, EXIT 99",Tooele,UT,40.529556,-112.282369,3.769
64430,GOLDEN SPIKE TRAVEL PLAZA,"I-15, EXIT 382",Tremonton,UT,41.688591,-112.170798,3.599
71580,MAVERIK COUNTRY STORE #676,"I-15/I-84, EXIT 376 & SR-13",Tremonton,UT,41.728548,-112.186625,3.444
64431,RJS  FUEL STOP,"I-15, EXIT 40",Tremonton,UT,41.707331,-112.153388,3.459
67938,TEXACO,"I-84, EXIT 376",Tremonton,UT,41.7148,-112.209171,3.4557
67871,BASIN MARKET #107,US-40,Vernal,UT,40.44906,-109.578828,3.599
71441,MAVERIK COUNTRY STORE #678,US-191,Vernal,UT,40.438015,-109.584384,3.4423
72488,MAVERIK COUNTRY STORE #657,I-15 Exit 10,Washington,UT,37.132232,-113.529157,3.4257
10024,MILLERS TRAVEL CENTER,US-6 & US-50,Wellington,UT,39.567399,-110.718521,3.659
69694,MAVERIK COUNTRY STORE #533,US-91 & SR-101,Wellsville,UT,41.635501,-111.891864,3.444
6517,HARDYS #5,"I-80, EXIT 4   4",Wendover,UT,40.745701,-114.03626,3.499
67380,MILLERS TRAVEL CENTER,"I-80, EXIT 1",Wendover,UT,40.729703,-114.074789,3.599
71268,MAVERIK COUNTRY STORE #650,SR 85 & W 900 S,West Jordan,UT,40.607347,-112.056059,3.4323
326,FLYING J TRAVEL PLAZA #748,"I-15, EXIT 357",Willard,UT,41.429198,-112.005167,3.749
1931,RBS ONE STOP,"I-15, EXIT 320",Woods Cross,UT,40.88167,-111.913054,3.459
5990,360 TRUCK STOP,US-360,Amelia Court House,VA,37.348714,-77.981743,3.599
70993,QUARLES #4905,I-95 EXIT 89,Ashland,VA,37.704365,-77.461236,3.699
70968,QUARLES #4928,"I-95, EXIT 86A & SR-656",Ashland,VA,37.775577,-77.511557,3.674
66620,Shell,"I-95, EXIT 130",Ashland,VA,37.7679,-77.511482,3.264
7003,TA ASHLAND TRAVEL CENTER,"I-95, EXIT 92 & SR-54",Ashland,VA,37.706439,-77.46486,3.6423
6810,TA RICHMOND,"I-95, EXIT 89 & SR-802",Ashland,VA,37.722736,-77.49539,3.6057
65755,CIRCLE K #2723373,US-11 & SR-622,Atkins,VA,36.890465,-81.364881,3.349
1934,CIRCLE K #2723710,"I-77, EXIT 24",Austinville,VA,36.819977,-80.871002,3.2407
66386,SPEEDWAY #4631,US-220,Bassett,VA,36.790106,-80.038247,3.4157
10030,LOVES TRAVEL STOP #715,I-77 EXIT 58 & SR-666 & US-52,Bastian,VA,37.12418,-81.228184,3.5973
70945,QUARLES #4944,US-17,Bealeton,VA,38.512059,-77.773773,3.759
63740,CIRCLE K #2723478,US-29,Blairs,VA,36.685144,-79.383941,3.439
61799,CIRCLE K #2723712,"I-77, EXIT 52 & US-52/SR-42",Bland,VA,37.174585,-81.038353,3.3757
6999,SIMMONS TRAVEL CENTER,"I-85, EXIT 4 & SR-93/SR-903",Bracey,VA,36.602459,-78.104678,3.099
1936,QUICK STOP MARKET #36,"I-81, EXIT 10 & US-11",Bristol,VA,36.646066,-82.156514,3.399
70897,QUARLES #4302,SR-801 & SR-42,Broadway,VA,38.620327,-78.792979,3.459
72236,ROYAL FARMS #108,US-13,Cape Charles,VA,37.270507,-75.963967,3.4723
70942,QUARLES #4608,SR-657,Chantilly,VA,38.855839,-77.445787,3.659
71002,QUARLES #4922,US-250,Charlottesville,VA,38.079663,-78.571391,3.899
7004,FRANKS TRUCKING CENTER,"I-264, EXIT 13B",Chesapeake,VA,36.709982,-76.267151,3.449
70891,QUARLES #4908,I-64 EXIT 297,Chesapeake,VA,36.698029,-76.199916,3.5257
68227,QUARLES #4914,"I-64 EXIT 297, US-13",Chesapeake,VA,36.746873,-76.209124,3.5257
70995,QUARLES #4910,I-95 EXIT 61B,Chester,VA,37.357171,-77.387001,3.799
63741,SHELL,"I-295, EXIT 15",Chester,VA,37.328207,-77.421335,3.2023
70966,QUARLES #4927,SR-10 & SR-145,Chesterfield,VA,37.426273,-77.59625,3.699
71975,BP,I-81 & SR-177,Christiansburg,VA,37.148743,-80.436714,3.799
63455,FLYING J TRAVEL PLAZA #752,"I-81, EXIT 323",Clear Brook,VA,39.265829,-78.108027,3.659
66547,OLD STONE JIFFY MART,"I-81, EXIT 321",Clear Brook,VA,39.278246,-78.116686,3.599
72262,7-ELEVEN #38855,"I-95, exit 58",Colonial Heights,VA,37.295469,-77.416276,3.509
66898,PILOT TRAVEL CENTERS #384,"I-95, EXIT 58",Colonial Heights,VA,37.262757,-77.370647,3.799
70331,LOVES TRAVEL STOP #707,"I-64, EXIT 21",Covington,VA,37.786428,-80.01669,3.649
65759,XPRESS STOP,US-522 & SR-694,Cross Junction,VA,39.367523,-78.321397,3.3323
70943,QUARLES #4700,US-15BUS/29BUS,Culpeper,VA,38.4744,-78.010563,3.799
70944,QUARLES #4701,US-15 BUS & US-522,Culpeper,VA,38.502434,-77.966626,3.799
64347,PILOT TRAVEL CENTERS #256,"US-58 & US-29, SE QUAD",Danville,VA,36.644627,-79.428397,4.009
64435,SPEEDWAY #4632,US-360/US-58 & SR-1224,Danville,VA,36.587508,-79.43944,4.059
71572,7-ELEVEN #41525,US-460 & SR-630,Disputanta,VA,37.138124,-77.30146,2.999
70159,LOVES TRAVEL STOP #717,US-460 & SR-156,Disputanta,VA,37.120492,-77.262977,3.5623
67106,PILOT TRAVEL CENTER #4656,"I-295, EXIT 3-A & US-460",Disputanta,VA,37.1151,-77.301731,3.5723
72705,SHEETZ #795,US-460 & CR-629,Disputanta,VA,37.185226,-77.287544,2.9823
52335,SHELL,"I-295, EXIT 3",Disputanta,VA,37.171443,-77.272671,3.029
52367,DOSWELL TRUCK STOP,"I-95, EXIT 98 & SR-30",Doswell,VA,37.857594,-77.494103,2.899
71004,QUARLES #4924,US-1 & SR-688,Doswell,VA,37.853051,-77.482432,3.699
69417,LOVLEN FOODS,US-58 & SR-615,Drewryville,VA,36.700743,-77.329345,3.049
1940,7-ELEVEN #40063,"I-81, EXIT 98 & SR-100",Dublin,VA,37.074143,-80.648437,3.199
63615,One9 #1413,"I-81, EXIT 101",Dublin,VA,37.066404,-80.671785,3.2423
67641,DANIEL BOONE TRAVEL CENTER,US-23 /US-421/US-58 & SR-871,Duffield,VA,36.720435,-82.812775,3.5573
67342,One9 #1414,"I-81, EXIT 128",Elliston,VA,37.206476,-80.196603,3.2423
64436,MS 58 PLAZA,"I-95, EXIT 11",Emporia,VA,36.663957,-77.57765,3.1823
4605,PILOT DEALER #898 SADLERS TRUCK STOP,"I-95, EXIT 11B & US-58",Emporia,VA,36.681064,-77.581147,3.799
3767,SIMMONS TRAVEL CENTER,"I-95, EXIT 8 & US-301",Emporia,VA,36.654368,-77.584294,3.099
70905,QUARLES #4401,US-29,Fairfax,VA,38.833335,-77.298123,4.059
68621,CIRCLE K #2723367,"I-77, EXIT 8 & SR-148",Fancy Gap,VA,36.629404,-80.667547,3.2907
61787,DUCK THRU FOOD STORE #5,US-258,Franklin,VA,36.646036,-76.913903,3.499
69185,LOVES TRAVEL STOP #560,US-258 & US-58,Franklin,VA,36.696732,-76.958517,3.889
65761,NEW DIXIE MART #15,US-58 & SR-671,Franklin,VA,36.683433,-76.9281,3.099
6305,I-95 Fuel Stop,"I-95, EXIT 126 & US-17/US-1",Fredericksburg,VA,38.254329,-77.550282,3.264
70892,QUARLES #4001,I-95 EXIT 133,Fredericksburg,VA,38.304793,-77.539748,3.759
70893,QUARLES #4002,"I-95 EXIT 130A, SR-2",Fredericksburg,VA,38.277795,-77.581153,3.759
70947,QUARLES #4946,"I-95, EXIT 130A, SR-3",Fredericksburg,VA,38.297822,-77.556827,3.759
70953,QUARLES #4948,"I-95, EXIT 126, US-1",Fredericksburg,VA,38.300254,-77.513784,3.759
70955,QUARLES #4949,"I-95, EXIT 136, US-1",Fredericksburg,VA,38.276077,-77.52702,3.759
70957,QUARLES #4950,"I-95, EXIT 126A, US-1",Fredericksburg,VA,38.263526,-77.553396,3.759
70958,QUARLES #4951,SR-3,Fredericksburg,VA,38.287138,-77.528767,3.759
10033,SHELL,"I-95, EXIT 133 & US-17 BUS",Fredericksburg,VA,38.238229,-77.56317,3.2557
65762,7-ELEVEN #34516,"I-66, EXIT 6",Front Royal,VA,38.887704,-78.203505,3.5257
70896,QUARLES #4200,US-522,Front Royal,VA,38.889648,-78.178992,3.699
63798,PETRO GLADE SPRING #372,"I-81, EXIT 29",Glade Spring,VA,36.790194,-81.778376,3.5873
70479,CROSSROADS MARKET,US-60 & SR-657,Gladstone,VA,37.563017,-78.854433,3.439
1953,FAS MART #3555,"I-64, EXIT 136 & US-15",Gordonsville,VA,38.157507,-78.156844,3.699
70980,QUARLES #4938,"I-64, EXIT 159 & SR-522",Gum Spring,VA,37.825746,-77.960073,3.699
70988,QUARLES #4909,I-664 EXIT 3,Hampton,VA,37.044452,-76.380464,3.4257
70990,QUARLES #4915,I-664 EXIT 2,Hampton,VA,37.03578,-76.375145,3.4257
5927,HARRISONBURG TRAVEL CENTER,"I-81,  EXIT 243 & US-11",Harrisonburg,VA,38.530352,-78.835936,2.899
68375,PILOT #491,"I-81, EXIT 251 & US-11",Harrisonburg,VA,38.502215,-78.857736,3.659
70898,QUARLES #4303,"I-81 EXIT 243, US-11",Harrisonburg,VA,38.474773,-78.789913,2.899
70983,QUARLES #4943,"I-295, EXIT 22A & SR-5",Henrico,VA,37.528116,-77.318974,3.699
72447,SHEETZ #689,I-64 EXIT 197A  & SR-156,Henrico,VA,37.509102,-77.324793,2.949
6041,COCKERHAM FUEL CENTER #4,"I-77, EXIT 14 & US-58/US-221",Hillsville,VA,36.772426,-80.723537,3.2823
72149,IVOR MART,US-460,Hopewell,VA,37.322975,-77.286227,3.699
66091,KEYSVILLE SAV U TIME,US-360,Keysville,VA,37.032299,-78.463665,3.399
1950,7-ELEVEN #34515,"I-81, EXIT 205",King George,VA,38.297685,-77.131161,3.399
70964,SEALSTON DELI,"I-95, EXIT 130A, SR-3",King George,VA,38.282613,-77.152996,3.499
1944,LOVES TRAVEL STOPS #399,"I-77, EXIT 1 & SR-620",Lambsburg,VA,36.588347,-80.733803,3.589
69865,7-ELEVEN #40036,SR-33 & SR-632,Lanexa,VA,37.437428,-76.863528,3.659
65764,LEESBURG CITGO,US-15,Leesburg,VA,39.02453,-77.582184,3.499
70951,QUARLES #4947,SR-7,Leesburg,VA,39.045324,-77.617576,3.659
4622,TA LEE HI TRAVEL PLAZA,"I-81,  EXIT 195",Lexington,VA,37.802779,-79.459169,3.659
70904,QUARLES #4400,I-95 EXIT 166A,Lorton,VA,38.657071,-77.182745,4.059
72217,PIEDMONT PETROLEUM,US-501,Lynchburg,VA,37.272737,-79.09644,3.459
70902,QUARLES #4309,US-460/29,Lynchburg,VA,37.274624,-79.118945,3.774
3086,SPEEDWAY #4638,US-29,Madison Heights,VA,37.486849,-79.113441,3.4957
70939,QUARLES #4606,SR-234,Manassas,VA,38.77001,-77.515843,3.859
70940,QUARLES #4607,SR-28,Manassas,VA,38.782933,-77.471333,3.859
61796,EXXON,US-220,Martinsville,VA,36.66173,-79.877038,3.375
66915,CIRCLE K #2723716,"I-81, EXIT 84",Max Meadows,VA,36.932339,-80.926597,3.4623
5399,FLYING J TRAVEL PLAZA #750,"I-81 & I-77, EXIT 80",Max Meadows,VA,36.942901,-80.899049,3.549
66024,LOVES TRAVEL STOP #239,"I-81/US-11, EXIT 84 & SR-619",Max Meadows,VA,36.943495,-80.903941,3.545
69740,LOVES TRAVEL STOP #613,"I-81, EXIT 24 & SR-80",Meadowview,VA,36.760261,-81.86274,3.599
70997,QUARLES #4913,SR-76,Midlothian,VA,37.439046,-77.666522,3.699
67766,STOP IN Food Store #8143,US-221/US-460 & SR-607,Montvale,VA,37.390812,-79.710523,3.3657
71951,7-ELEVEN #39448,I-81 & SR-682,Mount Crawford,VA,38.351679,-78.935192,3.3157
63516,SHEETZ #701,"I-81, EXIT 273",Mount Jackson,VA,38.824207,-78.668293,2.874
36,SHENANDOAH TRUCK CENTER,"I-81, EXIT 273 & SR-703/SR-292",Mount Jackson,VA,38.763191,-78.679872,2.899
64451,ROYAL FARMS #79,ST 13,New Church,VA,37.970722,-75.498238,3.339
63697,MILLER MART #40,"I-64, EXIT 255B",Newport News,VA,37.028911,-76.469421,3.3057
70991,QUARLES #4917,I-64 EXIT 255,Newport News,VA,37.086846,-76.454309,3.4107
68989,QUARLES #4907,SR-166,Norfolk,VA,36.897969,-76.175676,3.809
68949,JOES KWIK MARTS #475,US-15 & SR-20,Orange,VA,38.224761,-78.049977,3.3323
63456,SHELL,"I-85, EXIT 61",Petersburg,VA,37.25066,-77.448127,3.2007
70276,STAR EXPRESS #5,US-301 & SR-648,Petersburg,VA,37.205914,-77.477713,3.049
5980,THRIFT MART TRUCK PLAZA,"I-85/US-460, EXIT 63A & US-1/US-460 BUS",Petersburg,VA,37.202061,-77.460353,3.199
2331,PINNERS POINT,SR-135,Portsmouth,VA,36.828107,-76.331293,3.499
70998,QUARLES #4916,I-246 EXIT 6,Portsmouth,VA,36.775098,-76.371595,3.4657
65767,STATELINE FOOD MART #69,US-23,Pound,VA,37.078614,-82.641109,3.599
70970,QUARLES #4931,US-60 & SR-603,Powhatan,VA,37.529103,-77.927332,3.699
70041,LOVES TRAVEL STOP #705,"I-64/SR-33, EXIT 211 & SR-609",Providence Forge,VA,37.470065,-77.005854,3.889
66945,PILOT TRAVEL CENTERS #159,"I-64, EXIT 211",Providence Forge,VA,37.442909,-77.022285,3.899
70982,EXXON/QUARLES #4942,"I-64/33, EXIT 205 & SR-249",Quinton,VA,37.483187,-77.113493,3.509
7005,PETRO STOPPING CENTER,"I-81 & I-64, EXIT 205",Raphine,VA,37.923288,-79.242056,3.659
2182,PILOT TRAVEL CENTER #4649,"I-64 & I-81, EXIT 205",Raphine,VA,37.953193,-79.251798,3.659
67850,SMILEYS FUEL CITY,"I-64/I-81, EXIT 205 & SR-206",Raphine,VA,37.924532,-79.213732,3.539
70987,QUARLES #4902,US-250/33,Richmond,VA,37.407478,-77.468373,3.699
70994,QUARLES #4906,I-95 EXIT 73,Richmond,VA,37.418024,-77.498204,3.699
71001,QUARLES #4921,I-95 EXIT 83B,Richmond,VA,37.438183,-77.499842,3.699
71003,QUARLES #4923,I-95 EXIT 73,Richmond,VA,37.463115,-77.485522,3.699
71005,QUARLES #4925,I-95 EXIT 78,Richmond,VA,37.408746,-77.492677,3.699
71006,QUARLES #4926,I-95 EXIT 79,Richmond,VA,37.460353,-77.492001,3.699
70974,QUARLES #4933,US-60,Richmond,VA,37.462121,-77.47016,3.699
70975,QUARLES #4935,"I-95, EXIT 64 & SR-613",Richmond,VA,37.407245,-77.473325,3.699
71708,QUARLES #4936,I-95 Exit 69,Richmond,VA,37.460944,-77.501993,3.699
71208,RACEWAY #6789,US-301 & SR-150,Richmond,VA,37.415647,-77.454697,3.429
8936,CIRCLE K #107,US-220 & CR-902,Ridgeway,VA,36.552461,-79.873826,3.399
71702,SHOP AND SAVE,US-220 & CR-734,Ridgeway,VA,36.557325,-79.896921,3.909
66869,SPEEDWAY #4630,US-220 BUS & CR-782,Ridgeway,VA,36.622872,-79.835924,3.409
70900,QUARLES #4306,I-81 EXIT 150A,Roanoke,VA,37.315929,-79.883311,3.559
70903,QUARLES #4310,US-11,Roanoke,VA,37.370534,-79.901,3.559
60579,SPEEDWAY #4633,US-220/US-221/US-460,Roanoke,VA,37.314603,-79.874034,3.399
70971,QUARLES #4932,"I-64, EXIT 173 & SR-623",Rockville,VA,37.742944,-77.711064,3.699
4062,DUDLEYS TRUCK STOP RESTAURANT,US-220,Rocky Mount,VA,36.965673,-79.906724,3.299
68927,MARATHON,US-19 & SR-80,Rosedale,VA,36.986044,-81.944014,3.749
70946,QUARLES #4703,US-29 & SR-616,Ruckersville,VA,38.26738,-78.407771,3.699
4933,VILLAGE TRUCK STOP,"I-81, EXIT 18",Rural Retreat,VA,36.867826,-81.305926,3.299
65765,FOSTERS CONVENIENCE STORE,US-29 & SR-685,Rustburg,VA,37.239122,-79.120965,3.599
2917,GOLDYS TRUCK PLAZA,US-29,Rustburg,VA,37.246834,-79.120332,3.519
9959,FLYING J #876,"I-95, EXIT 104",Ruther Glen,VA,37.954229,-77.495614,3.619
52591,FLYING J TRAVEL PLAZA #749,"I-95, EXIT 104",Ruther Glen,VA,37.918925,-77.494223,3.619
2923,LOVES TRAVEL STOPS #435,"I-95, EXIT 104 & SR-207",Ruther Glen,VA,37.948507,-77.47834,3.589
455,MR FUEL #753,"I-95, EXIT 104 & SR-207",Ruther Glen,VA,37.923415,-77.438966,3.2657
70901,QUARLES #4307,"I-81 EXIT 137, US-11/460",Salem,VA,37.310209,-80.066465,3.559
70992,QUARLES #4904,I-64 EXIT 197B,Sandston,VA,37.479056,-77.258411,3.259
70941,QUARLES #4934,US-60,Sandston,VA,37.527693,-77.279499,3.259
66406,LOVES TRAVEL STOPS #317,"I-95, EXIT 4 & SR-629",Skippers,VA,36.614626,-77.620905,3.789
68845,PILOT TRAVEL CENTER #4651,"I-95, EXIT 4",Skippers,VA,36.587876,-77.558405,3.799
64438,PILOT TRAVEL CENTER #4622,US-58,South Boston,VA,36.679609,-78.937402,4.009
68494,LOVES TRAVEL STOPS #469,"I-85, EXIT 15 & US-1",South Hill,VA,36.690364,-78.171165,3.949
66556,PILOT TRAVEL CENTER #899- SLIP IN,I-85,South Hill,VA,36.723989,-78.170595,3.959
70657,INTERFUEL,I-96 EXIT 167,Springfield,VA,38.755438,-77.179782,3.899
70927,QUARLES #4434,SR-617,Springfield,VA,38.815014,-77.164183,4.059
1951,CIRCLE K #2723713,"I-81, EXIT 205",Staunton,VA,38.176104,-79.027862,3.3857
70641,LOVES TRAVEL STOP #706,"I-81/I-64, EXIT 213",Staunton,VA,38.180787,-79.082027,3.649
65862,PILOT TRAVEL CENTERS #396,"I-81, EXIT 213",Staunton,VA,38.171537,-79.094483,3.659
70960,QUARLES #4962,"I-81, EXIT 222, US-250",Staunton,VA,38.148449,-79.047396,2.899
71793,QUARLES #4602,"SR-267, EXIT 8B & SR-606",Sterling,VA,38.998079,-77.460693,3.659
70938,QUARLES #4605,SR-606,Sterling,VA,38.983062,-77.438809,3.659
61804,CARTERS ONE STOP,"I-95 & SR-301, EXIT 31 & SR-40",Stony Creek,VA,36.926957,-77.416246,2.959
6198,DAVIS TRAVEL CENTER #102,"I-95/US-301, EXIT 33 & SR-602",Stony Creek,VA,36.921913,-77.427553,3.0657
72260,Duck Thru #58,US-13 & CR-677,Suffolk,VA,36.890952,-76.541475,3.449
1954,Joe's Kwik Mart #8409,US-58 & CR-645,Suffolk,VA,36.869854,-76.56112,3.0323
64441,MILLER MART #55,US-460 & US-58/US-13,Suffolk,VA,36.878372,-76.5781,3.0923
70162,PILOT #1049,US-58,Suffolk,VA,36.83821,-76.530163,3.899
67109,SPEEDWAY #4676,US-13/SR-32,Suffolk,VA,36.905028,-76.594623,3.799
66139,LOVES TRAVEL STOPS #305,"I-81, EXIT 291 & SR-651",Toms Brook,VA,38.921984,-78.432347,3.649
1956,PILOT TRAVEL CENTER #4642,"I-81, EXIT 291",Toms Brook,VA,38.942446,-78.414618,3.659
61806,LANKFORD TRUCK PLAZA,US-13 & CR-646,Townsend,VA,37.212192,-75.957092,3.399
6150,CIRCLE K #2723707,"I-81,  EXIT 150",Troutville,VA,37.368797,-79.893857,3.0657
5302,ONE9 #258,"I-81, EXIT 150 & US-220 ALT & US-11",Troutville,VA,37.396914,-79.885731,3.0323
70996,QUARLES #4912,I-64 EXIT 136,Troy,VA,37.951867,-78.236034,3.899
4544,BIG CHARLIES TRUCK PLAZA,"I-64, EXIT 282 & US-13",Virginia Beach,VA,36.795689,-76.099389,3.489
70989,QUARLES #4911,I-264 EXIT 19B,Virginia Beach,VA,36.739966,-76.107444,3.5723
62911,DAVIS TRAVEL CENTER #108,"I-85, EXIT 39",Warfield,VA,36.921846,-77.78956,3.099
4628,QUARLES #4601,US-29/US-17/US-15,Warrenton,VA,38.703171,-77.872467,3.3223
70937,QUARLES #4603,US-29/211,Warrenton,VA,38.668243,-77.816747,3.799
63193,Shell,US-29,Warrenton,VA,38.698668,-77.861097,3.2573
70962,QUARLES #4965,"I-295, EXIT 37A, US-360",Warsaw,VA,38.004538,-76.76942,3.759
70899,QUARLES #4304,"I-64 EXIT 96, SR-624",Waynesboro,VA,38.115117,-78.941785,3.799
64455,SPEEDWAY #4648,SR-254,Waynesboro,VA,38.112635,-78.887444,3.959
70930,QUARLES #4504,I-81 EXIT 313A,Winchester,VA,39.165922,-78.268724,3.799
70933,QUARLES #4507,US-11,Winchester,VA,39.16654,-78.25925,3.799
70895,QUARLES #4011/SHELL,I-95 EXIT 118,Woodford,VA,38.066341,-77.476561,2.899
71114,SHEETZ #672,"I-95, EXIT 11B & SR-606",Woodford,VA,38.05598,-77.463353,2.899
68234,CIRCLE K #2723705,"I-81, EXIT 80 & SR-121",Wytheville,VA,36.957277,-81.08834,3.2657
66728,CIRCLE K #2723706,"I-81/US-52, EXIT 72 & I-77, EXIT 41",Wytheville,VA,36.929946,-81.120079,3.349
66908,CIRCLE K #2723708,"I-81, EXIT 77",Wytheville,VA,36.967467,-81.109787,3.3657
2336,FLYING J TRAVEL PLAZA #754,"I-77 & I-81, EXIT 77",Wytheville,VA,36.917323,-81.117218,3.549
65873,PILOT TRAVEL CENTER #4619,"I-81 & I-77, EXIT 77",Wytheville,VA,36.955664,-81.086557,3.5507
1958,SPEEDWAY #4618,"I-81 & I-77, EXIT 77",Wytheville,VA,36.922172,-81.065963,3.4123
5801,TA WYTHEVILLE TRAVEL CENTER,"I-81, EXIT 72 & I-77, EXIT 41",Wytheville,VA,36.978598,-81.094404,3.519
65770,JOLLEY #136,"I-89, EXIT 21",Alburgh,VT,44.617967,-72.965391,3.539
66606,BART INDUSTRIES,"I-91, EXIT 6",Bellows Falls,VT,43.124377,-72.496223,3.709
65771,CITGO,"I-91, EXIT 3 & US-5",Brattleboro,VT,42.875352,-72.584021,3.6723
68235,JOLLEY #113,"I-91, EXIT 28",Derby,VT,44.973893,-72.121008,3.539
68279,MACS MARKET #101,ST 22A,Fair Haven,VT,43.594923,-73.289656,3.599
10020,Maplefields,"US-4, EXIT 2 & SR-22A",Fair Haven,VT,43.651041,-73.260711,3.599
69657,JIFFY MART,US-7 & SR-22A,Ferrisburgh,VT,44.193214,-73.226896,3.599
1960,MAPLEWOOD IRVING,"I-89, EXIT 7",Montpelier,VT,44.225558,-72.592667,3.699
70692,RUTLAND ROUTE 7 IRVING,US-4 & US-7,Rutland,VT,43.593512,-72.969823,3.699
66284,JOLLEY #150,"I-89, EXIT 19",Saint Albans,VT,44.825379,-73.052059,3.539
68364,Maplefields,"I-89, EXIT 19",Saint Albans,VT,44.805657,-73.080164,3.539
71509,MAPLEFIELDS IRVING,I-91 & US-2,Saint Johnsbury,VT,44.418145,-71.979398,3.599
3477,CIRCLE K #4707404,"I-91, EXIT 7",Springfield,VT,43.279337,-72.487025,3.699
69629,SWANTON MOBIL,"I-89, EXIT 21 & SR-78",Swanton,VT,44.88677,-73.152301,3.539
72294,SWANTON SUNOCO,I-89 & SR-78,Swanton,VT,44.921639,-73.100558,3.539
2788,JIFFY MART #451,"I-91, EXIT 17 & SR-302",Wells River,VT,44.187814,-72.052962,3.569
52414,Mobil dba ONE9 #1341,"I-5, EXIT 208",Arlington,WA,48.189032,-122.145934,3.799
70343,PILOT TRAVEL CENTER #1103,"I-5, EXIT 208 & SR-530",Arlington,WA,48.159201,-122.144639,4.559
71138,LUMMI BAY MARKET,"I-5, EXIT 260",Bellingham,WA,48.75945,-122.487672,3.759
72793,TA EXPRESS BLAINE #917,"I-5, Exit 275",Blaine,WA,48.978086,-122.718044,4.139
71798,Space Age #202,"I-5, EXIT 52",Castle Rock,WA,46.315935,-122.949422,3.659
2817,Chevron #382354,"I-5/US-12, EXIT 72",Chehalis,WA,46.605506,-122.928847,4.299
67622,LOVES TRAVEL STOP #454,"I-5/US-12, EXIT 72",Chehalis,WA,46.601841,-122.985507,4.589
52629,LOVES TRAVEL STOP #413,"I-90, EXIT 106 & US-97",Ellensburg,WA,46.973688,-120.508898,3.829
6987,One9 #965,"I-90, EXIT 109 & US-97",Ellensburg,WA,47.022861,-120.510878,3.839
70628,PILOT #1195,"I-90, EXIT 106",Ellensburg,WA,47.031538,-120.520358,3.839
3421,ERNIES TRUCK STOP,"I-5, EXIT 142",Federal Way,WA,47.349967,-122.302123,4.599
64442,PILOT TRUCK STOP #583,"I-5, EXIT 262",Ferndale,WA,48.858092,-122.566275,4.559
68330,SHREES TRUCK STOP,"I-90, EXIT 149 & SR-281",George,WA,47.116633,-119.870236,3.569
68581,CHEVRON #308195,"I-82, EXIT 58/US-12 & SR-223",Granger,WA,46.358095,-120.216537,4.329
52040,REBEL TRUCK STOP,"I-5, EXIT 27",Kalama,WA,45.975073,-122.848634,4.499
3178,ERNIES FUEL STOP #1605,SR-167,Kent,WA,47.411513,-122.220014,4.599
61819,CHEVRON,"I-5, EXIT 36",Longview,WA,46.175153,-122.994355,4.499
1606,DONNAS TRAVEL PLAZA,"I-5, EXIT 202",Marysville,WA,48.045379,-122.145187,4.559
5297,ERNIES TRUCK STOP,"I-90,  EXIT 179 & I-90 BUS/SR-17",Moses Lake,WA,47.163908,-119.267412,3.949
71087,HALF SUN TRAVEL PLAZA,"I-90, EXIT 176",Moses Lake,WA,47.108168,-119.314424,3.569
71607,Loves Travel Stop #827,"I-90, Exit 174",Moses Lake,WA,47.120427,-119.272137,3.889
6275,TA SEATTLE EAST TRAVEL CENTER,"I-90, EXIT 34",North Bend,WA,47.441338,-121.792307,3.859
67060,PILOT TRAVEL CENTERS #151,"I-5, EXIT 99NE",Olympia,WA,47.000727,-122.903455,4.599
63211,OMAK MART,US-97 & SR-215,Omak,WA,48.448717,-119.535768,4.149
6564,FLYING J FRANCHISE #970,US-395,Pasco,WA,46.238669,-119.090495,4.599
71735,Loves Travel Stop #811,US-395,Pasco,WA,46.21144,-119.127467,4.589
69902,MAVERIK COUNTRY STORE #441,"I-182/US-12, EXIT 9",Pasco,WA,46.233473,-119.126773,4.279
586,AMERISTAR TRAVEL PLAZA #120,"I-82, EXIT 80",Prosser,WA,46.259785,-119.731366,4.399
69979,LOVES TRAVEL STOP #681,"I-82/US-12, EXIT 80",Prosser,WA,46.233399,-119.801154,4.589
68991,LOVES TRAVEL STOP #514,"I-90/US-395, EXIT 221 & SR-261",Ritzville,WA,47.137591,-118.376817,3.919
60587,BJS AUTO TRUCK PLAZA,SR-28,Rock Island,WA,47.35712,-120.158794,3.999
69313,PETERSONS DIESEL FUELING,"I-5, EXIT 156",Seattle,WA,47.617996,-122.29149,4.399
71285,Shrees Truck Stop Seattle,SR-509,Seattle,WA,47.615167,-122.338548,3.799
6994,FLYING J FRANCHISE #967,"I-90, EXIT 286",Spokane,WA,47.694992,-117.404737,3.929
73045,MAVERIK #717,US-395,Spokane,WA,47.706167,-117.47297,3.979
70146,MAVERIK COUNTRY STORE #567,"I-90, EXIT 291A",Spokane,WA,47.667804,-117.418202,3.969
71440,MAVERIK COUNTRY STORE #667,"I-90, EXIT 289 & SR-27",Spokane,WA,47.688373,-117.455843,3.969
1976,One9 #963,"I-90, EXIT 276",Spokane,WA,47.663677,-117.427673,3.959
66972,PETRO STOPPING CENTER #339,"I-90, EXIT 272",Spokane,WA,47.635617,-117.439661,3.959
70480,BIG B TRUCK STOP,"I-90, EXIT 321",Sprague,WA,47.352594,-117.952328,3.899
67361,SUMNER TRUCK STOP,SR-167,Sumner,WA,47.102879,-122.124172,4.299
52140,Sinclair,"I-82, EXIT 69",Sunnyside,WA,46.315085,-120.042026,4.599
6986,LOVES TRAVEL STOP #448,"I-5, EXIT 136B, SR-509",Tacoma,WA,47.228596,-122.425371,4.589
68243,PILOT EXPRESS #1173,"I-5, EXIT 135",Tacoma,WA,47.258448,-122.468906,4.599
70612,SHREES TRUCK STOP #2,I-90 EXIT 101,Thorp,WA,47.089862,-120.642644,3.809
1977,GEE CEES TRUCK STOP,"I-5, EXIT 57",Toledo,WA,46.429919,-122.864304,3.839
72345,YAKAMART,US-97,Toppenish,WA,46.392505,-120.318903,3.509
6992,FLYING J #1169,"I-5, EXIT 99",Tumwater,WA,46.982183,-123.05426,4.599
72343,WOLF DEN,US-97,Wapato,WA,46.435779,-120.40192,3.409
4528,WENATCHEE VALLEY TRUCK STOP,US-97 ALT,Wenatchee,WA,47.417363,-120.35595,4.089
5613,CHEVRON #381108,"I-82, EXIT 36",Yakima,WA,46.61525,-120.539051,3.999
72571,MAVERIK #719,I-82 EXIT 33,Yakima,WA,46.578935,-120.520466,3.899
69513,KWIK TRIP #885,WI-29 EXIT 132,Abbotsford,WI,44.982926,-90.338669,3.4523
69484,KWIK TRIP #774,SR-13,Adams,WI,43.915313,-89.797067,3.274
71817,KWIK TRIP #1128,US-12,Altoona,WI,44.777892,-91.43481,3.3323
70277,KWIK TRIP #595,SR-46,Amery,WI,45.321888,-92.411195,3.5607
71498,KWIK TRIP #1143,US HWY 45,Antigo,WI,45.152828,-89.152369,3.5073
61830,APPLETON TRAVEL PLAZA,SR-96,Appleton,WI,44.292994,-88.432908,3.4057
67616,KWIK TRIP #887,"US-41, EXIT 139 & SR-15",Appleton,WI,44.296188,-88.417102,3.3023
64445,KWIK TRIP #413,SR-93 & SR-95,Arcadia,WI,44.242953,-91.473546,3.3157
70098,KWIK TRIP #110,US-2,Ashland,WI,46.534178,-90.770128,3.699
70059,KWIK TRIP #118,US-2 & LAKESHORE DRIVE,Ashland,WI,46.521015,-90.74958,3.699
4008,BALDWIN TRAVEL PLAZA,"I-94, EXIT 19 & US HWY 63",Baldwin,WI,44.988644,-92.386014,3.503
64517,KWIK TRIP #696,"I-94, EXIT 19 & US-63",Baldwin,WI,44.970544,-92.37392,3.574
73084,Kwik Trip #747,I-94 ALT & US-12,Baldwin,WI,44.988718,-92.366366,3.499
69977,KWIK TRIP #855,US-12,Baraboo,WI,43.469041,-89.773839,3.1157
815,Kwik Trip #1508,"US-18/SR-151, EXIT 58",Barneveld,WI,42.981603,-89.907537,3.489
61832,BARRON FARMERS UNION,"US-8, EXIT 53",Barron,WI,45.435897,-91.877248,3.639
73096,KWIK TRIP #748,US 8,Barron,WI,45.432119,-91.874934,3.6473
72812,Kwik Trip #748,US 8,Barron,WI,45.392453,-91.888884,3.664
65789,BEAR CREEK CITGO,US-45 & SR-76/SR-22,Bear Creek,WI,44.497129,-88.76635,3.439
71382,KWIK TRIP #346,US-151 BUS & CR-G/CR-D,Beaver Dam,WI,43.489458,-88.855382,3.1957
5770,Kwik Trip # 1281,"I-43, EXIT 107",Belgium,WI,43.488058,-87.828433,3.2557
72570,Lake View Cheese & Liquor,I-43,Belgium,WI,43.520843,-87.875782,3.2557
71428,KWIK TRIP #1140,SR-69/SR-92 & HWY-CC,Belleville,WI,42.854809,-89.526354,3.604
6981,Kwik Trip #1197,"US-151, EXIT 26",Belmont,WI,42.699812,-90.3629,3.564
71688,KWIK TRIP #1151,"I-90, EXIT 183 & CR-BT",Beloit,WI,42.57615,-89.056635,3.374
7946,PILOT TRAVEL CENTERS #289,"I-90/I-39, EXIT 158 & I-43/SR-81, EXIT 1",Beloit,WI,42.528776,-89.053909,3.799
64446,SPEEDWAY #4293,"I-90 & I-43, EXIT 185A",Beloit,WI,42.599242,-89.092881,3.799
69508,KWIK TRIP #777,SR-49 & CR-F,Berlin,WI,43.947905,-88.933324,3.4257
69237,KWIK TRIP #239,"I-43, EXIT 50 & SR-164",Big Bend,WI,42.889983,-88.237094,3.3323
70083,KWIK TRIP #596,US-14,Black Earth,WI,43.148948,-89.745106,3.444
64671,FLYING J TRAVEL PLAZA #756,"I-94, EXIT 116 & CR-A",Black River Falls,WI,44.318532,-90.870586,3.3823
70067,KWIK TRIP #240,"I-94, EXIT 115 & CR-A",Black River Falls,WI,44.314885,-90.811451,3.3123
20118,KWIK TRIP #648,"I-94, EXIT 116 & SR-54",Black River Falls,WI,44.276883,-90.805033,3.2373
67202,KWIK TRIP #328,US-53 & SR-95,Blair,WI,44.329631,-91.25826,3.2373
1983,KWIK TRIP #427,"US-53, EXIT 110 & SR-40",Bloomer,WI,45.130576,-91.515453,3.4157
64447,KWIK TRIP #621,"SR-29/SR-55, EXIT 234 & SR-47/SR-117",Bonduel,WI,44.673911,-88.492452,3.4573
69173,KWIK TRIP #231,US-61 & SR-310,Boscobel,WI,43.177104,-90.71424,3.474
67233,KWIK TRIP #807,US-10,Brillion,WI,44.205687,-88.060328,3.3657
61835,BRISTOL BP,"I-94, EXIT 345 & US-45",Bristol,WI,42.525782,-88.04054,3.719
70334,KWIK TRIP #1021,SR-11 & CR-E,Brodhead,WI,42.584997,-89.339066,3.4157
71365,COLES BP,SR 49,Brownsville,WI,43.642579,-88.512421,3.099
68466,KWIK TRIP #462,SR-11 & SR-83,Burlington,WI,42.662314,-88.239869,3.274
69935,KWIK TRIP #586,"I-41, EXIT 45",Butler,WI,43.130748,-88.093349,3.474
73098,KWIK TRIP #1269,SR 27,Cadott,WI,44.923048,-91.146412,3.4007
60589,RIVER COUNTRY PLAZA,"SR-29, EXIT 91",Cadott,WI,44.98266,-91.136233,3.3973
70293,KWIK TRIP #922,US-8,Cameron,WI,45.394325,-91.703393,3.664
1985,Camp Douglas BP,"I-90 & I-94, EXIT 55",Camp Douglas,WI,43.96547,-90.215473,3.154
71850,CEDAR GROVE OASIS,"I-43, Exit 113",Cedar Grove,WI,43.560701,-87.837668,3.239
67630,KWIK TRIP #630,US-151/SR-32/SR-57,Chilton,WI,43.995544,-88.213353,3.3657
72580,KWIK TRIP #1267,SR 29,Chippewa Falls,WI,44.949541,-91.39779,3.3923
67206,KWIK TRIP #352,US-53,Chippewa Falls,WI,44.898477,-91.406811,3.4073
68386,KWIK TRIP #884,US-45 & SR-22,Clintonville,WI,44.602602,-88.780524,3.559
71689,KWIK TRIP #1108,"I-41/US-45, EXIT 52 & SR-164",Colgate,WI,43.239443,-88.211626,3.2473
67149,HOOPS TRAVEL CENTER,I-39 & SR-21,Coloma,WI,44.008433,-89.506811,3.1823
67113,COLUMBUS WEST TRAVEL CENTER,"US-151, EXIT 118",Columbus,WI,43.369517,-89.040009,3.119
70885,KWIK TRIP #1061,CR-CE & CR-HH,Combined Locks,WI,44.28531,-88.279366,3.549
70282,PLEASANT SPRINGS TRAVEL,"I-39, EXIT 147 & CR-N",Cottage Grove,WI,43.078567,-89.172279,3.3907
66035,ROAD RANGER #136,"I-90, EXIT 147",Cottage Grove,WI,43.087755,-89.168671,3.544
71322,KWIK TRIP #1101,US-141,Crivitz,WI,45.280153,-88.095601,3.304
70075,KWIK TRIP #815,US-63 & SR-48,Cumberland,WI,45.523242,-92.057229,3.624
66290,ABBYLAND TRUCK STOP,"SR-29, EXIT 127",Curtiss,WI,44.996695,-90.464657,3.4623
71717,Kwik Trip #1199,US-14,Darien,WI,42.569142,-88.767726,3.199
60590,DARLINGTON MINI MART,SR-23 & SR-81,Darlington,WI,42.719563,-90.148981,3.399
70050,KWIK TRIP #124,US-51,De Forest,WI,44.230651,-89.579315,3.2357
70111,KWIK TRIP #557,"I-39, EXIT 126 & CR-V",De Forest,WI,44.306676,-89.611324,3.3107
6980,TA MADISON TRAVEL CENTER,"I-90/I-94/I-39, EXIT 132 & US-51",De Forest,WI,44.265985,-89.641083,3.839
6975,TRUCKERS INN STOP,"I-90/I-94, EXIT 132 & US-51",De Forest,WI,44.272007,-89.616995,3.199
71701,CIRCLE K #2746510,SR 32,De Pere,WI,44.45077,-88.086313,3.349
67350,DE PERE SUPER STORE,US-41,De Pere,WI,44.464509,-88.118914,3.2557
69905,KWIK TRIP #105,"I-41, EXIT 157",De Pere,WI,44.417857,-88.117473,3.3523
66939,KWIK TRIP #416,SR-172 & CR-GV,De Pere,WI,44.411865,-88.098786,3.3907
70496,KWIK TRIP #1015,"I-43, EXIT 171",Denmark,WI,44.325403,-87.840654,3.3623
71395,KWIK TRIP #340,US-18 & SR-23,Dodgeville,WI,42.957116,-90.134946,3.489
71871,KWIK TRIP #1133,US-10 & SR-85,Durand,WI,44.591558,-91.913153,3.4307
71505,KWIK TRIP #1029,I-43 & SR-20,East Troy,WI,42.790667,-88.396876,3.174
66221,ROAD RANGER #236,"I-43, EXIT 38",East Troy,WI,42.840347,-88.385342,3.0823
69172,KWIK TRIP #210,"US-53, EXIT 90",Eau Claire,WI,44.806503,-91.521299,3.4073
70078,KWIK TRIP #573,I-94 & CR-EE,Eau Claire,WI,44.804091,-91.487436,3.399
71529,Kwik Trip #1161,US-BUS 53,Eau Claire,WI,44.797978,-91.515669,3.4073
65791,EDGAR TRAVEL CENTER,SR-29 & CR-H,Edgar,WI,44.891041,-90.025465,3.559
5247,EDGERTON TRAVEL PLAZA,"I-90, EXIT 160 & US-51",Edgerton,WI,42.816723,-89.093195,3.199
71984,BP,I-43 & SR-11,Elkhorn,WI,42.72606,-88.578772,3.149
70558,LOVES TRAVEL STOP #752,"I-43, EXIT 25 & SR-67",Elkhorn,WI,42.675862,-88.583913,3.2407
70481,GOHL POST BP,"I-39, EXIT 100",Endeavor,WI,43.666013,-89.471788,3.1757
71338,KWIK TRIP #755,US-18,Fennimore,WI,42.993412,-90.664815,3.424
69238,KWIK TRIP #242,"US-41, EXIT 97",Fond Du Lac,WI,43.768036,-88.40882,3.3407
69290,LOVES TRAVEL STOP #587,"I-41/US-45, EXIT 97",Fond Du Lac,WI,43.786562,-88.416557,3.4457
6968,R STORE #4513,US-41,Fond Du Lac,WI,43.734941,-88.429763,3.299
71278,Kwik Trip #1506,SR-26,Fort Atkinson,WI,42.942752,-88.873404,3.5773
67293,KWIK TRIP #367,SR-33/CR-A,Fox Lake,WI,43.593183,-88.923584,3.2457
66935,FRANCIS CREEK TRAVEL PLAZA,SR-41,Francis Creek,WI,44.164681,-87.734426,3.384
52400,PILOT TRAVEL CENTERS #324,"I-94/US-41, EXIT 329",Franksville,WI,42.759007,-87.951059,3.889
20119,FREMONT CITGO,US-10 & SR-110,Fremont,WI,44.22492,-88.838665,3.399
65793,KWIK TRIP #921,SR-13 & SR-21,Friendship,WI,44.003398,-89.781607,3.274
65794,BP,"I-43, EXIT 180",Green Bay,WI,44.50578,-88.008848,3.349
70646,KWIK TRIP #1051,I-43 & CR-N,Green Bay,WI,44.466292,-88.037439,3.4407
71807,KWIK TRIP #1270,SR-172,Green Bay,WI,44.508455,-88.055406,3.2907
69330,KWIK TRIP #292,"I-43, EXIT 183",Green Bay,WI,44.517279,-88.007294,3.3907
70024,KWIK TRIP #827,"I-41, EXIT 167",Green Bay,WI,44.475907,-88.005026,3.499
65796,ADDISON STATION,"I-41/US-41, EXIT 68 & CR-K",Hartford,WI,43.31422,-88.360524,3.149
73125,KWIK TRIP #1283,SR 83 & W CAPITOL DR,Hartland,WI,43.133025,-88.360583,3.749
71381,KWIK TRIP #1112,US-63 & SR-77,Hayward,WI,45.916534,-91.251318,3.639
66612,STOP N GO #1709,"I-94, EXIT 105",Hixton,WI,44.400486,-91.070504,3.2373
71500,KWIK TRIP #1114,SR-35,Holmen,WI,43.984945,-91.229565,3.3307
61843,KWIK TRIP #332,SR-33,Horicon,WI,43.471081,-88.616729,3.2157
67229,KWIK TRIP #740,SR-15,Hortonville,WI,44.336486,-88.639033,3.509
70686,HOLIDAY STATIONSTORE #2746471,US-12,Hudson,WI,44.988913,-92.690501,3.539
6970,TA Twin City East Travel Center,I-94  EXIT 4 & US-12,Hudson,WI,44.952784,-92.68846,3.5473
68924,KWIK TRIP #326,"I-90, EXIT 171 & US-51 & US-14",Janesville,WI,42.725476,-89.034299,3.374
70798,QUICK FUEL #1926,"I-90, EXIT 171B & US-14",Janesville,WI,42.768379,-89.029121,3.399
2623,TA JANESVILLE TRAVEL CENTER,"I-90/I-39, EXIT 171B & US-14",Janesville,WI,42.743005,-89.057199,3.299
71140,BP,"I-94, EXIT 267 & SR-26, EXIT 30",Jefferson,WI,42.985785,-88.773822,3.209
68926,KWIK TRIP #872,SR-26,Jefferson,WI,42.961374,-88.782968,3.3823
68308,PINECONE TRAVEL PLAZA,"I-94, EXIT 267",Johnson Creek,WI,43.065904,-88.814393,3.219
69384,KWIK TRIP #209,"US-41, EXIT 148 & SR-55",Kaukauna,WI,44.330068,-88.23275,3.369
71366,AMOCO,SR 31,Kenosha,WI,42.604424,-87.832024,3.719
67369,KENOSHA TRAVEL PLAZA,"I-94, EXIT 340/US-41 & SR-142",Kenosha,WI,42.582031,-87.79868,3.719
71699,KWIK TRIP #597,"I-94, EXIT 344 & SR-31",Kenosha,WI,42.626701,-87.84083,3.744
65800,BP,US-45,Kewaskum,WI,43.552765,-88.189543,3.219
70761,CASEYS #3841,"US-61, EXIT 5",Kieler,WI,42.57914,-90.589882,3.489
71695,KWIK TRIP #1126,US-14/US-61,La Crosse,WI,43.810667,-91.214766,3.384
67230,KWIK TRIP #750,US-14/US-61/SR-35,La Crosse,WI,43.793779,-91.217744,3.299
67219,KWIK TRIP #455,US-8 & SR-27,Ladysmith,WI,45.462119,-91.117576,3.2723
61849,KWIK TRIP #306,"I-94, EXIT 259 & SR-89",Lake Mills,WI,43.056101,-88.92292,3.4323
5944,LAKE MILLS TRAVEL PLAZA,"I-94, EXIT 259 & SR- 89/CR-G",Lake Mills,WI,43.070665,-88.889212,3.3607
65804,KWIK TRIP #628,US-45,Larsen,WI,44.185209,-88.673581,3.4323
67976,KWIK TRIP #587,US-141 & SR-22,Lena,WI,44.976735,-88.062186,3.2823
70278,KWIK TRIP #923,"I-41, EXIT 146 & CR-N",Little Chute,WI,44.272047,-88.27581,3.269
6976,MOASIS TRUCK CENTER,US-41,Little Chute,WI,44.319285,-88.283915,3.199
65805,HI WAY HOP BP,"I-42/US-41, EXIT 85 & SR-67",Lomira,WI,43.572616,-88.431893,3.099
65806,SHELL,US-41 & SR-67,Lomira,WI,43.606308,-88.467353,3.389
71477,KWIK TRIP #1141,SR 54,Luxemburg,WI,44.581236,-87.731497,3.4823
9553,LYNDON STATION BP,I-90 & 94 EXIT 79,Lyndon Station,WI,43.678662,-89.85986,3.177
70066,KWIK TRIP #957,US-18 & CR-PD,Madison,WI,43.041577,-89.449306,3.604
64508,QUICK FUEL #1150,US-51 & SR-30,Madison,WI,43.103367,-89.388143,3.5757
68956,SPEEDWAY #4533,"US-18/US-12, EXIT 146",Madison,WI,43.068689,-89.448965,3.599
67365,KWIK TRIP #491,US-151,Manitowoc,WI,44.088178,-87.649517,3.3823
71996,BP,"I-43, EXIT 164 & CR-Z",Maribel,WI,44.265623,-87.836541,3.249
2000,RIVER CITY TRAVEL PLAZA,US-41,Marinette,WI,45.074627,-87.639274,3.399
67829,KWIK TRIP #721,SR-19 & SR-73,Marshall,WI,43.1626,-89.076412,3.4973
71316,KWIK TRIP #1084,SR-97,Marshfield,WI,44.698347,-90.165043,3.4757
69873,KWIK TRIP #142,"US-10, EXIT 186 & SR-13",Marshfield,WI,44.67294,-90.191598,3.479
52334,KWIK TRIP #775,"I-90, EXIT 69 & SR-82",Mauston,WI,43.756586,-90.099262,3.2873
9550,Mauston Interstate BP,"I-90/I-94, EXIT 69 & SR-82",Mauston,WI,43.796892,-90.040842,3.2273
63598,PILOT TRAVEL CENTERS #164,"I-90/I-94, EXIT 69 & SR-82",Mauston,WI,43.810175,-90.091716,3.299
71445,SPEEDWAY #1051,I-90 & I-94 Exit 69,Mauston,WI,43.783633,-90.057029,3.299
71331,KWIK TRIP #1106,SR-13 & SR-64,Medford,WI,45.118507,-90.326032,3.4223
68303,KWIK TRIP #351,SR-13 & SR-64,Medford,WI,45.120877,-90.374095,3.4007
69547,KWIK TRIP #297,"US-10, WI-441",Menasha,WI,44.177811,-88.418363,3.4907
66301,KWIK TRIP #743,US-10 & SR-114,Menasha,WI,44.198193,-88.402278,3.5073
69827,KWIK TRIP #164,US-12/SR-29,Menomonie,WI,44.856143,-91.94496,3.499
70576,KWIK TRIP #593,"I-94, EXIT 41 & SR-25",Menomonie,WI,44.834655,-91.945206,3.574
52422,KWIK TRIP #674,"I-94, EXIT 45 & US-12/SR-29",Menomonie,WI,44.871769,-91.921149,3.499
69574,LOVES TRAVEL STOP #622,"I-94, EXIT 45 & CR-B",Menomonie,WI,44.895841,-91.956656,3.579
5729,MENOMONIE FARMERS UNION,"I-94, EXIT 45 & CR-B",Menomonie,WI,44.868414,-91.943025,3.649
69297,KWIK TRIP #241,"US-51, EXIT 208 & SR-64",Merrill,WI,45.176953,-89.66555,3.4073
67209,KWIK TRIP #386,SR-64,Merrill,WI,45.16223,-89.675023,3.499
3093,RSTORE #4488,US-51,Merrill,WI,45.211246,-89.661578,3.2407
70053,KWIK TRIP #964,"US-12, EXIT 250 & CR-M",Middleton,WI,43.094935,-89.491188,3.529
69568,KWIK TRIP #295,SR-26 & SR-59,Milton,WI,42.749027,-88.932861,3.399
70551,KWIK TRIP #1047,SR-100 & SR-59,Milwaukee,WI,43.068329,-87.905423,3.5407
64509,QUICK FUEL #1002,"I-94, EXIT 319",Milwaukee,WI,43.037065,-87.945769,3.7407
63706,QUICK FUEL #1003,"I-41/US-45, EXIT 45 & CR-EE",Milwaukee,WI,43.008759,-87.946098,3.4257
64511,QUICK FUEL #1010,SR-100,Milwaukee,WI,43.033335,-87.923066,3.779
64662,QUICK FUEL #1011,"I-94, EXIT 100",Milwaukee,WI,43.024861,-87.933111,3.5207
69014,SPEEDWAY #4100,"I-94, EXIT 308 & US-41",Milwaukee,WI,43.078291,-87.902274,3.599
69455,SPEEDWAY #4214,"I-45, EXIT 46 & US-100",Milwaukee,WI,43.030525,-87.903437,3.3657
73126,Kwik Trip #1298,US 10,Mondovi,WI,44.47872,-91.704024,3.349
70009,KWIK TRIP #661,SR-69 & BUS-11,Monroe,WI,42.559274,-89.605652,3.3623
71499,KWIK TRIP #1130,US HWY 151/18,Mount Horeb,WI,42.989188,-89.715541,3.589
69505,KWIK TRIP #282,"I-43, EXIT 43 & SR-83",Mukwonago,WI,42.910085,-88.328333,3.3373
65809,KWIK TRIP #399,SR-21 & SR-80,Necedah,WI,44.052497,-90.07476,3.249
70789,7FLEET #46080,"I-41 & US-41, EXIT 133",Neenah,WI,44.154067,-88.454093,3.449
68951,KWIK TRIP #313,US-10 & SR-73,Neillsville,WI,44.517745,-90.606967,3.339
67366,KWIK TRIP #499,"I-43, EXIT 57",New Berlin,WI,42.965438,-88.117061,3.4907
64512,QUICK FUEL #1001,"I-94, EXIT 301",New Berlin,WI,42.952497,-88.194723,3.499
71025,KWIK TRIP #644,SR-57 & SR-32,New Holstein,WI,43.950555,-88.087241,3.3907
65810,HIGHWAY HARRY'S,I-90/I-94 EXIT 61 & SR-80,New Lisbon,WI,43.890571,-90.175739,3.1723
70373,KWIK TRIP #791,US-45 & SR-54,New London,WI,44.361366,-88.772803,3.484
67204,KWIK TRIP #337,SR-65,New Richmond,WI,45.107393,-92.549592,3.499
69506,KWIK TRIP #290,"I-94/US-41, EXIT 321",Oak Creek,WI,42.885803,-87.929604,3.719
67337,KWIK TRIP #422,"I-94, EXIT 322",Oak Creek,WI,42.88303,-87.931158,3.744
70054,KWIK TRIP #976,CR-241 & CR-ZZ,Oak Creek,WI,42.90222,-87.936798,3.579
66295,LOVES TRAVEL STOP #432,"I-94/I-41,  EXIT 322 & SR-100",Oak Creek,WI,42.880492,-87.880848,3.867
1634,PILOT TRAVEL CENTERS #40,"I-94, EXIT 322",Oak Creek,WI,42.882462,-87.926153,3.889
63607,ROAD RANGER #209,"I-90/94,  EXIT 48",Oakdale,WI,43.974463,-90.393844,3.234
71303,KWIK TRIP #1132,SR-21,Omro,WI,43.996486,-88.758596,3.3773
67226,KWIK TRIP #494,US-53 & SR-35,Onalaska,WI,43.918592,-91.244237,3.3357
71812,KWIK TRIP #1198,I-43 & Hwy AA,Oostburg,WI,43.629754,-87.790498,3.2423
71153,KWIK TRIP #1083,SR-35,Osceola,WI,45.282056,-92.731719,3.499
67221,KWIK TRIP #457,"I-41/US-41, EXIT 116 & SR-44/SR-91",Oshkosh,WI,43.990005,-88.529591,3.2907
66352,KWIK TRIP #871,"US-41, EXIT 124 & SR-76",Oshkosh,WI,43.996275,-88.544235,3.2907
52452,PLAINVIEW TRAVEL PLAZA,"US-41, EXIT 113 & SR-26",Oshkosh,WI,44.003701,-88.577369,3.199
63629,SPEEDWAY #4523,"I-94, EXIT 88",Osseo,WI,44.591763,-91.243699,3.5457
52537,TA Express Osseo #431,"I-94, EXIT 88",Osseo,WI,44.597071,-91.242489,3.469
70088,KWIK TRIP #138,SR-13,Park Falls,WI,45.945824,-90.447087,3.1473
67343,EAGLE EXPRESS,US-41,Peshtigo,WI,45.033319,-87.816397,3.399
69804,KWIK TRIP #184,"I-94, EXIT 293",Pewaukee,WI,43.058757,-88.251562,3.449
71109,KWIK TRIP #1067,"SR-13, BETWEEN FAIRWAY & TRINITY DR",Phillips,WI,45.666984,-90.422192,3.3157
65812,PLAINFIELD PLAZA,SR-73 & I-39,Plainfield,WI,44.223939,-89.431937,3.2907
71738,KWIK TRIP #1196,"US-151, EXIT 21",Platteville,WI,42.758937,-90.445711,3.514
64463,KWIK TRIP #202,"I-39/US-51, EXIT 151 & SR-54",Plover,WI,44.417105,-89.569447,3.2657
67334,KWIK TRIP #338,US-51,Plover,WI,44.475235,-89.556457,3.299
68389,WEBERS OF PLYMOUTH,SR-57 N/CR-PP E,Plymouth,WI,43.779167,-87.964171,3.499
67368,KWIK TRIP #653,"I-39, EXIT 87 & US-51/SR-16",Portage,WI,43.575917,-89.492563,3.274
65813,KWIK TRIP #683,"I-39, EXIT 92 & US-51",Portage,WI,43.581142,-89.483112,3.249
6206,PETRO PORTAGE,"I-90 & I-94, EXIT 108-A",Portage,WI,43.581694,-89.443725,3.8073
69854,LOVES TRAVEL STOP #637,"I-39, EXIT 115 & CR-CS",Poynette,WI,43.41332,-89.442097,3.789
5191,NORTH POINT PLAZA,"I-90 & I-94, EXIT 115",Poynette,WI,43.392657,-89.411297,3.1723
68535,CASEYS #3295,SR-35 & SR-27,Prairie Du Chien,WI,43.029864,-91.154945,3.499
65814,Kracheys BP Truck Stop,US-18 & SR-35,Prairie Du Chien,WI,43.080169,-91.136863,3.574
71555,Kwik Trip #307,SR-35/US-18,Prairie Du Chien,WI,43.073733,-91.104389,3.599
70573,KWIK TRIP #1038,US-12,Prairie Du Sac,WI,43.290285,-89.730707,3.484
2340,RSTORE #4478,SR-8 & SR-13,Prentice,WI,45.561034,-90.321635,3.039
70308,KWIK TRIP #946,SR-32,Pulaski,WI,44.631055,-88.225991,3.4573
61862,KWIK TRIP #781,SR-21,Redgranite,WI,44.032488,-89.135795,3.3523
2115,KWIK TRIP #838,SR-23/SR-33,Reedsburg,WI,43.37644,-89.987858,3.194
69848,KWIK TRIP #173,SR-17,Rhinelander,WI,45.708641,-89.357642,3.4523
69174,KWIK TRIP #860,SR-17,Rhinelander,WI,45.677921,-89.39129,3.4523
67223,KWIK TRIP #476,"US-53, EXIT 140",Rice Lake,WI,45.492977,-91.737979,3.4323
6971,KWIK TRIP #1013,"I-41, EXIT 57 & SR-167",Richfield,WI,43.256665,-88.176372,3.3907
6214,PIONEER Travel Plaza,"I-41, EXIT 60 & SR-145",Richfield,WI,43.277967,-88.245486,3.2157
67208,KWIK TRIP #363,US-14 & CR-O,Richland Center,WI,43.371544,-90.398087,3.389
67211,KWIK TRIP #392,SR-49/SR-23,Ripon,WI,43.852439,-88.803539,3.3907
71520,KWIK TRIP #1104,SR-35/65 & SR-29,River Falls,WI,44.891794,-92.639164,3.4057
67358,KWIK TRIP #453,SR-35/SR-65,River Falls,WI,44.890268,-92.616045,3.4473
68625,FLYING J #470 HUDSON,"I-94, EXIT 10 & US-65",Roberts,WI,44.98297,-92.580348,3.559
72711,Kwik Trip #1260,FM 65,Roberts,WI,44.960925,-92.5317,3.424
71772,Kwik Trip #1137,US-8,Saint Croix Falls,WI,45.483731,-92.579929,3.524
70751,CASEYS #3795,"I-43, EXIT 96",Saukville,WI,43.391556,-87.968893,3.289
69684,KWIK TRIP #140,"SR-29, EXIT 177",Schofield,WI,44.870993,-89.562327,3.424
66303,KWIK TRIP #787,US-51 & CR-JJ,Schofield,WI,44.880793,-89.577991,3.4157
69236,KWIK TRIP #225,SR-54/SR-55,Seymour,WI,44.515993,-88.28512,3.3907
71579,KWIK TRIP #1138,SR 28,Sheboygan,WI,43.753232,-87.694066,3.2423
2009,KWIK TRIP #139,"I-43, EXIT 120 & CR-V/CR-OK",Sheboygan,WI,43.701812,-87.688855,3.2907
68653,KWIK TRIP #679,"I-43, EXIT 128 & SR-42",Sheboygan,WI,43.730506,-87.764053,3.2157
69988,LOVES TRAVEL STOP #640,"I-43, EXIT 120 & CR-OK",Sheboygan,WI,43.771319,-87.73392,3.289
70097,KWIK TRIP #112,SR-32 & SR-23,Sheboygan Falls,WI,43.750867,-87.812468,3.2923
68618,MINER TOWNE MART,206 R-11,Shullsburg,WI,42.546815,-90.218986,3.399
71071,KWIK TRIP #1074,SR-35,Somerset,WI,45.127614,-92.671296,3.524
69294,KWIK TRIP #317,"I-90, EXIT 28 & SR-16",Sparta,WI,43.970324,-90.838758,3.2423
61867,KWIK TRIP #318,SR-27 & SR-16/SR-71,Sparta,WI,43.968757,-90.787517,3.3423
72930,SPARTA CO-OP,SR-27,Sparta,WI,43.926126,-90.812778,3.189
66963,SPARTA TRAVEL CENTER,"I-90, EXIT 28",Sparta,WI,43.926364,-90.836911,3.179
67200,KWIK TRIP #319,SR-13,Spencer,WI,44.750947,-90.303997,3.4757
71852,KWIK TRIP #1164,US-63,Spooner,WI,45.859262,-91.909819,3.599
70498,KWIK TRIP #939,"SR-29, EXIT 101",Stanley,WI,44.97792,-90.913901,3.469
63506,KWIK TRIP #342,"I-39, EXIT 159",Stevens Point,WI,44.53732,-89.529943,3.559
68737,KWIK TRIP #691,"I-39, EXIT 161",Stevens Point,WI,44.552031,-89.541293,3.559
69002,KWIK TRIP #863,US-10,Stevens Point,WI,44.553197,-89.54014,3.584
71828,KWIK TRIP #1209,SR-42,Sturgeon Bay,WI,44.80384,-87.354935,3.5823
72749,KWIK TRIP #1282,FM 42 & S Duluth Ave,Sturgeon Bay,WI,44.872895,-87.414528,3.5073
71187,KWIK TRIP #1041,SR-11 & CR-H,Sturtevant,WI,42.682109,-87.91179,3.794
63588,KWIK TRIP #686,"I-94, EXIT 333/US-41 & SR-20",Sturtevant,WI,42.671658,-87.929196,3.769
63246,Petro Stopping Center #368,"I-94, EXIT 333",Sturtevant,WI,42.693264,-87.880586,3.889
63538,SUAMICO CITGO,"US-41/US-141, EXIT 176 & CR-B",Suamico,WI,44.605522,-88.060074,3.269
60601,HOLIDAY STATIONSTORE #2746229,US-53/US-2,Superior,WI,46.726991,-92.106956,3.339
69934,KWIK TRIP #135,SR-35 N,Superior,WI,46.712344,-92.08713,3.499
69235,KWIK TRIP #203,US-2 & SR-35,Superior,WI,46.734951,-92.099387,3.339
2002,KWIK TRIP #222,US-53/US-2,Superior,WI,46.717695,-92.109099,3.339
71155,KWIK TRIP #1124,"SR-16, EXIT 184",Sussex,WI,43.118349,-88.233647,3.3773
72709,KWIK TRIP #1299,FM 164,Sussex,WI,43.168045,-88.265824,3.2857
71556,KWIK TRIP #1167,"HWY 29, EXIT 108",Thorp,WI,44.937486,-90.815903,3.4523
9,KWIK TRIP #796,"I-94, EXIT 143 & US-12 & SR-21",Tomah,WI,43.965802,-90.495443,3.2873
64336,LOVES TRAVEL STOPS #345,I-90/I-94 EXIT 48,Tomah,WI,43.957929,-90.473332,3.289
65817,TREGO TRAVEL CENTER,US-53 & CR-E,Trego,WI,45.914094,-91.81941,3.5823
72122,KWIK TRIP #1115,US-63 & US-8,Turtle Lake,WI,45.405862,-92.183207,3.6557
69901,KWIK TRIP #638,SR-42,Two Rivers,WI,44.18262,-87.583494,3.3907
67220,KWIK TRIP #456,"US-18/151, EXIT 79 & CR-PB",Verona,WI,43.005703,-89.527534,3.579
67367,KWIK TRIP #757,US-14/US-61/SR-27,Viroqua,WI,43.524643,-90.92668,3.359
71110,KWIK TRIP #1121,"I-94 & SR-26, EXIT 267",Watertown,WI,43.271513,-88.684572,3.289
67207,KWIK TRIP #354,SR-26,Watertown,WI,43.273273,-88.686331,3.3723
67364,KWIK TRIP #373,"I-94, EXIT 295",Waukesha,WI,43.028656,-88.190988,3.4573
66615,KWIK TRIP #396,"I-94, EXIT 295",Waukesha,WI,43.01034,-88.210678,3.399
70062,KWIK TRIP #970,SR-164 & SR-59,Waukesha,WI,42.965619,-88.253435,3.5323
64660,QUICK FUEL #1005,SR-59 & SR-164,Waukesha,WI,42.968334,-88.208967,3.623
67656,KWIK TRIP #888,US-10/US-49 & SR-54,Waupaca,WI,44.382277,-89.146837,3.4573
70171,CITGO HERITAGE RIDGE,US-151 & SR-26,Waupun,WI,43.599538,-88.762965,3.1473
70492,KWIK TRIP #1033,US-51 EXIT 191B,Wausau,WI,44.99763,-89.667435,3.454
69043,KWIK TRIP #204,"US-51, EXIT 188",Wausau,WI,44.992725,-89.732953,3.3323
71315,KWIK TRIP #1062,SR-33,West Bend,WI,43.425766,-88.17064,3.5557
65818,KWIK TRIP #1048,"I-90, EXIT 12",West Salem,WI,43.916421,-91.061908,3.3173
61877,CASEYS #3715,SR-59,Whitewater,WI,42.865076,-88.772448,3.299
71521,KWIK TRIP #1065,US-12 & SR-89,Whitewater,WI,42.848909,-88.758664,3.424
71476,KWIK TRIP #493,US HWY 12,Whitewater,WI,42.787267,-88.771101,3.499
4983,KWIK TRIP #603,"I-94, EXIT 28 & SR-128",Wilson,WI,44.911151,-92.169964,3.549
65820,KWIK TRIP #673,"I-90 & SR-19, EXIT 131",Windsor,WI,43.213479,-89.350635,3.254
71447,KWIK TRIP #612,SR-116,Winneconne,WI,44.129058,-88.691854,3.5323
69976,KWIK TRIP #583,"I-94, EXIT 89 & SR-23",Wisconsin Dells,WI,43.646346,-89.793448,3.2373
61880,KWIK TRIP #310,SR-13/SR-73,Wisconsin Rapids,WI,44.368703,-89.842522,3.2623
4977,KWIK TRIP #331,SR-54,Wisconsin Rapids,WI,44.340294,-89.805613,3.2623
61879,KWIK TRIP #347,SR-13,Wisconsin Rapids,WI,44.409432,-89.837165,3.3123
65822,RSTORE #4499,US-45 & SR-29,Wittenberg,WI,44.830815,-89.137333,3.1557
67234,KWIK TRIP #847,SR-33 & SR-82/SR-80,Wonewoc,WI,43.65573,-90.236533,3.499
70082,KWIK TRIP #588,US-51 & SR-70,Woodruff,WI,45.952132,-89.69525,3.0957
20121,GO MART FOOD STORE #50,"I-77/I-64, EXIT 44 & SR-3",Beckley,WV,37.798491,-81.207273,3.599
2020,BFS FOODS #72,"I-68, EXIT 23 & SR-26",Bruceton Mills,WV,39.612249,-79.598294,3.499
71295,MOUNTAINEER MART #33,US-33/119,Buckhannon,WV,38.98462,-80.223542,3.899
6885,GO MART FOOD STORE #31,"I-77, EXIT 95 & SR-61",Charleston,WV,38.353028,-81.596272,3.499
65824,CHANEYS SERVICE STATION,US-30 & SR-2,Chester,WV,40.618223,-80.541979,3.799
68333,GO MART FOOD STORE #106,US-250/US-219/SR-92/SR-55,Elkins,WV,38.928303,-79.8532,3.499
67642,GO MART FOOD STORE #103,SR-16 & CR 50/39,Ellenboro,WV,39.278001,-81.077059,3.699
5085,K AN T TRUCKSTOP,"I-79, EXIT 137 & SR-310",Fairmont,WV,39.489254,-80.21948,3.399
69573,AC & T Falling Waters,"I-81, EXIT 23",Falling Waters,WV,39.560895,-77.880822,3.849
72614,FAST FUEL FOOD STORES,SR-4,Gassaway,WV,38.726131,-80.755745,3.5657
2021,GO MART FOOD STORE #59,"I-64, EXIT 15 & US-60",Huntington,WV,38.408786,-82.421647,3.499
6984,TA HURRICANE TRAVEL CENTER,"I-64, EXIT 39 & SR-34",Hurricane,WV,38.422413,-82.013719,3.6323
70232,RUTTERS #73,"I-81, EXIT 8 & CR-32",Inwood,WV,39.367973,-78.059874,3.659
2022,GO MART FOOD STORE #86,"I-79, EXIT 40 & SR-16",Ivydale,WV,38.550949,-81.023128,3.599
3418,Par Mar Store #164,"I-79, EXIT 105 & CR-7",Jane Lew,WV,39.083599,-80.464783,3.999
72595,CIRCLE K #2654400,SR-115,Kearneysville,WV,39.287914,-77.946891,3.2657
72562,7-ELEVEN #17703,US HWY 11,Martinsburg,WV,39.434992,-77.946052,3.249
70929,QUARLES #4503,US-11,Martinsburg,WV,39.458848,-77.991297,3.959
71664,RUTTERS #95,SR-9,Martinsburg,WV,39.476137,-77.942019,3.999
2756,PAR MAR FOOD STORE #89,"I-77/SR-2, EXIT 170 & SR-14 E",Mineral Wells,WV,39.230111,-81.465227,3.499
72225,SHEETZ #144,US-220 & SR-55,Moorefield,WV,38.970834,-78.973874,3.289
70017,PACIFIC PRIDE,I-79 & US-19,Morgantown,WV,39.592178,-80.015864,3.459
67440,PILOT TRAVEL CENTERS #503,"I-79, EXIT 146 & CR-77",Morgantown,WV,39.593115,-80.002156,4.059
2192,GO MART FOOD STORE #51,US-19/SR-129,Mount Nebo,WV,38.194777,-80.79833,3.599
63754,U SAVE TRAVEL PLAZA,US-19 & SR-129,Mount Nebo,WV,38.193997,-80.8264,3.599
69193,Certified Oil #400305,SR-2 & SR-7,New Martinsville,WV,39.658856,-80.838472,3.3173
63519,PILOT TRAVEL CENTERS #243,"I-64, EXIT 45 & SR-25",Nitro,WV,38.434845,-81.843509,3.6257
66528,GO MART FOOD STORE #99,US-50 & SR-14,Parkersburg,WV,39.2388,-81.535409,3.489
69170,SPEEDWAY #9381,US-50 & SR-14,Parkersburg,WV,39.247228,-81.539538,3.464
71265,U SAVE FOOD STORES 1,SR-39/SR-55,Richwood,WV,38.228225,-80.551977,3.599
1618,GO MART FOOD STORE #33,US-33,Ripley,WV,38.81914,-81.720032,3.499
67160,LOVES TRAVEL STOPS #378,"I-77, EXIT 132",Ripley,WV,38.799107,-81.705228,3.589
69145,SPEEDWAY #9561,"I-77, EXIT 132",Ripley,WV,38.792076,-81.740105,3.499
1859,GO MART FOOD STORE #44,"I-79, EXIT 67 & US-19/SR-4",Sutton,WV,38.66624,-80.655661,3.559
68622,PILOT #474,"I-79, EXIT 67 & SR-19",Sutton,WV,38.629589,-80.670143,3.8657
9528,GO MART FOOD STORE #43,"I-64, EXIT 39 & SR-34",Teays,WV,38.467464,-81.879971,3.499
6869,TA WHEELING TRAVEL CENTER,"I-70, EXIT 11 & CR-41",Valley Grove,WV,40.111989,-80.587056,3.529
65828,PAR MAR FOOD STORE #52,US-50 & CR-50/16,West Union,WV,39.26136,-80.82857,4.099
71888,KJS ALPINE,US HWY 26,Alpine,WY,43.196211,-111.019037,3.799
71436,GOOD 2 GO #213,I-90 EXIT 58 & US-16,Buffalo,WY,44.373373,-106.683598,3.525
66337,ZIP TRIP #60,"I-25, EXIT 299 & US-16/SR-196",Buffalo,WY,44.342659,-106.675029,3.5807
67405,ANTELOPE TRUCK STOP,"I-80, EXIT 386",Burns,WY,41.201609,-104.277927,3.199
52146,FLYING J TRAVEL PLAZA #758,"I-25, EXIT 185 & SR-258",Casper,WY,42.81677,-106.294723,3.999
2030,GHOST TOWN FUEL STOP,US-26/US-20,Casper,WY,42.813244,-106.338872,3.429
69892,MAVERIK COUNTRY STORE #547,US-26,Casper,WY,42.86815,-106.324532,3.1857
7768,BIG D #30,"I-25/US-87, EXIT 9 & I-80, EXIT 359C & I-80 BUS/US-30",Cheyenne,WY,41.112224,-104.835784,3.204
7767,FLYING J TRAVEL PLAZA #759,"I-25, EXIT 7",Cheyenne,WY,41.162872,-104.810866,3.709
6961,LITTLE AMERICA,"I-80, EXIT 358 & I-25, EXIT 9 & US-30",Cheyenne,WY,41.13546,-104.796569,3.709
66054,LOVES TRAVEL STOP #220,"I-25/US-87, EXIT 7 & SR-212",Cheyenne,WY,41.134405,-104.808943,3.709
1445,PILOT TRAVEL CENTERS #402,"I-80, EXIT 367",Cheyenne,WY,41.138091,-104.789801,3.709
3297,SAPP BROS TRAVEL CENTER,"I-80, EXIT 370",Cheyenne,WY,41.109174,-104.785707,3.7007
7959,SPF #45,"I-25/US-87, EXIT 7 & US-212",Cheyenne,WY,41.176117,-104.757946,3.2257
2034,TA CHEYENNE TRAVEL CENTER,"I-80, EXIT 377 & SR-217/CR-140",Cheyenne,WY,41.159043,-104.811704,3.699
63653,FLYING J TRAVEL PLAZA #760,US-30 & SR-232,Cokeville,WY,42.081537,-110.911753,3.899
6850,BROKEN WHEEL TRUCK STOP,"I-25, EXIT 135",Douglas,WY,42.771854,-105.378554,3.759
2040,Fast Stop Travel Centers #1133,"I-25, EXIT 126 & US-18/20",Douglas,WY,42.769124,-105.387639,3.499
6960,FLYING J TRAVEL PLAZA #761,"I-80 & US-189, EXIT 3",Evanston,WY,41.294471,-110.923326,3.699
64478,PILOT TRAVEL CENTERS #141,"I-80, EXIT 6",Evanston,WY,41.223009,-110.971339,3.699
65831,Hat Six Travel Center,"I-25/US-87, EXIT 182 & SR-253/SR-256",Evansville,WY,42.89231,-106.175636,3.999
3592,TA BRIDGER TRAVEL CENTER #188,"I-80, EXIT 30 & CR-202",Fort Bridger,WY,41.329335,-110.357233,3.7157
68306,BIG D #018,SR-387 & SR-59,Gillette,WY,44.302171,-105.490518,3.459
68903,BIG D KWIK SHOP,SR-59,Gillette,WY,44.283012,-105.476507,3.379
72030,CENEX,I-90 & SR-51,Gillette,WY,44.244738,-105.467638,3.489
6547,FLYING J TRAVEL PLAZA #762,"I-90, EXIT 126 & SR-59",Gillette,WY,44.26891,-105.471137,3.899
72869,MAVERIK #738,I-90 EXIT 129,Gillette,WY,44.281087,-105.49982,3.359
69465,MAVERIK COUNTRY STORE #476,US-59,Gillette,WY,44.290117,-105.52573,3.3657
71190,LOVES TRAVEL STOPS #888,"I-80/US-30, EXIT 85 & SR-374",Green River,WY,41.537855,-109.484213,3.589
4700,A C TRUCKSTOP,"I-80, EXIT 290",Laramie,WY,41.455294,-105.800979,3.079
2125,BIG D #44,"I-80, EXIT 311 & SR-130",Laramie,WY,41.414529,-105.822801,3.249
70291,LOVES TRAVEL STOP #723,"I-80, EXIT 310 & CR-322",Laramie,WY,41.433271,-105.826848,3.6157
71327,MAVERIK COUNTRY STORE #668,"I-80, EXIT 313",Laramie,WY,41.421179,-105.776416,3.2457
52235,PETRO STOPPING CENTER #303,"I-80, EXIT 310",Laramie,WY,41.421157,-105.83426,3.5757
52152,PILOT TRAVEL CENTERS #308,"I-80 , EXIT 310",Laramie,WY,41.441441,-105.840322,3.609
6962,LITTLE AMERICA TRAVEL CENTER,"I-80, EXIT 68 & SR-374",Little America,WY,41.578529,-109.822029,3.5257
68549,GOOD 2 GO #212,US-310/SR 789,Lovell,WY,44.843165,-108.392972,3.657
3280,OUTPOST TRUCK STOP,US-85 & US-18/US-20,Lusk,WY,42.756401,-104.479767,3.689
2897,GAS N GO #15,"I-80, EXIT 41",Lyman,WY,41.312157,-110.256985,3.4657
70482,BIG D OIL #19,SR-259 & SR-387,Midwest,WY,43.420838,-106.317657,3.459
2029,HOMAX SERVICE,"I-25, EXIT 188",Mills,WY,42.839766,-106.342465,3.169
186,COFFEE CUP FUEL STOP #5,"I-90, EXIT 154 & US-16",Moorcroft,WY,44.442828,-104.81682,3.239
71232,GATEWAY TRAVEL CENTER,US-16 & US-85,Newcastle,WY,43.826643,-104.217745,3.324
2041,PINE BLUFFS SINCLAIR,"I-80, EXIT 401 & US-30",Pine Bluffs,WY,41.181274,-104.07256,3.699
52212,FLYING J TRAVEL PLAZA #763,"I-80, EXIT 209",Rawlins,WY,41.810025,-107.206103,3.749
72784,Maverik Country Store #724,"I-80/US-30, EXIT 221",Rawlins,WY,41.815444,-107.269728,3.289
6341,TA RAWLINS TRAVEL CENTER,"I-80, EXIT 214",Rawlins,WY,41.832435,-107.257688,3.7223
2626,WEST END SINCLAIR,"I-80, EXIT 211",Rawlins,WY,41.773618,-107.218344,3.319
2638,PIT STOP TRAVEL CENTER,US-789,Riverton,WY,43.058126,-108.192395,4.399
579,FLYING J TRAVEL PLAZA #764,"I-80, EXIT 104 & US-191",Rock Springs,WY,41.602401,-109.236159,3.6707
5996,Fast Stop Travel Centers #1134,"I-80/US-30, EXIT 99 & US-191/SR-373",Rock Springs,WY,41.597843,-109.218035,3.499
73036,Maverik Country Store #741,US-80,Rock Springs,WY,41.603256,-109.255998,3.3073
66804,PWI #586,"I-80, EXIT 104  & US-191",Rock Springs,WY,41.579309,-109.196069,3.199
70160,COMMON CENTS #212,I-90 & SR-337,Sheridan,WY,44.784702,-106.940422,3.5607
71528,GOOD 2 GO #218,I-90 EXIT 25 & US-14,Sheridan,WY,44.787437,-106.974122,3.4423
3580,STINKER I 80 TRAVEL PLAZA,"I-80, EXIT 221 & SR-76",Sinclair,WY,41.788765,-107.129014,3.759
70361,MAVERIK COUNTRY STORE #599,US-89 & CR-122,Thayne,WY,42.943195,-111.000329,3.669
65835,SOUTHSIDE TRAVEL CENTER,US-20/SR-789,Thermopolis,WY,43.754811,-108.387747,3.799
63671,WESTERN TRAVEL TERMINAL,US-26 & US-85,Torrington,WY,42.071868,-104.171223,3.399
66257,LOVES TRAVEL STOP #310,"I-80/US-30, EXIT 173",Wamsutter,WY,41.653515,-108.140694,3.723
2044,One9 #1251,"I-80, EXIT 173",Wamsutter,WY,41.677975,-108.165237,3.499
66717,Fast Stop Travel Centers #1131,"I-25/US-87, EXIT 80",Wheatland,WY,42.015977,-104.937432,3.499
72216,Pit Stop #14,US-20/US-16,Worland,WY,44.043349,-107.943107,3.829
72231,RENO JUNCTION TRAVEL PLAZA,SR-59 & SR-387,Wright,WY,43.719517,-105.469526,3.509
